date,close,log_price,log_return
2010-07-18,0.08584,-2.455270180659694,
2010-07-19,0.0808,-2.5157783134550873,-0.060508132795393355
2010-07-20,0.0747357288135593,-2.593797003820821,-0.07801869036573361
2010-07-21,0.0791928626534191,-2.535869102235014,0.05792790158580674
2010-07-22,0.0584697603740503,-2.839245575074714,-0.30337647283969993
2010-07-23,0.0605928696668615,-2.803578055092627,0.03566751998208728
2010-07-24,0.05454,-2.9088209015646944,-0.10524284647206761
2010-07-25,0.050540618351841,-2.9849779421970335,-0.07615704063233908
2010-07-26,0.056,-2.8824035882469876,0.10257435395004588
2010-07-27,0.058622016364699,-2.836644947076717,0.0457586411702704
2010-07-28,0.0589110987726476,-2.831725771905497,0.0049191751712203136
2010-07-29,0.0699,-2.6606896297423726,0.17103614216312435
2010-07-30,0.064657381648159,-2.738653001656338,-0.0779633719139654
2010-07-31,0.0675457989479836,-2.694949408249611,0.04370359340672714
2010-08-01,0.0611,-2.7952434128045875,-0.10029400455497672
2010-08-02,0.06,-2.8134107167600364,-0.018167303955448855
2010-08-03,0.0600121507890123,-2.8132082241128513,0.00020249264718508186
2010-08-04,0.0570157802454705,-2.8644272030507203,-0.051218978937868975
2010-08-05,0.061,-2.796881414808826,0.06754578824189439
2010-08-06,0.0616713150204559,-2.7859363667026584,0.010945048106167476
2010-08-07,0.0590039450613676,-2.8301509718649034,-0.04421460516224496
2010-08-08,0.0609,-2.7985221042662856,0.03162886759861783
2010-08-09,0.0704,-2.65356201581814,0.14496008844814545
2010-08-10,0.0693387288135593,-2.668751671550367,-0.015189655732227081
2010-08-11,0.067,-2.703062659591171,-0.0343109880408039
2010-08-12,0.07,-2.659260036932778,0.04380262265839319
2010-08-13,0.0645,-2.7410900551804103,-0.08183001824763236
2010-08-14,0.0669964336645237,-2.7031158898955847,0.037974165284825556
2010-08-15,0.0651179322033898,-2.7315553114254585,-0.028439421529873776
2010-08-16,0.0655,-2.7257051363409306,0.005850175084527898
2010-08-17,0.07,-2.659260036932778,0.06644509940815269
2010-08-18,0.068,-2.6882475738060303,-0.028987536873252395
2010-08-19,0.0667,-2.707550326060559,-0.0193027522545286
2010-08-20,0.0655,-2.7257051363409306,-0.01815481028037169
2010-08-21,0.0664,-2.7120582224997487,0.013646913841181885
2010-08-22,0.0659289888953828,-2.719177042006943,-0.007118819507194285
2010-08-23,0.06491,-2.73475358393676,-0.015576541929816834
2010-08-24,0.065,-2.7333680090865,0.0013855748502598075
2010-08-25,0.0648,-2.7364496756239083,-0.0030816665374082675
2010-08-26,0.0640751139684395,-2.747699228061099,-0.011249552437190502
2010-08-27,0.065,-2.7333680090865,0.01433121897459877
2010-08-28,0.0646,-2.739540868193581,-0.006172859107080875
2010-08-29,0.064,-2.7488721956224653,-0.009331327428884428
2010-08-30,0.06497,-2.7338296540896976,0.01504254153276774
2010-08-31,0.06,-2.8134107167600364,-0.07958106267033882
2010-09-01,0.0620248275862069,-2.7802205291549007,0.0331901876051357
2010-09-02,0.0634,-2.758291417538957,0.021929111615943686
2010-09-03,0.06085,-2.799343459548601,-0.04105204200964385
2010-09-04,0.062178275862069,-2.7777496029111153,0.021593856637485587
2010-09-05,0.06165,-2.7862820493717835,-0.008532446460668197
2010-09-06,0.0616,-2.787093408442663,-0.0008113590708793694
2010-09-07,0.0612391180596142,-2.7929691096743072,-0.005875701231644381
2010-09-08,0.061,-2.796881414808826,-0.003912305134518679
2010-09-09,0.0611149707773232,-2.7949984219118535,0.0018829928969723575
2010-09-10,0.0610115242548218,-2.7966925104421856,-0.0016940885303320385
2010-09-11,0.0636208649912332,-2.754813796538018,0.04187871390416742
2010-09-12,0.0615,-2.7887181041696647,-0.033904307631646535
2010-09-13,0.06218,-2.7777218743515295,0.010996229818135195
2010-09-14,0.06199,-2.780782197268309,-0.003060322916779601
2010-09-15,0.0604,-2.8067661740413676,-0.025983976773058526
2010-09-16,0.0619,-2.7822350992915865,0.024531074749781112
2010-09-17,0.0600005260081823,-2.813401949995426,-0.03116685070383962
2010-09-18,0.061,-2.796881414808826,0.016520535186600238
2010-09-19,0.0627,-2.769393831343262,0.027487583465564125
2010-09-20,0.0621017358270018,-2.7789813383077244,-0.009587506964462644
2010-09-21,0.06265,-2.7701915976400597,0.008789740667664692
2010-09-22,0.061881870251315,-2.7825280298924544,-0.012336432252394669
2010-09-23,0.062153512565751,-2.7781479450721758,0.004380084820278629
2010-09-24,0.0622,-2.7774002792370034,0.0007476658351723842
2010-09-25,0.06202,-2.780298365309834,-0.002898086072830708
2010-09-26,0.062,-2.7806208939370456,-0.00032252862721149356
2010-09-27,0.0622004418468732,-2.777393175614755,0.003227718322290407
2010-09-28,0.0619038977206312,-2.782172133250868,-0.004778957636113024
2010-09-29,0.06191,-2.7820735614509964,9.857179987182718e-05
2010-09-30,0.0619,-2.7822350992915865,-0.00016153784059014242
2010-10-01,0.0619733138515488,-2.7810514083442883,0.0011836909472981993
2010-10-02,0.0614,-2.79034544382904,-0.009294035484751717
2010-10-03,0.0610648684979544,-2.795818561837955,-0.005473118008914923
2010-10-04,0.0612944769140853,-2.7920655393799825,0.003753022457972488
2010-10-05,0.0614,-2.79034544382904,0.0017200955509424354
2010-10-06,0.06281,-2.7676409825158474,0.022704461313192592
2010-10-07,0.067,-2.703062659591171,0.06457832292467636
2010-10-08,0.0844531081239041,-2.4715588320964827,0.23150382749468834
2010-10-09,0.0938,-2.366590422969958,0.10496840912652461
2010-10-10,0.0971462010520164,-2.331538207865455,0.03505221510450296
2010-10-11,0.095,-2.353878387381596,-0.022340179516140868
2010-10-12,0.0949,-2.354931573366255,-0.0010531859846589775
2010-10-13,0.104865589129164,-2.2550758523888037,0.09985572097745132
2010-10-14,0.102,-2.282782465697866,-0.027706613309062433
2010-10-15,0.105,-2.2537949288246137,0.028987536873252395
2010-10-16,0.101,-2.2926347621408776,-0.03883983331626384
2010-10-17,0.102,-2.282782465697866,0.009852296443011443
2010-10-18,0.1024,-2.2788685663767296,0.003913899321136505
2010-10-19,0.0975448918760959,-2.3274425774450527,-0.04857401106832304
2010-10-20,0.099,-2.312635428847547,0.014807148597505648
2010-10-21,0.107,-2.234926444520231,0.07770898432731599
2010-10-22,0.1025,-2.277892480403674,-0.042966035883443165
2010-10-23,0.104556424313267,-2.2580284077139336,0.019864072689740553
2010-10-24,0.11501,-2.162736197877647,0.09529220983628672
2010-10-25,0.139118552893045,-1.9724288108515877,0.1903073870260592
2010-10-26,0.151,-1.8904754421672127,0.08195336868437497
2010-10-27,0.1877,-1.672910335389674,0.21756510677753882
2010-10-28,0.1731,-1.7538858167999734,-0.08097548141029942
2010-10-29,0.19,-1.6607312068216509,0.09315460997832248
2010-10-30,0.197610543541789,-1.6214571370868522,0.03927406973479863
2010-10-31,0.1925,-1.647659125254298,-0.02620198816744579
2010-11-01,0.194525061367621,-1.6371942740049814,0.01046485124931662
2010-11-02,0.1938,-1.640928579525471,-0.0037343055204897
2010-11-03,0.1931,-1.6445470895476684,-0.0036185100221972633
2010-11-04,0.229275160724722,-1.4728324215245212,0.17171466802314717
2010-11-05,0.259112413793104,-1.3504932813572081,0.12233914016731307
2010-11-06,0.400982302746932,-0.913837985450117,0.4366552959070912
2010-11-07,0.34,-1.0788096613719298,-0.16497167592181283
2010-11-08,0.243184628872005,-1.4139343345388553,-0.3351246731669255
2010-11-09,0.217272694330801,-1.526602058470523,-0.1126677239316678
2010-11-10,0.229549731151373,-1.471635579486141,0.054966478984382006
2010-11-11,0.2231,-1.5001351775436502,-0.028499598057509123
2010-11-12,0.2682,-1.316022308134559,0.18411286940909122
2010-11-13,0.276,-1.287354413264987,0.028667894869571997
2010-11-14,0.27904,-1.2764001382615222,0.010954275003464797
2010-11-15,0.268464555815313,-1.3150363818836956,-0.03863624362217344
2010-11-16,0.225,-1.491654876777717,-0.17661849489402126
2010-11-17,0.241939333722969,-1.4190682713478824,0.07258660542983453
2010-11-18,0.269057790765634,-1.3128290868941743,0.10623918445370806
2010-11-19,0.27829,-1.2790915435428776,0.03373754335129675
2010-11-20,0.283015964932788,-1.2622519697399999,0.016839573802877705
2010-11-21,0.27675,-1.2846407073933908,-0.02238873765339089
2010-11-22,0.285,-1.2552660987134867,0.029374608679904046
2010-11-23,0.28295,-1.2624850753936043,-0.007218976680117617
2010-11-24,0.282905736411455,-1.2626415237099755,-0.00015644831637118273
2010-11-25,0.28,-1.2729656758128873,-0.010324152102911821
2010-11-26,0.2844,-1.2573735810530513,0.015592094759836028
2010-11-27,0.283,-1.2623083813388996,-0.004934800285848251
2010-11-28,0.271358679135009,-1.3043137939648521,-0.04200541262595259
2010-11-29,0.230559456458212,-1.4672465042189053,-0.1629327102540532
2010-11-30,0.2082,-1.5692561228012685,-0.10200961858236313
2010-12-01,0.2275,-1.480605040591132,0.08865108221013651
2010-12-02,0.255,-1.3664917338237108,0.11411330676742115
2010-12-03,0.251060083576856,-1.3820629916961849,-0.015571257872474042
2010-12-04,0.205000526008182,-1.5847427339534501,-0.20267974225726526
2010-12-05,0.202850017533606,-1.595288402893372,-0.010545668939921926
2010-12-06,0.204,-1.5896352851379207,0.005653117755451298
2010-12-07,0.233420385739334,-1.4549142204445267,0.13472106469339407
2010-12-08,0.2388,-1.4321288974636899,0.022785322980836797
2010-12-09,0.199991694330801,-1.609479441642421,-0.17735054417873108
2010-12-10,0.204,-1.5896352851379207,0.01984415650450022
2010-12-11,0.228,-1.4784096500276962,0.11122563511022454
2010-12-12,0.219853611922852,-1.5147933544575143,-0.03638370442981809
2010-12-13,0.227605236703682,-1.4801425686304932,0.03465078582702108
2010-12-14,0.24669,-1.3996227913312234,0.08051977729926985
2010-12-15,0.24,-1.4271163556401458,-0.02749356430892247
2010-12-16,0.24996,-1.3864543739212563,0.04066198171888957
2010-12-17,0.242655815312683,-1.4161112375714655,-0.029656863650209253
2010-12-18,0.241,-1.422958345491482,-0.006847107920016526
2010-12-19,0.2401,-1.4266997757549296,-0.0037414302634475316
2010-12-20,0.267,-1.3205066205818874,0.10619315517304218
2010-12-21,0.241436002337814,-1.4211508416799696,-0.10064422109808224
2010-12-22,0.25,-1.3862943611198906,0.03485648056007906
2010-12-23,0.249970127995324,-1.3864138562778565,-0.00011949515796594312
2010-12-24,0.248,-1.3943265328171548,-0.00791267653929828
2010-12-25,0.2499,-1.3866944411412303,0.0076320916759244906
2010-12-26,0.264962127410871,-1.3281683786399736,0.05852606250125669
2010-12-27,0.264785388661601,-1.3288356352120771,-0.0006672565721035362
2010-12-28,0.281,-1.2694006096483912,0.05943502556368596
2010-12-29,0.3,-1.2039728043259361,0.06542780532245507
2010-12-30,0.3,-1.2039728043259361,0.0
2010-12-31,0.3,-1.2039728043259361,0.0
2011-01-01,0.3,-1.2039728043259361,0.0
2011-01-02,0.29997,-1.2040728093262694,-0.00010000500033324755
2011-01-03,0.295,-1.2207799226423173,-0.016707113316047906
2011-01-04,0.29895,-1.2074789436552236,0.013300978987093703
2011-01-05,0.298916302162478,-1.2075916706560124,-0.00011272700078879261
2011-01-06,0.298,-1.2106617924767327,-0.0030701218207203063
2011-01-07,0.32,-1.1394342831883648,0.07122750928836785
2011-01-08,0.3229,-1.1304126012179074,0.009021681970457385
2011-01-09,0.323,-1.1301029557594804,0.0003096454584270436
2011-01-10,0.32659,-1.119049717408098,0.011053238351382388
2011-01-11,0.32659,-1.119049717408098,0.0
2011-01-12,0.318799621274109,-1.143192520040092,-0.024142802631994087
2011-01-13,0.3176,-1.1469625496091564,-0.0037700295690643593
2011-01-14,0.399990005844535,-0.9163157175749577,0.23064683203419878
2011-01-15,0.386,-0.9519179095173061,-0.03560219194234848
2011-01-16,0.38679,-0.949873368891281,0.0020445406260251042
2011-01-17,0.3495,-1.0512517173082723,-0.10137834841699123
2011-01-18,0.31299,-1.1615840378341493,-0.11033232052587705
2011-01-19,0.31299,-1.1615840378341493,0.0
2011-01-20,0.39,-0.941608539858445,0.21997549797570437
2011-01-21,0.41991,-0.8677148763814728,0.07389366347697213
2011-01-22,0.44003552893045,-0.8208998077605352,0.04681506862093765
2011-01-23,0.4424,-0.815540828774012,0.005358978986523155
2011-01-24,0.4199,-0.8677386912919894,-0.05219786251797742
2011-01-25,0.41,-0.8915981192837836,-0.02385942799179419
2011-01-26,0.415085129748685,-0.879271647863573,0.012326471420210594
2011-01-27,0.4212,-0.8646474987223166,0.014624149141256426
2011-01-28,0.444484044418469,-0.8108411202439375,0.0538063784783791
2011-01-29,0.439,-0.8232558659069656,-0.012414745663028137
2011-01-30,0.477142033898305,-0.7399410674310265,0.08331479847593914
2011-01-31,0.525136870251315,-0.6440963451276194,0.09584472230340713
2011-02-01,0.707510116890707,-0.3460033500748158,0.29809299505280357
2011-02-02,0.725434821741671,-0.32098404978164646,0.025019300293169344
2011-02-03,0.693898367621274,-0.3654297735491026,-0.04444572376745615
2011-02-04,0.810958971361777,-0.20953781632921634,0.15589195721988627
2011-02-05,0.911671477498539,-0.09247557584442571,0.11706224048479062
2011-02-06,0.898,-0.10758521067993743,-0.015109634835511712
2011-02-07,0.889421369959088,-0.11718417380596823,-0.009598963126030799
2011-02-08,0.918,-0.08555788836164654,0.03162628544432168
2011-02-09,1.01605024547049,0.0159228021367096,0.10148069049835615
2011-02-10,0.979652963179427,-0.020556889237197534,-0.036479691373907136
2011-02-11,1.05406945353594,0.05265834314356662,0.07321523238076416
2011-02-12,1.07870328404442,0.07575965684109383,0.023101313697527208
2011-02-13,1.05,0.04879016416943205,-0.02696949267166178
2011-02-14,1.07001262419638,0.06767044671858917,0.01888028254915712
2011-02-15,1.05,0.04879016416943205,-0.01888028254915712
2011-02-16,1.031687628872,0.031195936039409098,-0.01759422813002295
2011-02-17,1.0399231975453,0.03914686191221095,0.007950925872801853
2011-02-18,0.898955914669784,-0.10652128390004259,-0.14566814581225354
2011-02-19,0.944028116890707,-0.057599328438345344,0.048921955461697246
2011-02-20,0.865,-0.14502577205025774,-0.0874264436119124
2011-02-21,0.835747428404442,-0.1794288306780575,-0.03440305862779977
2011-02-22,0.877041779661017,-0.131200648450465,0.04822818222759251
2011-02-23,0.9,-0.10536051565782628,0.02584013279263872
2011-02-24,0.989095265926359,-0.010964626491493401,0.09439588916633287
2011-02-25,0.914652001753361,-0.08921161200148475,-0.07824698550999135
2011-02-26,0.958,-0.04290750101127655,0.0463041109902082
2011-02-27,0.895033114552893,-0.11089456189130718,-0.06798706088003063
2011-02-28,0.860220923436587,-0.15056603500762192,-0.039671473116314734
2011-03-01,0.921096891876096,-0.08219004535462611,0.06837598965299581
2011-03-02,0.9399,-0.06198179235588136,0.02020825299874475
2011-03-03,0.939073383401519,-0.062861652240125,-0.0008798598842436334
2011-03-04,0.9011,-0.1041390397411454,-0.041277387501020404
2011-03-05,0.90784060666277,-0.09668645911331679,0.007452580627828609
2011-03-06,0.884770973115138,-0.12242645490597749,-0.025739995792660703
2011-03-07,0.877583864406779,-0.1305827562352889,-0.008156301329311402
2011-03-08,0.866071591466979,-0.14378770470614544,-0.013204948470856542
2011-03-09,0.86,-0.15082288973458366,-0.007035185028438223
2011-03-10,0.920670309760374,-0.08265327667177745,0.06816961306280621
2011-03-11,0.88,-0.12783337150988489,-0.045180094838107435
2011-03-12,0.917815513150205,-0.08575887462534737,0.042074496884537516
2011-03-13,0.89249,-0.1137399698729063,-0.02798109524755893
2011-03-14,0.893924922852133,-0.11213348624765215,0.001606483625254146
2011-03-15,0.87224,-0.13669066358401072,-0.024557177336358565
2011-03-16,0.851211665692578,-0.16109445549268991,-0.024403791908679195
2011-03-17,0.82542,-0.1918629312811778,-0.030768475788487876
2011-03-18,0.801959208065459,-0.2206975351704498,-0.028834603889272004
2011-03-19,0.765,-0.2678794451556012,-0.0471819099851514
2011-03-20,0.7415,-0.2990801174041502,-0.031200672248549
2011-03-21,0.75897,-0.2757930280593674,0.023287089344782796
2011-03-22,0.809130292811222,-0.21179532073668733,0.06399770732268006
2011-03-23,0.84971,-0.16286016418229643,0.0489351565543909
2011-03-24,0.872374365867914,-0.13653662854817888,0.026323535634117545
2011-03-25,0.88377,-0.12355843119291605,0.01297819735526283
2011-03-26,0.8552,-0.15641991927130164,-0.032861488078385584
2011-03-27,0.822,-0.1960148839259572,-0.03959496465465556
2011-03-28,0.794740500292227,-0.22973963233944622,-0.03372474841348902
2011-03-29,0.792509941554646,-0.23255022876093429,-0.002810596421488065
2011-03-30,0.789706312098189,-0.2360941594775093,-0.0035439307165750222
2011-03-31,0.78461,-0.24256849993995808,-0.006474340462448769
2011-04-01,0.77411,-0.25604129662728975,-0.013472796687331673
2011-04-02,0.78199,-0.24591332624237483,0.01012797038491492
2011-04-03,0.779,-0.24974423311138874,-0.0038309068690139114
2011-04-04,0.68,-0.3856624808119846,-0.13591824770059588
2011-04-05,0.715691834599649,-0.33450560327339735,0.051156877538587275
2011-04-06,0.74,-0.3011050927839216,0.03340051048947573
2011-04-07,0.7538,-0.28262819814910195,0.018476894634819663
2011-04-08,0.74999,-0.2876954058740039,-0.005067207724901934
2011-04-09,0.734060517241379,-0.30916380520857994,-0.02146839933457606
2011-04-10,0.733156820572765,-0.3103956564955026,-0.0012318512869226583
2011-04-11,0.770113933372297,-0.26121680966164273,0.04917884683385987
2011-04-12,0.861381607831677,-0.14921765807407925,0.11199915158756349
2011-04-13,0.930320058445353,-0.07222660317450208,0.07699105489957717
2011-04-14,0.998629766218586,-0.0013711734101606342,0.07085542976434145
2011-04-15,0.983673136762127,-0.0164616152005146,-0.015090441790353966
2011-04-16,1.04663285797779,0.04557820943524908,0.062039824635763685
2011-04-17,1.09812209789597,0.093601537174601,0.04802332773935192
2011-04-18,1.14943331151373,0.13926904832608564,0.04566751115148464
2011-04-19,1.18516222092344,0.16987966051183104,0.0306106121857454
2011-04-20,1.14212598480421,0.1328914245923424,-0.03698823591948863
2011-04-21,1.20733887200468,0.18841865830717242,0.05552723371483001
2011-04-22,1.40450508182349,0.33968498579946743,0.15126632749229502
2011-04-23,1.82885230099357,0.6036886121805212,0.26400362638105374
2011-04-24,1.63198421975453,0.48979658722711,-0.11389202495341116
2011-04-25,1.56448363530099,0.4475558240535508,-0.04224076317355918
2011-04-26,1.77084089012274,0.57145451293675,0.12389868888319916
2011-04-27,1.9031759585038,0.6435240477829617,0.0720695348462117
2011-04-28,2.28574446580947,0.8266917768889417,0.18316772910598
2011-04-29,2.85060509000585,1.0475312840282505,0.22083950713930878
2011-04-30,3.5,1.252762968495368,0.2052316844671176
2011-05-01,3.0942275534775,1.1295382961424734,-0.12322467235289469
2011-05-02,3.2,1.1631508098056809,0.0336125136632075
2011-05-03,3.36058570368206,1.2121152753557862,0.04896446555010536
2011-05-04,3.40867304734074,1.226323079885288,0.014207804529501766
2011-05-05,3.34373668439509,1.207088949417268,-0.019234130468019917
2011-05-06,3.45507558445354,1.2398443338120437,0.032755384394775655
2011-05-07,3.64126297779077,1.292330593388354,0.05248625957631026
2011-05-08,3.84866837697253,1.3477272123597237,0.055396618971369715
2011-05-09,3.80408958211572,1.3360766938579418,-0.011650518501781892
2011-05-10,5.65166700233781,1.7319505463027922,0.3958738524448504
2011-05-11,5.43975104383402,1.6937332958195481,-0.03821725048324409
2011-05-12,6.3348786943308,1.8460706651021277,0.15233736928257957
2011-05-13,8.13903486732905,2.096671606317673,0.25060094121554544
2011-05-14,7.00724382933957,1.9469444467477925,-0.14972715956988059
2011-05-15,6.92492484453536,1.9351271992398331,-0.011817247507959427
2011-05-16,7.88514074517826,2.0649800699929526,0.12985287075311946
2011-05-17,7.25719954061952,1.9819940162139076,-0.082986053779045
2011-05-18,6.76316336236119,1.9114907336110178,-0.07050328260288974
2011-05-19,6.89014363237873,1.9300919313073719,0.018601197696354044
2011-05-20,5.61809621858562,1.7259928553751223,-0.20409907593224963
2011-05-21,6.08480066744594,1.805793967882547,0.07980111250742472
2011-05-22,6.71195603974284,1.9038904196414963,0.09809645175894932
2011-05-23,7.06525678375219,1.955189361371563,0.05129894173006666
2011-05-24,7.40266058211573,2.001839473715528,0.0466501123439651
2011-05-25,8.56928963705436,2.148184839682258,0.14634536596672998
2011-05-26,8.78215543424898,2.1727218711686156,0.024537031486357552
2011-05-27,8.52865846814728,2.1434320769365756,-0.029289794232040034
2011-05-28,8.34926911981298,2.122174004470421,-0.02125807246615441
2011-05-29,8.40095347223846,2.1283452080074707,0.0061712035370495855
2011-05-30,8.77934246464056,2.1724015147105646,0.044056306703093906
2011-05-31,8.72157642197545,2.165800003918365,-0.006601510792199505
2011-06-01,9.62377723202805,2.2642368312752237,0.09843682735685855
2011-06-02,10.7027602279369,2.3705016734282998,0.10626484215307608
2011-06-03,14.2646467738165,2.657784222621522,0.28728254919322227
2011-06-04,18.3127387258913,2.9075969229184615,0.24981270029693947
2011-06-05,16.5433423962595,2.8059837487605983,-0.1016131741578632
2011-06-06,18.4020986440678,2.9124647148537792,0.10648096609318092
2011-06-07,23.2378784628872,3.1457836396448844,0.23331892479110516
2011-06-08,29.0299213267095,3.3683270679642994,0.22254342831941498
2011-06-09,28.7905440181181,3.360047000524684,-0.00828006743961529
2011-06-10,24.0493992285213,3.1801100161366977,-0.17993698438798633
2011-06-11,14.7497466277031,2.6912259048554485,-0.4888841112812492
2011-06-12,18.8501447311514,2.936520591909711,0.24529468705426227
2011-06-13,19.5423291145529,2.972582836775941,0.03606224486623022
2011-06-14,19.2577355055523,2.9579128244602133,-0.014670012315727732
2011-06-15,19.4641426241964,2.9685739330435856,0.010661108583372325
2011-06-16,17.9293625423729,2.8864397344124124,-0.08213419863117322
2011-06-17,15.4363689129164,2.736726342904969,-0.14971339150744356
2011-06-18,16.8754045353594,2.8258572089370007,0.0891308660320318
2011-06-19,17.5107167913501,2.8628130815735555,0.036955872636554865
2011-06-20,17.5107167913501,2.8628130815735555,0.0
2011-06-21,17.5107167913501,2.8628130815735555,0.0
2011-06-22,17.5107167913501,2.8628130815735555,0.0
2011-06-23,17.5107167913501,2.8628130815735555,0.0
2011-06-24,17.5107167913501,2.8628130815735555,0.0
2011-06-25,17.5107167913501,2.8628130815735555,0.0
2011-06-26,16.3613420157802,2.7949213581147125,-0.06789172345884298
2011-06-27,16.7522858132671,2.8185347154240823,0.023613357309369754
2011-06-28,16.9618353071303,2.830965838372874,0.012431122948791895
2011-06-29,16.8545683179427,2.824621736844706,-0.006344101528168
2011-06-30,16.1852627808299,2.784101123318687,-0.04052061352601921
2011-07-01,15.4203573991818,2.735688545504835,-0.048412577813851776
2011-07-02,15.38284406955,2.7332528669786518,-0.002435678526183427
2011-07-03,15.4575505604909,2.738097593381087,0.004844726402435384
2011-07-04,13.8527968123904,2.6284871481597,-0.1096104452213873
2011-07-05,12.9648177147867,2.562239359099015,-0.06624778906068496
2011-07-06,14.7147835832846,2.688852674359112,0.126613315260097
2011-07-07,14.7972891613092,2.6944439992169475,0.0055913248578356445
2011-07-08,14.2990376969608,2.660192241082699,-0.03425175813424852
2011-07-09,14.3815006697838,2.6659427049692366,0.005750463886537549
2011-07-10,14.6229375511397,2.682591361029069,0.016648656059832234
2011-07-11,14.3101554330801,2.6609694553598313,-0.021621905669237496
2011-07-12,14.0212726215663,2.640575649353283,-0.0203938060065485
2011-07-13,13.9714545225015,2.637016285422491,-0.0035593639307918146
2011-07-14,13.997974547633,2.6389126439797255,0.0018963585572344677
2011-07-15,13.8063904056108,2.625131557848354,-0.013781086131371634
2011-07-16,13.7130792992402,2.618350070779397,-0.006781487068956871
2011-07-17,13.2581353109293,2.5846113497506233,-0.03373872102877362
2011-07-18,13.6305212504383,2.6123114878560196,0.027700138105396288
2011-07-19,13.8247948386908,2.6264637074205868,0.014152219564567137
2011-07-20,13.6783305920514,2.6158128720030227,-0.010650835417564064
2011-07-21,13.6118084418469,2.6109376837984457,-0.004875188204576997
2011-07-22,13.6985473310929,2.6172897929852574,0.006352109186811727
2011-07-23,13.6817183424898,2.616060514137276,-0.0012292788479815187
2011-07-24,13.992515176505,2.6385225563999057,0.022462042262629822
2011-07-25,14.0334253787259,2.641442011052818,0.0029194546529121013
2011-07-26,13.8780323232028,2.630307181571258,-0.011134829481559638
2011-07-27,13.878224755114,2.6303210474113574,1.386584009921421e-05
2011-07-28,13.4915910756867,2.6020666080895314,-0.02825443932182603
2011-07-29,13.5123163901227,2.6036015947229756,0.001534986633444202
2011-07-30,13.5402806738749,2.6056689965067186,0.0020674017837429837
2011-07-31,13.3729061022794,2.5932307274257487,-0.0124382690809699
2011-08-01,13.0191138468732,2.566418573548137,-0.0268121538776116
2011-08-02,12.2141564389246,2.5025956428836973,-0.06382293066443978
2011-08-03,9.28635691350088,2.22854632451502,-0.2740493183686774
2011-08-04,10.7685037481005,2.3766255537639718,0.1480792292489519
2011-08-05,9.73015395967271,2.275229719266224,-0.10139583449774792
2011-08-06,6.964169735827,1.9407783949327262,-0.33445132433349767
2011-08-07,8.50179329222677,2.1402771168001484,0.19949872186742224
2011-08-08,7.77533763793104,2.0509568832228675,-0.08932023357728092
2011-08-09,9.80249948100526,2.2826374022392075,0.23168051901634001
2011-08-10,10.0512531274109,2.307697316026638,0.025059913787430332
2011-08-11,9.43841299473992,2.2447878510605133,-0.0629094649661246
2011-08-12,9.45299328521333,2.246331441109062,0.0015435900485485377
2011-08-13,10.0040247445938,2.3029874864823054,0.056656045373243646
2011-08-14,10.8068207665108,2.380177487239553,0.07719000075724747
2011-08-15,11.1306965499708,2.409706746435304,0.029529259195751223
2011-08-16,10.9919655669199,2.397164602916854,-0.012542143518450288
2011-08-17,10.9639640561075,2.39461390007941,-0.0025507028374436302
2011-08-18,10.8584714558738,2.3849455546800504,-0.00966834539935979
2011-08-19,11.6704730432496,2.4570619804597724,0.072116425779722
2011-08-20,11.4597317393337,2.4388393025775073,-0.01822267788226517
2011-08-21,11.3544813407364,2.429612497784797,-0.009226804792710208
2011-08-22,10.9208958246639,2.390678002177686,-0.03893449560711115
2011-08-23,10.9172450543542,2.3903436540878977,-0.0003343480897881612
2011-08-24,10.870444289889,2.386047573332705,-0.004296080755192833
2011-08-25,9.5460936735827,2.2561320313977733,-0.1299155419349316
2011-08-26,8.12692016306254,2.095182028056338,-0.16095000334143528
2011-08-27,8.59649760666277,2.1513548652693935,0.05617283721305544
2011-08-28,9.03086639976622,2.200648309644257,0.049293444374863604
2011-08-29,8.96115727060199,2.1928993783118482,-0.007748931332408837
2011-08-30,8.80994873816481,2.175881621334657,-0.017017756977191212
2011-08-31,8.19915176446523,2.1040307055616756,-0.07185091577298142
2011-09-01,8.23428166510813,2.1083061303298236,0.004275424768148017
2011-09-02,8.6214244377557,2.154250319023156,0.0459441886933325
2011-09-03,8.44965344067796,2.1341254275905093,-0.02012489143264684
2011-09-04,8.20347060227937,2.104557308908065,-0.029568118682444133
2011-09-05,7.5973325251315,2.027797202147819,-0.07676010676024614
2011-09-06,6.84653002893045,1.9237419588070352,-0.10405524334078375
2011-09-07,7.16297027352426,1.9689247376201093,0.04518277881307409
2011-09-08,6.67818000029223,1.898845495379862,-0.07007924224024742
2011-09-09,4.98677704178843,1.606789817681749,-0.2920556776981129
2011-09-10,4.74284665517242,1.5566375156058576,-0.050152302075891386
2011-09-11,5.85290397253068,1.7669379436360841,0.21030042803022653
2011-09-12,6.09062947223846,1.8067514379958727,0.03981349435978854
2011-09-13,5.80252327703098,1.758292870710495,-0.048458567285377674
2011-09-14,5.59743261016949,1.7223080301453193,-0.0359848405651757
2011-09-15,4.86775518468732,1.5826328831226395,-0.1396751470226798
2011-09-16,4.83116810052601,1.5750882811842435,-0.007544601938396012
2011-09-17,4.775285635301,1.5634537910548179,-0.011634490129425634
2011-09-18,5.23673227819988,1.6556976927761582,0.09224390172134034
2011-09-19,5.52037669199299,1.70844609926375,0.052748406487591826
2011-09-20,6.14666555172414,1.8159097480705395,0.10746364880678949
2011-09-21,5.59706749795441,1.7222427995031857,-0.0936669485673538
2011-09-22,5.47504877673875,1.7002011846562586,-0.022041614846927127
2011-09-23,5.56342141963764,1.7162132822483476,0.016012097592088992
2011-09-24,5.45788968731736,1.6970622108905018,-0.019151071357845773
2011-09-25,5.34115488135593,1.6754418995059772,-0.021620311384524582
2011-09-26,4.87382608123904,1.5838792716035064,-0.09156262790247083
2011-09-27,4.91115779251899,1.5915097169663062,0.007630445362799776
2011-09-28,4.76341532144945,1.5609649154662182,-0.03054480150008798
2011-09-29,4.77766097837522,1.5639510916719435,0.002986176205725277
2011-09-30,5.14368590999416,1.6377699255831957,0.07381883391125221
2011-10-01,5.03407054471069,1.6162289102642564,-0.02154101531893926
2011-10-02,5.00706259672706,1.6108494351124925,-0.005379475151763957
2011-10-03,5.02284486031561,1.6139964784290164,0.003147043316523934
2011-10-04,4.95680562068966,1.6007615051749011,-0.013234973254115268
2011-10-05,4.88506713091759,1.586183027655714,-0.01457847751918706
2011-10-06,4.73016629573349,1.5539603595461828,-0.03222266810953123
2011-10-07,4.27603575686733,1.4530263553512524,-0.10093400419493048
2011-10-08,3.98125299415546,1.3815965924022195,-0.0714297629490328
2011-10-09,4.11163464348334,1.4138206729123919,0.03222408051017234
2011-10-10,4.07496248392753,1.4048615402522948,-0.008959132660097069
2011-10-11,4.00892449590883,1.3885229998359279,-0.016338540416366953
2011-10-12,4.16623534248977,1.4270128324793532,0.038489832643425315
2011-10-13,4.03698109000584,1.3954971576898652,-0.031515674789488024
2011-10-14,3.98628088544711,1.382858687307627,-0.012638470382238198
2011-10-15,3.83733856049094,1.344779043100951,-0.03807964420667598
2011-10-16,3.60974171654003,1.2836362231203933,-0.061142819980557706
2011-10-17,2.58124672180012,0.9482725077216032,-0.33536371539879006
2011-10-18,2.42227473816482,0.8847070731175298,-0.06356543460407338
2011-10-19,2.21725471303331,0.7962698148932321,-0.08843725822429771
2011-10-20,2.35612350847458,0.8570176873671644,0.06074787247393232
2011-10-21,2.57009230508475,0.94394181463754,0.08692412727037557
2011-10-22,3.15548613851549,1.1491425692312063,0.20520075459366627
2011-10-23,3.14775092986558,1.146688207306056,-0.00245436192515025
2011-10-24,2.52293599766219,0.9254233017835283,-0.22126490552252776
2011-10-25,2.80192383109293,1.030306263781208,0.10488296199767966
2011-10-26,2.7775052390415,1.0215531287734334,-0.008753135007774526
2011-10-27,3.04540782758621,1.1136348257194155,0.09208169694598212
2011-10-28,3.17963943658679,1.1567678056424169,0.04313297992300136
2011-10-29,3.56918896873174,1.2723383903553838,0.11557058471296688
2011-10-30,3.25740372296902,1.1809304740832436,-0.09140791627214018
2011-10-31,3.26509821274109,1.1832898427479892,0.0023593686647456202
2011-11-01,3.17100774284044,1.1540494373193724,-0.029240405428616834
2011-11-02,3.2558005666277,1.180438195228654,0.026388757909281635
2011-11-03,3.16831638515488,1.1532003380170117,-0.02723785721164229
2011-11-04,3.12011817182934,1.137870876690456,-0.015329461326555771
2011-11-05,2.97781759789597,1.0911906825189326,-0.04668019417152336
2011-11-06,2.96272057685564,1.0861079600120942,-0.0050827225068383886
2011-11-07,3.01775768731736,1.1045140679630523,0.018406107950958095
2011-11-08,3.05656711104617,1.1172924270740494,0.012778359110997117
2011-11-09,2.9195672238457,1.0714353942841064,-0.04585703278994302
2011-11-10,2.85670208533022,1.0496678424633936,-0.02176755182071277
2011-11-11,3.06786173348919,1.1209808151782321,0.0713129727148385
2011-11-12,3.02552299590883,1.1070839677483726,-0.013896847429859527
2011-11-13,2.98637330333139,1.0940597091633961,-0.013024258584976467
2011-11-14,2.22422446434833,0.7994082995096036,-0.29465140965379255
2011-11-15,2.3223841157218,0.8425942941086995,0.04318599459909589
2011-11-16,2.54678093074226,0.9348301815962873,0.09223588748758782
2011-11-17,2.27909583576856,0.8237788010549422,-0.11105138054134511
2011-11-18,2.10506600321449,0.7443468220890865,-0.07943197896585563
2011-11-19,2.20345672180012,0.7900273644444966,0.04568054235541008
2011-11-20,2.20198950964348,0.7893612742761884,-0.0006660901683082088
2011-11-21,2.27987916540035,0.8241224439304999,0.03476116965431153
2011-11-22,2.32245859614261,0.8426263642671252,0.01850392033662529
2011-11-23,2.33032356750438,0.8460071281095929,0.00338076384246766
2011-11-24,2.43887900029223,0.8915385076268583,0.04553137951726538
2011-11-25,2.49616100292227,0.9147539528027728,0.023215445175914562
2011-11-26,2.47179996902396,0.9049466176417236,-0.009807335161049258
2011-11-27,2.47756495119813,0.9072762033054574,0.0023295856637338686
2011-11-28,2.5412402521917,0.9326522501209721,0.02537604681551464
2011-11-29,2.75769848275862,1.0143964487967059,0.08174419867573379
2011-11-30,2.9660415458796,1.0872282509944418,0.07283180219773588
2011-12-01,3.08258945002922,1.1257699742984986,0.03854172330405681
2011-12-02,3.10040233313852,1.1315318879531648,0.005761913654666273
2011-12-03,2.80385618527177,1.0309956787242616,-0.10053620922890327
2011-12-04,2.81969397603741,1.0366283599257247,0.005632681201463097
2011-12-05,2.87479622735242,1.0559817942947525,0.01935343436902781
2011-12-06,3.02536045149036,1.107030241901586,0.05104844760683358
2011-12-07,2.98550242109877,1.0937680479571084,-0.013262193944477696
2011-12-08,2.99188048305085,1.095902113809993,0.002134065852884559
2011-12-09,2.95579195207481,1.0837666190376118,-0.012135494772381072
2011-12-10,3.06897526709527,1.1213437166593028,0.037577097621690925
2011-12-11,3.2492688471654,1.1784300009291226,0.057086284269819876
2011-12-12,3.18733535651666,1.1591852562929712,-0.019244744636151445
2011-12-13,3.24108840853302,1.1759092019524466,0.016723945659475437
2011-12-14,3.1550865043834,1.1490159138053873,-0.02689328814705938
2011-12-15,3.20313854061952,1.1641311230851636,0.015115209279776387
2011-12-16,3.2091377773232,1.1660022958658232,0.0018711727806595135
2011-12-17,3.19254170426651,1.1608173720393942,-0.005184923826428989
2011-12-18,3.19401080888369,1.1612774339084753,0.0004600618690810965
2011-12-19,3.52577391934541,1.2600999637536596,0.09882252984518436
2011-12-20,3.95255082729398,1.3743611495492256,0.11426118579556599
2011-12-21,3.88899325073057,1.3581503196952645,-0.01621082985396116
2011-12-22,3.90306042051432,1.3617609686101237,0.0036106489148592935
2011-12-23,3.93796507597896,1.3706641117111182,0.008903143100994493
2011-12-24,3.93941911864407,1.371033280624478,0.0003691689133598075
2011-12-25,4.23386687784921,1.4431157309924099,0.07208245036793182
2011-12-26,3.99912196405611,1.3860748280382944,-0.05704090295411546
2011-12-27,4.0955185458796,1.4098933383186814,0.02381851028038695
2011-12-28,4.20729587609585,1.436820131609081,0.026926793290399598
2011-12-29,4.17335222676797,1.4287196041744186,-0.008100527434662386
2011-12-30,4.31063509000584,1.4610852459298866,0.03236564175546808
2011-12-31,4.71430633138515,1.5506017857257268,0.08951653979584018
2012-01-01,5.2948427773232,1.666733285944583,0.1161315002188561
2012-01-02,5.2048778918761,1.6495962420177033,-0.017137043926879647
2012-01-03,4.87050882875511,1.583198413927181,-0.06639782809052219
2012-01-04,5.58570626709527,1.720210882376585,0.13701246844940385
2012-01-05,6.87400087726476,1.927746306048344,0.20753542367175903
2012-01-06,6.68331663997662,1.8996143673222399,-0.02813193872610409
2012-01-07,6.79622798071303,1.916367749555589,0.016753382233349212
2012-01-08,7.09665056633548,1.9596229215172996,0.04325517196171047
2012-01-09,6.28853834248977,1.8387286657258537,-0.12089425579144586
2012-01-10,6.52847455523086,1.8761733103674916,0.03744464464163788
2012-01-11,6.88912772121566,1.9299444763166338,0.05377116594914222
2012-01-12,6.77356419579194,1.913027417485725,-0.016917058830908882
2012-01-13,6.45436889012273,1.8647572488173805,-0.04827016866834444
2012-01-14,6.76172714260666,1.9112783518901602,0.04652110307277968
2012-01-15,7.04692255815312,1.9525910049490574,0.0413126530588972
2012-01-16,6.71560766656926,1.9044343197854552,-0.048156685163602164
2012-01-17,5.59962195032145,1.7226990865911076,-0.1817352331943476
2012-01-18,5.9002312881356,1.774991551522235,0.05229246493112738
2012-01-19,6.31570634161309,1.8430396009510506,0.0680480494288156
2012-01-20,6.50149198831093,1.872031687225302,0.028992086274251427
2012-01-21,6.18056832554062,1.8214102293029373,-0.05062145792236472
2012-01-22,6.30296722676797,1.8410205108931443,0.019610281590207057
2012-01-23,6.37487607714787,1.852364651976787,0.011344141083642567
2012-01-24,6.27447647574518,1.8364900513772275,-0.015874600599559363
2012-01-25,5.81046507247224,1.7596606145573532,-0.07682943681987431
2012-01-26,5.36722695441262,1.6803113793162014,-0.07934923524115178
2012-01-27,5.30313719696084,1.6682985693950683,-0.012012809921133183
2012-01-28,5.65979677498539,1.7333879860908612,0.06508941669579293
2012-01-29,5.39142945733489,1.6848105552026247,-0.04857743088823652
2012-01-30,5.50348193863238,1.7053809716793185,0.020570416476693776
2012-01-31,5.53822029573349,1.7116732028910673,0.006292231211748822
2012-02-01,6.07523265225015,1.8042202851600049,0.0925470822689376
2012-02-02,6.09957291291642,1.808218754452155,0.003998469292150197
2012-02-03,5.95161092752776,1.7836619270352752,-0.024556827416879923
2012-02-04,5.8954132390415,1.7741746314546718,-0.00948729558060335
2012-02-05,5.67811571712449,1.736619437752321,-0.03755519370235083
2012-02-06,5.48266405844535,1.7015911248832312,-0.035028312869089806
2012-02-07,5.66202770017534,1.7337820789729261,0.03219095408969497
2012-02-08,5.6185281899474,1.7260697416972575,-0.007712337275668668
2012-02-09,5.83569985417884,1.7639941992795105,0.037924457582253046
2012-02-10,5.93783415546464,1.7813444465922637,0.017350247312753142
2012-02-11,5.61213285330216,1.724930835035949,-0.05641361155631475
2012-02-12,5.51909716949152,1.7082142906606854,-0.016716544375263487
2012-02-13,5.34835455932203,1.6767889545967165,-0.03142533606396891
2012-02-14,4.48365409175921,1.5004383594508504,-0.17635059514586615
2012-02-15,4.3255203220339,1.4645324388202736,-0.03590592063057674
2012-02-16,4.25523904500292,1.4481509402364825,-0.01638149858379112
2012-02-17,4.39153837288136,1.4796795923264663,0.03152865208998379
2012-02-18,4.27008127761543,1.4516328616297365,-0.028046730696729805
2012-02-19,4.38955145821157,1.4792270483388934,0.02759418670915692
2012-02-20,4.36513593892461,1.4736493317446893,-0.005577716594204141
2012-02-21,4.31511560198714,1.4621241149035573,-0.011525216841131947
2012-02-22,4.41931028755114,1.4859836403730806,0.0238595254695233
2012-02-23,5.03951511805961,1.6173098707209081,0.13132623034782753
2012-02-24,5.02560875891292,1.6145465926598714,-0.0027632780610367114
2012-02-25,4.77256738106371,1.562884395127572,-0.0516621975322995
2012-02-26,4.9264208515488,1.594612730792977,0.031728335665405005
2012-02-27,4.95251575628287,1.5998956810661482,0.005282950273171272
2012-02-28,4.85725777556984,1.5804740349571058,-0.0194216461090424
2012-02-29,4.87274875569842,1.5836582040873726,0.0031841691302667563
2012-03-01,4.92207212361192,1.593729605175589,0.010071401088216358
2012-03-02,4.71482358708358,1.5507115001327656,-0.04301810504282333
2012-03-03,4.62819325248393,1.5321665656946968,-0.018544934438068816
2012-03-04,4.83414448158971,1.5757041704547656,0.04353760476006885
2012-03-05,4.98239290385739,1.6059102784146746,0.030206107959908968
2012-03-06,4.98784135242548,1.6070032214630319,0.0010929430483572755
2012-03-07,4.94911288457043,1.5992083452813322,-0.007794876181699717
2012-03-08,4.93497949503214,1.5963485178681278,-0.002859827413204341
2012-03-09,4.87229784745763,1.5835656630745947,-0.012782854793533138
2012-03-10,4.84142380479252,1.5772088520116023,-0.006356811062992351
2012-03-11,4.89202875160724,1.5876070950781456,0.010398243066543245
2012-03-12,4.91083937931035,1.591444880211992,0.003837785133846472
2012-03-13,5.29088027878434,1.6659846363336057,0.07453975612161368
2012-03-14,5.39054329222677,1.6846461761727942,0.0186615398391885
2012-03-15,5.34082089888954,1.6753793675412227,-0.009266808631571477
2012-03-16,5.33957479135009,1.6751460227137005,-0.00023334482752224162
2012-03-17,5.23600355406195,1.6555585268216688,-0.01958749589203168
2012-03-18,5.27014898538866,1.6620586326259001,0.0065001058042313264
2012-03-19,4.67867255289305,1.5430144271511805,-0.11904420547471961
2012-03-20,4.83083021624781,1.5750183403154379,0.032003913164257325
2012-03-21,4.81722952483928,1.5721989754311745,-0.0028193648842633756
2012-03-22,4.72960850496785,1.5538424305725997,-0.01835654485857474
2012-03-23,4.69164317650497,1.5457828785610896,-0.008059552011510096
2012-03-24,4.65198626592636,1.5372942823576403,-0.008488596203449328
2012-03-25,4.55227026241964,1.5156260672978688,-0.021668215059771567
2012-03-26,4.63272235973115,1.5331446779673819,0.0175186106695131
2012-03-27,4.81134073524255,1.5709757844127996,0.03783110644541776
2012-03-28,4.79058939158387,1.5666534501129343,-0.0043223342998652825
2012-03-29,4.79406657218001,1.567379022478147,0.0007255723652126456
2012-03-30,4.86140935651666,1.581328386925935,0.013949364447787937
2012-03-31,4.88977687317358,1.5871466732378798,0.00581828631194492
2012-04-01,4.79332567738165,1.5672244664152364,-0.01992220682264345
2012-04-02,4.98304547866745,1.606041246022108,0.03881677960687169
2012-04-03,4.95623319286967,1.6006460152970963,-0.0053952307250118015
2012-04-04,4.91784217767387,1.5928698525254967,-0.007776162771599537
2012-04-05,4.92084924488603,1.5934811263578885,0.0006112738323917899
2012-04-06,4.94910743220339,1.5992072435949956,0.005726117237107031
2012-04-07,4.70971191028638,1.5496267406133453,-0.04958050298165029
2012-04-08,4.77881884921099,1.5641934132929431,0.01456667267959788
2012-04-09,4.85254738106371,1.5795038002717219,0.015310386978778734
2012-04-10,4.84141759380479,1.5772075691262437,-0.002296231145478167
2012-04-11,4.91525071712449,1.5923427629033193,0.015135193777075617
2012-04-12,4.90115814728229,1.5894715337769856,-0.002871229126333752
2012-04-13,4.93440673348919,1.5962324495472962,0.0067609157703105716
2012-04-14,4.95636466101695,1.6006725407648346,0.004440091217538411
2012-04-15,4.9616003383986,1.6017283375675682,0.0010557968027335995
2012-04-16,4.95076456925774,1.59954202308903,-0.0021863144785381206
2012-04-17,4.9687445075979,1.603167194030792,0.003625170941762068
2012-04-18,5.12437744301578,1.6340090431123369,0.030841849081544748
2012-04-19,5.13090651139684,1.6352823514463084,0.0012733083339715456
2012-04-20,5.36651596814728,1.680178902458593,0.044896551012284514
2012-04-21,5.28255033898305,1.6644089998489553,-0.01576990260963762
2012-04-22,5.19560899473992,1.6478138447720507,-0.016595155076904566
2012-04-23,5.11088819170076,1.631373203534486,-0.016440641237564835
2012-04-24,5.08786726241964,1.626858737336594,-0.004514466197891975
2012-04-25,5.14881624547048,1.6387668330064278,0.011908095669833862
2012-04-26,5.09741928579778,1.62873438926515,-0.010032443741277763
2012-04-27,5.09588733985973,1.628433810462639,-0.0003005788025109979
2012-04-28,4.9707366528346,1.6035680490112927,-0.024865761451346335
2012-04-29,4.90260617767387,1.5897669367169407,-0.013801112294351991
2012-04-30,4.9421168100526,1.5977937434774157,0.008026806760474958
2012-05-01,4.98713722735243,1.6068620432001237,0.009068299722708062
2012-05-02,5.05343735388662,1.6200686758764642,0.01320663267634048
2012-05-03,5.11887297895967,1.6329342935242286,0.012865617647764394
2012-05-04,5.08550708825248,1.6263947468987807,-0.006539546625447867
2012-05-05,5.05663956458212,1.6207021450040302,-0.005692601894750515
2012-05-06,5.0478007729398,1.6189526579267677,-0.0017494870772625237
2012-05-07,5.06755586703682,1.6228586238588414,0.0039059659320737072
2012-05-08,5.02346642285213,1.614120217883189,-0.008738405975652341
2012-05-09,5.04130623553478,1.6176652222207895,0.0035450043376004103
2012-05-10,4.92748871975453,1.5948294707989987,-0.02283575142179073
2012-05-11,4.96370997749854,1.60215344047409,0.007323969675091302
2012-05-12,4.94653223495032,1.5986867724788634,-0.0034666679952266577
2012-05-13,4.94479505376973,1.598335519073179,-0.0003512534056844263
2012-05-14,5.01143592197545,1.611722485204382,0.01338696613120316
2012-05-15,5.03364040035067,1.6161434599841225,0.00442097477974035
2012-05-16,5.08778450905903,1.626842472361638,0.010699012377515471
2012-05-17,5.08966168644068,1.6272113620353101,0.0003688896736722125
2012-05-18,5.11830148275862,1.632822642364276,0.005611280328965851
2012-05-19,5.11254581122151,1.6316974819588983,-0.0011251604053776898
2012-05-20,5.09420096843951,1.6281028277695369,-0.003594654189361446
2012-05-21,5.0942213100526,1.6281068208535558,3.993084018993898e-06
2012-05-22,5.08913918877849,1.627108698142175,-0.0009981227113808888
2012-05-23,5.12885889976622,1.6348831977472231,0.0077744996050481685
2012-05-24,5.11915775920514,1.632989925364536,-0.0018932723826872166
2012-05-25,5.13727680654588,1.6365231348972986,0.0035332095327627044
2012-05-26,5.10397880479252,1.6300203933678241,-0.006502741529474498
2012-05-27,5.13461613500877,1.6360050859628417,0.005984692595017549
2012-05-28,5.13632541905318,1.6363379247880248,0.0003328388251830905
2012-05-29,5.14847069783752,1.6386997187004964,0.002361793912471599
2012-05-30,5.13826456925774,1.6367153900162803,-0.0019843286842160524
2012-05-31,5.18163972121566,1.6451215546777183,0.008406164661437954
2012-06-01,5.26694375803624,1.6614502622661957,0.016328707588477487
2012-06-02,5.24363906019871,1.6570157344324525,-0.004434527833743207
2012-06-03,5.21270498480421,1.6510989119735986,-0.005916822458853943
2012-06-04,5.25876585739334,1.6598963713482044,0.008797459374605854
2012-06-05,5.42601429485681,1.6912048487442926,0.03130847739608811
2012-06-06,5.44616942197545,1.6949125032012913,0.0037076544569987213
2012-06-07,5.58716980976037,1.7204728637434958,0.025560360542204563
2012-06-08,5.62252910169492,1.7267815807730067,0.0063087170295108574
2012-06-09,5.55700233547633,1.7150588145741634,-0.01172276619884327
2012-06-10,5.45789356925774,1.6970629221432425,-0.017995892430920923
2012-06-11,5.58699698158971,1.7204419302208627,0.023379008077620167
2012-06-12,5.72749129865575,1.7452776161223167,0.02483568590145402
2012-06-13,5.90930132378726,1.776527605104215,0.031249988981898236
2012-06-14,5.96202318205728,1.785409883550447,0.008882278446232128
2012-06-15,6.52338071917008,1.875392756766136,0.08998287321568887
2012-06-16,6.44415828229106,1.8631740277522153,-0.012218729013920626
2012-06-17,6.1999664880187,1.8245438868781638,-0.03863014087405148
2012-06-18,6.31084466861485,1.8422695294985132,0.01772564262034937
2012-06-19,6.49482671595558,1.8710059701601247,0.028736440661611518
2012-06-20,6.69355105552309,1.901144533841989,0.030138563681864294
2012-06-21,6.67226250379895,1.897959008377054,-0.003185525464935113
2012-06-22,6.56376169783752,1.8815638681565015,-0.01639514022055244
2012-06-23,6.44754168907072,1.8636989246804494,-0.017864943476052053
2012-06-24,6.35049403857393,1.8485326112284575,-0.01516631345199193
2012-06-25,6.31747363004091,1.843319386158467,-0.005213225069990557
2012-06-26,6.43286082875511,1.8614193582379222,0.01809997207945524
2012-06-27,6.61571340151958,1.8894476377866594,0.02802827954873721
2012-06-28,6.59006463296318,1.8855631561997315,-0.0038844815869278904
2012-06-29,6.65877675715956,1.895935797586718,0.010372641386986459
2012-06-30,6.68042762302747,1.8991820009229285,0.003246203336210618
2012-07-01,6.62686009234366,1.8911311011197898,-0.008050899803138778
2012-07-02,6.74347805084746,1.9085758231088656,0.017444721989075873
2012-07-03,6.44999240327294,1.8640789530198465,-0.04449687008901915
2012-07-04,6.51483533313852,1.8740819352210916,0.01000298220124507
2012-07-05,6.64239860432496,1.8934731338495832,0.01939119862849159
2012-07-06,6.67218118936295,1.897946821366809,0.004473687517225766
2012-07-07,6.80827371186441,1.9181385949083145,0.020191773541505587
2012-07-08,6.79631768790181,1.9163809490240284,-0.0017576458842860632
2012-07-09,7.03239588603156,1.950527456584273,0.03414650756024451
2012-07-10,7.17858003565167,1.9711015968794057,0.020574140295132715
2012-07-11,7.18514778901227,1.9720160884234514,0.0009144915440457702
2012-07-12,7.55593565020456,2.0223334332192717,0.050317344795820285
2012-07-13,7.63092125599065,2.0322085792909017,0.009875146071629981
2012-07-14,7.58012917825833,2.0255302414956544,-0.006678337795247291
2012-07-15,7.62723485973115,2.031725375907312,0.0061951344116577545
2012-07-16,8.49340567738165,2.1392900597446696,0.1075646838373574
2012-07-17,8.75198485505552,2.169280515222863,0.029990455478193567
2012-07-18,9.09519268614845,2.207745997688322,0.03846548246545867
2012-07-19,8.87953341350087,2.1837490120989425,-0.02399698558937935
2012-07-20,8.53245067913501,2.143876621428665,-0.03987239067027737
2012-07-21,8.87564584102864,2.1833111035339403,0.039434482105275226
2012-07-22,8.50656254412624,2.140837929623017,-0.0424731739109232
2012-07-23,8.53121126943308,2.143731352528256,0.0028934229052390847
2012-07-24,8.57458517066043,2.1488026152824515,0.005071262754195338
2012-07-25,8.7693472729398,2.171262376355386,0.02245976107293446
2012-07-26,8.87576504617183,2.1833245340318257,0.0120621576764397
2012-07-27,8.89145989421391,2.185091253615452,0.0017667195836263971
2012-07-28,8.84256089421391,2.179576528611973,-0.0055147250034792705
2012-07-29,8.74768065926359,2.168788597720188,-0.010787930891784647
2012-07-30,9.08831724897721,2.2069897699277377,0.03820117220754948
2012-07-31,9.32099840210403,2.2322697476493336,0.02527997772159596
2012-08-01,9.56802090385739,2.2584263819735932,0.02615663432425963
2012-08-02,10.5510396960842,2.3562244044582705,0.09779802248467728
2012-08-03,10.9158647466394,2.390217212391848,0.033992807933577396
2012-08-04,10.9197148807715,2.390569860156432,0.00035264776458410196
2012-08-05,10.805117377557,2.380019853162871,-0.010550006993561123
2012-08-06,10.8694465017534,2.3859557800347657,0.005935926871894814
2012-08-07,10.9412794400935,2.3925427408040414,0.006586960769275674
2012-08-08,11.0703915967271,2.4042741206863067,0.011731379882265358
2012-08-09,11.1037247440094,2.4072806145531462,0.003006493866839488
2012-08-10,11.4475688045003,2.4377773759700374,0.03049676141689117
2012-08-11,11.5425355271771,2.446038953339005,0.008261577368967377
2012-08-12,11.5925523898305,2.450362856559918,0.004323903220913028
2012-08-13,11.9849629903565,2.4836527798846255,0.033289923324707704
2012-08-14,12.1870974810053,2.5003778085789903,0.016725028694364763
2012-08-15,13.1700773538866,2.57794738922971,0.0775695806507195
2012-08-16,13.4507908246639,2.599037901692131,0.021090512462420996
2012-08-17,12.0770055423729,2.4913032762128067,-0.10773462547932411
2012-08-18,11.5775071648159,2.4490641782294906,-0.04223909798331604
2012-08-19,7.83062184190532,2.058041924717137,-0.39102225351235376
2012-08-20,9.97987664874343,2.3005707304016414,0.24252880568450452
2012-08-21,9.90298201811806,2.292835925736049,-0.0077348046655925096
2012-08-22,9.772554578609,2.279577903587157,-0.013258022148892046
2012-08-23,10.0886574260666,2.311411765657622,0.03183386207046501
2012-08-24,10.5940425943892,2.3602918237286756,0.04888005807105378
2012-08-25,10.5836766715371,2.3593128775494603,-0.0009789461792153453
2012-08-26,10.545530742256,2.3557021438406487,-0.0036107337088115976
2012-08-27,10.9003800806546,2.388797658411987,0.0330955145713383
2012-08-28,10.9329585336061,2.3917819456715432,0.0029842872595562397
2012-08-29,10.8677839018118,2.3858028074698185,-0.0059791382017246875
2012-08-30,10.7277488383986,2.372833733922935,-0.012969073546883703
2012-08-31,10.1024098205728,2.312773991484009,-0.060059742438925756
2012-09-01,10.0065329374635,2.303238173436931,-0.009535818047078148
2012-09-02,10.2261162016365,2.324944859945142,0.02170668650821117
2012-09-03,10.4971343091759,2.351102296977607,0.02615743703246487
2012-09-04,10.3640018942139,2.3383384454684593,-0.012763851509147717
2012-09-05,11.0255228784337,2.400212846823605,0.06187440135514555
2012-09-06,11.1607690157802,2.4124048628031347,0.012192015979529902
2012-09-07,11.0761223366452,2.4047916504486206,-0.007613212354514065
2012-09-08,11.0432700333139,2.401821195660521,-0.0029704547880995413
2012-09-09,11.0620954932788,2.403524444086193,0.0017032484256720437
2012-09-10,11.1252888047925,2.4092207876966976,0.005696343610504417
2012-09-11,11.2680929552893,2.4219750994732925,0.012754311776594918
2012-09-12,11.3152859082408,2.4261545468388093,0.004179447365516786
2012-09-13,11.38029928872,2.431883727888386,0.005729181049576759
2012-09-14,11.730107622443,2.462158837597122,0.030275109708735926
2012-09-15,11.7183934155465,2.4611596941676948,-0.0009991434294271961
2012-09-16,11.8869112238457,2.4754378976308753,0.014278203463180539
2012-09-17,11.908317157218,2.477237076760727,0.0017991791298515025
2012-09-18,12.2596508386908,2.5063134503872413,0.029076373626514496
2012-09-19,12.5048540981882,2.526116896783564,0.019803446396322588
2012-09-20,12.3671766493279,2.5150459185851233,-0.011070978198440606
2012-09-21,12.3336578357686,2.512331934638251,-0.002713983946872389
2012-09-22,12.2137276250731,2.502560534329029,-0.009771400309221967
2012-09-23,12.1654630263004,2.498601037681333,-0.003959496647695904
2012-09-24,12.11358871654,2.494327856896058,-0.004273180785275166
2012-09-25,12.1824053945061,2.499992730017384,0.0056648731213262415
2012-09-26,12.3198168597312,2.511209092713326,0.01121636269594184
2012-09-27,12.3187514018118,2.511122605713858,-8.648699946789407e-05
2012-09-28,12.3814573892461,2.5161999815916665,0.005077375877808432
2012-09-29,12.4047515055523,2.5180795851456486,0.00187960355398209
2012-09-30,12.3916224728229,2.5170206372553054,-0.0010589478903431093
2012-10-01,12.3893951601403,2.516840877673065,-0.0001797595822403686
2012-10-02,12.8072380958504,2.550010487342443,0.0331696096693781
2012-10-03,12.9554304944477,2.561515043446354,0.011504556103910879
2012-10-04,12.8623857779077,2.5543072208803266,-0.0072078225660274775
2012-10-05,12.7522194190532,2.545705328538252,-0.008601892342074535
2012-10-06,12.5051297136178,2.526138937216032,-0.019566391322220156
2012-10-07,11.8739970853302,2.474350890381905,-0.051788046834126966
2012-10-08,11.7333297481005,2.4624334883762784,-0.01191740200562652
2012-10-09,11.8286634354179,2.4705256906622353,0.008092202285956862
2012-10-10,12.109188478083,2.493964542774804,0.023438852112568576
2012-10-11,12.0675518082992,2.4905201817522613,-0.0034443610225425303
2012-10-12,12.0280681648159,2.487242932288134,-0.0032772494641273298
2012-10-13,11.9268038293396,2.4787882898499327,-0.008454642438201265
2012-10-14,11.6505779608416,2.4553557891538254,-0.02343250069610736
2012-10-15,11.9083095268849,2.4772364360038974,0.021880646850072072
2012-10-16,11.8480180689655,2.4721606020289446,-0.005075833974952815
2012-10-17,11.9193881607247,2.4781663315215723,0.006005729492627676
2012-10-18,11.9259328445354,2.478715259671761,0.0005489281501889209
2012-10-19,11.7574857971946,2.4644901268579904,-0.014225132813770802
2012-10-20,11.6943775517241,2.459108175167317,-0.005381951690673237
2012-10-21,11.657411405903,2.4559421499204848,-0.0031660252468324046
2012-10-22,11.7410779129164,2.463093625595429,0.00715147567494423
2012-10-23,11.7077817299825,2.4602537258460293,-0.002839899749399688
2012-10-24,11.6343523869082,2.4539621344323135,-0.006291591413715825
2012-10-25,10.7536298202805,2.3752433552806513,-0.07871877915166214
2012-10-26,10.130619493571,2.315562470741284,-0.05968088453936726
2012-10-27,10.4581862957335,2.3473850493129085,0.031822578571624405
2012-10-28,10.7099620838691,2.371174344198405,0.023789294885496304
2012-10-29,10.6307389760374,2.3637497079091276,-0.007424636289277142
2012-10-30,10.8593230584454,2.385023979086495,0.021274271177367243
2012-10-31,11.1460718381064,2.4110871343182487,0.026063155231753843
2012-11-01,10.6135357510228,2.362130144144684,-0.04895699017356492
2012-11-02,10.5305036388077,2.3542761539487165,-0.00785399019596733
2012-11-03,10.650747019287,2.3656300323516093,0.011353878402892814
2012-11-04,10.7968828924605,2.3792574714026253,0.013627439051016044
2012-11-05,10.7408207352425,2.374051504712413,-0.005205966690212449
2012-11-06,10.8681974991233,2.3858408639351714,0.011789359222758478
2012-11-07,10.9540989444769,2.3937137190463966,0.007872855111225263
2012-11-08,10.892699371128,2.388092782365294,-0.0056209366811024175
2012-11-09,10.8158672180012,2.3810142427830554,-0.0070785395822388075
2012-11-10,10.8632604430158,2.38538649440271,0.004372251619654488
2012-11-11,10.8418406388077,2.383412782225022,-0.0019737121776879363
2012-11-12,11.0313424552893,2.4007405353144753,0.017327753089453335
2012-11-13,10.9980027790766,2.3977136907748617,-0.003026844539613549
2012-11-14,10.9589524184687,2.394156694695089,-0.0035569960797725564
2012-11-15,11.1751098585622,2.413688971195132,0.019532276500042745
2012-11-16,11.705044829924,2.4600199309162316,0.046330959721099685
2012-11-17,11.7500423991818,2.463856849024662,0.0038369181084303428
2012-11-18,11.6656310321449,2.456647000207838,-0.0072098488168239605
2012-11-19,11.7505293506721,2.4638982906964264,0.007251290488588413
2012-11-20,11.6991703167738,2.459517926193002,-0.004380364503424605
2012-11-21,11.7291351759205,2.4620759324043657,0.002558006211363928
2012-11-22,12.2919979465225,2.508948477210178,0.04687254480581249
2012-11-23,12.2802876195207,2.507995344229784,-0.0009531329803942334
2012-11-24,12.4132043997662,2.5187607769869915,0.010765432757207538
2012-11-25,12.5296894897721,2.5281009872579054,0.009340210270913918
2012-11-26,12.1846262399182,2.5001750128207694,-0.02792597443713607
2012-11-27,12.1592753845704,2.4980922846777904,-0.00208272814297894
2012-11-28,12.3316598270018,2.5121699250668774,0.014077640389086987
2012-11-29,12.4976616534191,2.5255415590824337,0.0133716340155563
2012-11-30,12.5861389275278,2.532596123302823,0.007054564220389192
2012-12-01,12.5923868702513,2.53309241469827,0.000496291395446935
2012-12-02,12.4979447565751,2.5255642113159,-0.007528203382369814
2012-12-03,12.6569578369375,2.5382070905996987,0.012642879283798703
2012-12-04,13.3695895815313,2.5929826936742013,0.05477560307450258
2012-12-05,13.3127502220923,2.5887222393187135,-0.0042604543554878305
2012-12-06,13.4779245403273,2.601053127779112,0.012330888460398537
2012-12-07,13.4772824494448,2.601005486454535,-4.764132457690806e-05
2012-12-08,13.4999844091175,2.602688530563532,0.0016830441089967785
2012-12-09,13.3465108907072,2.5912549941853626,-0.01143353637816924
2012-12-10,13.4922565809468,2.602115934284128,0.010860940098765148
2012-12-11,13.615415666277,2.6112026556837087,0.009086721399580888
2012-12-12,13.6682136426067,2.615072964991779,0.0038703093080703077
2012-12-13,13.7552515207481,2.6214206799780286,0.006347714986249642
2012-12-14,13.6009222527762,2.610137603146961,-0.01128307683106744
2012-12-15,13.5309482887201,2.6049795275847583,-0.005158075562202935
2012-12-16,13.3328610765634,2.590231745560805,-0.014747782023953437
2012-12-17,13.3200719514904,2.5892720668611973,-0.0009596786996075579
2012-12-18,13.2720338690824,2.585659104804899,-0.00361296205629813
2012-12-19,13.5385431800117,2.6055406679002058,0.019881563095306642
2012-12-20,13.5700270263004,2.607863465466047,0.002322797565841306
2012-12-21,13.4289680023378,2.597414164867612,-0.010449300598434963
2012-12-22,13.4272139129164,2.5972835365132596,-0.0001306283543525133
2012-12-23,13.3181057568673,2.589124444553981,-0.008159091959278442
2012-12-24,13.4266626715371,2.597242481630353,0.00811803707637182
2012-12-25,13.3655670046756,2.5926817732832483,-0.004560708347104647
2012-12-26,13.4546990175336,2.5993284143659463,0.006646641082697968
2012-12-27,13.3993031811806,2.5952027042003127,-0.004125710165633567
2012-12-28,13.4555072215079,2.599388481090621,0.0041857768903081904
2012-12-29,13.3740038603156,2.593312812275053,-0.0060756688155678695
2012-12-30,13.445013798948,2.598608316045924,0.005295503770871068
2012-12-31,13.5455524436002,2.606058260500852,0.007449944454927859
2013-01-01,13.3313714219755,2.590120011267344,-0.01593824923350784
2013-01-02,13.2806068129749,2.58630483675247,-0.003815174514874009
2013-01-03,13.3840811484512,2.594066026760225,0.00776119000775477
2013-01-04,13.4517211496201,2.5991070643753376,0.0050410376151126535
2013-01-05,13.459406766803,2.599678249456522,0.0005711850811844776
2013-01-06,13.5044965078901,2.6030227046458596,0.0033444551893375696
2013-01-07,13.5560616578025,2.606833802111748,0.00381109746588848
2013-01-08,13.7803506312098,2.623243710197195,0.016409908085446734
2013-01-09,13.8209552565751,2.6261859372658862,0.0029422270686914054
2013-01-10,14.12317285564,2.647816913312459,0.021630976046572936
2013-01-11,14.2276211227352,2.655185224741997,0.007368311429537755
2013-01-12,14.2142856560491,2.6542474910121854,-0.0009377337298115407
2013-01-13,14.1607882670953,2.6504767552963124,-0.0037707357158729415
2013-01-14,14.3179703202805,2.661515414076224,0.011038658779911614
2013-01-15,14.3136377516072,2.661212771717088,-0.00030264235913612936
2013-01-16,14.7078140479252,2.6883789204385975,0.027166148721509575
2013-01-17,15.598599739626,2.7471811499464116,0.05880222950781411
2013-01-18,15.7157911239042,2.754666010942595,0.007484860996183507
2013-01-19,15.5881263997662,2.7465094962302303,-0.008156514712364782
2013-01-20,15.7195921373466,2.754907841203059,0.008398344972828653
2013-01-21,16.7810195207481,2.820248457283237,0.06534061608017794
2013-01-22,17.3001788386908,2.8507168389468798,0.03046838166364285
2013-01-23,17.5363954228521,2.864278459715989,0.013561620769109162
2013-01-24,16.90108607218,2.8273778844901805,-0.036900575225808474
2013-01-25,17.4072020292227,2.856884030308925,0.029506145818744667
2013-01-26,17.5536291760608,2.8652607191923685,0.00837668888344334
2013-01-27,17.8646280148217,2.882822669250291,0.017561950057922715
2013-01-28,18.7942648743425,2.9335517634202755,0.05072909416998428
2013-01-29,19.5147141861484,2.971168754670774,0.037616991250498444
2013-01-30,19.7374466864407,2.9825176784478122,0.011348923777038333
2013-01-31,20.5116430306838,3.020992677636544,0.03847499918873165
2013-02-01,20.443091956166,3.0176450237665056,-0.003347653870038325
2013-02-02,19.6359017054354,2.9773596103488607,-0.04028541341764491
2013-02-03,20.5789396832262,3.0242682073694893,0.04690859702062866
2013-02-04,20.4404879614261,3.017517637918756,-0.00675056945073349
2013-02-05,20.6593447276446,3.028167746230348,0.010650108311592188
2013-02-06,21.2085655318527,3.054405134599352,0.026237388369004133
2013-02-07,22.1177651789246,3.0963811398559025,0.04197600525655032
2013-02-08,22.7873650499299,3.126206217877751,0.02982507802184875
2013-02-09,23.7338601537113,3.1669027269912955,0.04069650911354428
2013-02-10,23.9002893571011,3.173890565855854,0.006987838864558338
2013-02-11,24.4972726949153,3.198561792779423,0.024671226923569378
2013-02-12,24.9797364073641,3.2180649524946037,0.019503159715180463
2013-02-13,24.6416509347867,3.2044381386442566,-0.01362681385034703
2013-02-14,27.2823898203039,3.306241432521883,0.10180329387762654
2013-02-15,27.1712692291058,3.302160136705136,-0.004081295816747321
2013-02-16,27.3461635619521,3.308576247071083,0.006416110365947247
2013-02-17,26.9272513763881,3.2931388361257263,-0.015437410945356778
2013-02-18,26.9288676370544,3.2931988575567686,6.002143104222313e-05
2013-02-19,29.4136243807715,3.381457981313341,0.08825912375657241
2013-02-20,29.8198072276447,3.395172844783326,0.013714863469985072
2013-02-21,29.8180689158387,3.395114549219537,-5.829556378911249e-05
2013-02-22,30.4726565324372,3.416829774377296,0.021715225157759033
2013-02-23,29.8064545458796,3.3947249655572556,-0.0221048088200404
2013-02-24,29.8828484924021,3.3972846867919197,0.0025597212346641918
2013-02-25,30.3520330949737,3.4128635035641546,0.015578816772234827
2013-02-26,31.1555373506721,3.4389919935018227,0.026128489937668142
2013-02-27,31.2402610829924,3.4417076822666655,0.0027156887648427386
2013-02-28,33.3752939365868,3.5078159237703743,0.06610824150370886
2013-03-01,34.6062570341204,3.5440345048506807,0.0362185810803064
2013-03-02,34.143515924021,3.530572697535858,-0.013461807314822938
2013-03-03,34.451740484512,3.5395595182302646,0.008986820694406816
2013-03-04,36.3762652507306,3.5939165084119638,0.05435699018169915
2013-03-05,40.6729539902747,3.705563350433052,0.11164684202108832
2013-03-06,43.2849961852133,3.767806066535893,0.062242716102840934
2013-03-07,41.9474407158387,3.7364174230864493,-0.0313886434494437
2013-03-08,43.902928914962,3.78198103573627,0.04556361264982067
2013-03-09,46.8885866123086,3.847774290022087,0.06579325428581706
2013-03-10,46.0660384590181,3.8300759856481226,-0.01769830437396447
2013-03-11,48.275074577218,3.8769153731547727,0.046839387506650176
2013-03-12,44.4135452582116,3.7935444962959006,-0.08337087685887212
2013-03-13,47.0161908515809,3.8504920285921584,0.05694753229625782
2013-03-14,46.9255625535453,3.8485625707554343,-0.0019294578367241577
2013-03-15,46.9025172478223,3.8480713466733643,-0.0004912240820700298
2013-03-16,47.1570156995909,3.8534827933359037,0.005411446662539454
2013-03-17,47.3334997837522,3.857218285485113,0.0037354921492092075
2013-03-18,51.3654363912578,3.9389655025195665,0.08174721703445353
2013-03-19,59.4986011114249,4.085952801542848,0.14698729902328145
2013-03-20,63.6874854981899,4.153988083280305,0.06803528173745743
2013-03-21,70.9175250053215,4.261517582194921,0.10752949891461583
2013-03-22,69.8460845417884,4.246294028896147,-0.015223553298774561
2013-03-23,64.3831163705435,4.164851430578966,-0.0814425983171807
2013-03-24,71.6904242064758,4.27235718508086,0.10750575450189448
2013-03-25,74.3140892495617,4.3083005602551125,0.03594337517425217
2013-03-26,78.6141974320088,4.364552312029688,0.05625175177457553
2013-03-27,88.8520799138223,4.486972963598725,0.12242065156903692
2013-03-28,87.6731739608416,4.473615968445125,-0.013356995153600337
2013-03-29,90.29569935827,4.503089833134515,0.029473864689390616
2013-03-30,92.1899599883109,4.523851230797076,0.02076139766256091
2013-03-31,93.8992384231444,4.542222275671683,0.01837104487460639
2013-04-01,103.580346911163,4.640347610200052,0.09812533452836902
2013-04-02,116.679944241173,4.759434667121218,0.11908705692116683
2013-04-03,131.384809378154,4.878130493417506,0.11869582629628717
2013-04-04,133.007120475745,4.890402664200295,0.012272170782789082
2013-04-05,142.626065488019,4.960226278710121,0.06982361450982655
2013-04-06,143.081822964933,4.9634166551884125,0.0031903764782912347
2013-04-07,162.852214576856,5.092843130505161,0.12942647531674822
2013-04-08,186.351161848042,5.2276328606686,0.13478973016343954
2013-04-09,230.682996695207,5.441044459365135,0.2134115986965348
2013-04-10,161.192889661017,5.082601720297082,-0.35844273906805313
2013-04-11,82.9015850379895,4.417654181837713,-0.6649475384593693
2013-04-12,111.476373194039,4.713812668841249,0.2961584870035363
2013-04-13,97.6090718702513,4.58097043858979,-0.13284223025145891
2013-04-14,88.8614913997663,4.487078881068991,-0.09389155752079859
2013-04-15,80.8746931659848,4.392900958884777,-0.0941779221842145
2013-04-16,68.2831387270602,4.223662865338676,-0.16923809354610064
2013-04-17,92.8640369135009,4.531136454762299,0.3074735894236227
2013-04-18,108.628345092344,4.687932377977632,0.1567959232153333
2013-04-19,119.012283239042,4.779226708280812,0.0912943303031799
2013-04-20,128.208288893045,4.853656198348452,0.0744294900676401
2013-04-21,118.483243756283,4.774771547676288,-0.07888465067216455
2013-04-22,126.31427175979,4.838773021862417,0.06400147418612967
2013-04-23,142.127218053185,4.9567225583037855,0.11794953644136807
2013-04-24,154.1332778045,5.037817668425071,0.08109511012128578
2013-04-25,141.008659278492,4.9488213018150855,-0.08899636660998578
2013-04-26,137.209600419638,4.921509686747792,-0.027311615067293182
2013-04-27,128.226669605202,4.853799554092896,-0.0677101326548959
2013-04-28,134.62356956166,4.902482510065674,0.04868295597277772
2013-04-29,143.810378192577,4.968495613702055,0.06601310363638113
2013-04-30,139.129647545295,4.935406214574468,-0.03308939912758735
2013-05-01,116.113801040327,4.754570753648835,-0.18083546092563285
2013-05-02,106.340984697253,4.666650767928496,-0.08791998572033943
2013-05-03,96.3168402741087,4.567643176559276,-0.09900759136921966
2013-05-04,112.497636369082,4.722932211371156,0.15528903481188028
2013-05-05,116.488715827002,4.757794408460477,0.03486219708932037
2013-05-06,112.118596195207,4.7195572056617205,-0.03823720279875609
2013-05-07,111.609212873466,4.715003599169553,-0.004553606492167184
2013-05-08,113.136061854763,4.728591181591009,0.013587582421455302
2013-05-09,111.974532710696,4.718271458927219,-0.010319722663789221
2013-05-10,117.691036883694,4.768062859146402,0.04979140021918216
2013-05-11,115.49977766277,4.749268604962333,-0.018794254184068215
2013-05-12,114.885675559614,4.743937508324115,-0.005331096638218291
2013-05-13,117.404456646113,4.76562486788399,0.02168735955987522
2013-05-14,107.865566569258,4.680885697786142,-0.08473917009784859
2013-05-15,108.986852425482,4.691227255004266,0.010341557218124464
2013-05-16,112.917874050263,4.726660776164691,0.03543352116042442
2013-05-17,117.284616014027,4.764603596282856,0.03794282011816552
2013-05-18,118.169876680304,4.772123222071671,0.007519625788814821
2013-05-19,117.033880187025,4.7624634671273025,-0.009659754944368437
2013-05-20,117.818636469901,4.7691464630330325,0.00668299590572996
2013-05-21,117.252040911748,4.764325813671682,-0.004820649361350071
2013-05-22,118.9781735827,4.778940061017463,0.014614247345780207
2013-05-23,123.726156049094,4.818070704492774,0.039130643475311366
2013-05-24,128.971080654588,4.859588198257176,0.041517493764401614
2013-05-25,128.844915254237,4.858609473799235,-0.0009787244579406718
2013-05-26,130.158601110462,4.868753715391919,0.010144241592684011
2013-05-27,126.392905902981,4.839395355952459,-0.029358359439459747
2013-05-28,125.904595265926,4.835524439716433,-0.0038709162360257565
2013-05-29,129.564812390415,4.864181237719625,0.02865679800319132
2013-05-30,126.513068381064,4.840345610191926,-0.0238356275276983
2013-05-31,127.816488895383,4.850595554711563,0.010249944519636678
2013-06-01,128.791151081239,4.8581921085246975,0.007596553813134399
2013-06-02,122.626708942139,4.809144854115749,-0.04904725440894886
2013-06-03,122.949187901812,4.811771163531091,0.002626309415342476
2013-06-04,120.189968731736,4.789073563807712,-0.02269759972337937
2013-06-05,120.869923845704,4.794714957819905,0.005641394012193324
2013-06-06,119.053975669784,4.779576967333559,-0.015137990486346453
2013-06-07,110.1977314436,4.702276310695671,-0.07730065663788732
2013-06-08,109.178545341321,4.6929845727744794,-0.009291737921191867
2013-06-09,99.9036034482759,4.6042057555572935,-0.08877881721718595
2013-06-10,104.357566627703,4.647823142899162,0.04361738734186815
2013-06-11,107.507520455874,4.67756080284985,0.029737659950688666
2013-06-12,106.378116306254,4.666999881940383,-0.010560920909467697
2013-06-13,101.323897720631,4.618322293803643,-0.048677588136739836
2013-06-14,99.2132443015781,4.597271516483631,-0.021050777320011704
2013-06-15,99.8750374050263,4.60391977860478,0.006648262121148996
2013-06-16,99.0383512565751,4.595507161549891,-0.008412617054888827
2013-06-17,100.126305084746,4.606432439857842,0.010925278307950315
2013-06-18,104.289176382233,4.647167582721872,0.04073514286403057
2013-06-19,104.417150789012,4.648393941544362,0.0012263588224898925
2013-06-20,104.323499707773,4.647496645427869,-0.0008972961164932514
2013-06-21,101.416857393337,4.619239323822281,-0.02825732160558747
2013-06-22,100.039508474576,4.605565192708424,-0.013674131113857513
2013-06-23,100.314744593805,4.608312689087005,0.0027474963785811823
2013-06-24,99.0456832261835,4.5955811904299155,-0.012731498657089446
2013-06-25,97.8327887200468,4.583259783838859,-0.01232140659105685
2013-06-26,98.6517007597896,4.591595472662531,0.008335688823672527
2013-06-27,96.8039495990649,4.572687795093399,-0.01890767756913192
2013-06-28,89.4245067212157,4.493394769012626,-0.07929302608077293
2013-06-29,88.7972910578609,4.486356143427634,-0.007038625584992353
2013-06-30,89.4809076563413,4.49402528024886,0.0076691368212262745
2013-07-01,82.8675701344243,4.4172437930171,-0.07678148723176026
2013-07-02,87.8164666861484,4.475249030734432,0.05800523771733168
2013-07-03,77.6913308007014,4.3527436784423585,-0.12250535229207316
2013-07-04,79.1348708357686,4.371153622582848,0.018409944140489465
2013-07-05,67.4476238527177,4.211351353756254,-0.15980226882659387
2013-07-06,66.3416808883694,4.1948183706771065,-0.016532983079147634
2013-07-07,72.1095223728814,4.2781861073161265,0.08336773663901997
2013-07-08,73.9885537697253,4.303910402452677,0.025724295136550168
2013-07-09,74.8919108708358,4.316045885636594,0.01213548318391755
2013-07-10,85.0136791350088,4.442812174542416,0.12676628890582187
2013-07-11,87.4975493863238,4.471610785957923,0.02879861141550677
2013-07-12,90.0466987142022,4.5003284103636325,0.028717624405709685
2013-07-13,91.5925978959673,4.517350459418871,0.017022049055238853
2013-07-14,89.892269275862,4.49861194529794,-0.018738514120931526
2013-07-15,93.7961525423729,4.541123837499001,0.042511892201060775
2013-07-16,91.7810356516657,4.519405692969984,-0.021718144529016215
2013-07-17,91.0313512565751,4.511203966486725,-0.008201726483259009
2013-07-18,84.9617291174752,4.442200909422534,-0.06900305706419108
2013-07-19,86.2387945996493,4.45712012978621,0.014919220363675656
2013-07-20,84.9108591466978,4.441601990281809,-0.015518139504401063
2013-07-21,85.6643502618352,4.4504367561164155,0.008834765834606628
2013-07-22,85.6490286382233,4.450257883645962,-0.00017887247045322852
2013-07-23,86.977056691993,4.465644367691367,0.015386484045404991
2013-07-24,88.15173056692,4.479059540720599,0.013415173029232008
2013-07-25,90.166092226768,4.501653438730495,0.02259389800989542
2013-07-26,89.9839859731151,4.499631720866144,-0.0020217178643511247
2013-07-27,88.165275862069,4.479213187784487,-0.02041853308165642
2013-07-28,92.7458421975453,4.5298628724239265,0.05064968463943931
2013-07-29,93.2986972530684,4.535806144766194,0.005943272342267214
2013-07-30,96.659552893045,4.571195040842873,0.03538889607667972
2013-07-31,98.0244199298656,4.5852166305874675,0.01402158974459411
2013-08-01,96.5680178258329,4.57024760799239,-0.014969022595077597
2013-08-02,96.0745306838106,4.565124251544994,-0.0051233564473962545
2013-08-03,95.5067095265926,4.559196501841749,-0.0059277497032450555
2013-08-04,96.3654821741672,4.568148068761879,0.008951566920130105
2013-08-05,97.5271338398598,4.580130635080144,0.011982566318264887
2013-08-06,97.6712066043249,4.581606803271937,0.0014761681917931924
2013-08-07,97.0542068965517,4.5752696563988895,-0.006337146873047317
2013-08-08,94.2572717708942,4.546027977419741,-0.02924167897914831
2013-08-09,92.4727767387493,4.526914295674974,-0.01911368174476724
2013-08-10,93.293552893045,4.535751004640914,0.008836708965939799
2013-08-11,94.271312390415,4.546176926923703,0.01042592228278938
2013-08-12,95.4464707773232,4.558565574918491,0.012388647994788116
2013-08-13,97.7590750847458,4.582506034297778,0.023940459379287127
2013-08-14,99.1212875511397,4.596344227058349,0.013838192760570855
2013-08-15,98.1063331385155,4.5860519224744465,-0.010292304583902734
2013-08-16,98.2909602571596,4.587932062163124,0.0018801396886773958
2013-08-17,99.6305043834015,4.601468386609458,0.013536324446334014
2013-08-18,99.1780397428405,4.596916616224008,-0.004551770385449849
2013-08-19,102.784012273524,4.632629818295077,0.03571320207106865
2013-08-20,104.500210987726,4.649189090424129,0.016559272129052616
2013-08-21,110.801603740503,4.707741248400699,0.05855215797656932
2013-08-22,109.523216832262,4.696136552647655,-0.011604695753043792
2013-08-23,107.697571595558,4.679327036048879,-0.01680951659877561
2013-08-24,108.882675043834,4.690270926776103,0.010943890727223682
2013-08-25,113.082563413209,4.728118201592231,0.03784727481612826
2013-08-26,112.11811484512,4.719552912429941,-0.00856528916229049
2013-08-27,117.759790765634,4.768646878192592,0.04909396576265124
2013-08-28,118.317414377557,4.773370965370978,0.004724087178385794
2013-08-29,118.835638223261,4.777741346986312,0.004370381615334651
2013-08-30,124.885379602572,4.827396353454963,0.04965500646865095
2013-08-31,128.377978959673,4.854978873118128,0.027582519663164717
2013-09-01,130.536372004676,4.871651900609094,0.016673027490965886
2013-09-02,129.565371712449,4.864185554638828,-0.007466345970265742
2013-09-03,129.182803623612,4.861228483601606,-0.002957071037221759
2013-09-04,122.529238749269,4.808349685171869,-0.052878798429737195
2013-09-05,122.370085037989,4.807049936922472,-0.001299748249397048
2013-09-06,117.861146405611,4.769507206204571,-0.037542730717901485
2013-09-07,119.814989479836,4.78594879872113,0.016441592516559744
2013-09-08,118.057386323787,4.771170831025953,-0.014777967695177807
2013-09-09,121.259272647575,4.797931002337412,0.02676017131145958
2013-09-10,122.215530189363,4.805786126955121,0.007855124617709208
2013-09-11,127.088227060199,4.844881546526778,0.03909541957165619
2013-09-12,126.780723553478,4.84245900799763,-0.0024225385291476442
2013-09-13,127.407745178258,4.847392535468021,0.004933527470391219
2013-09-14,124.348477498539,4.823087926495641,-0.02430460897237996
2013-09-15,125.076417884278,4.8289248935824745,0.0058369670868332335
2013-09-16,126.204665984804,4.837904922361855,0.008980028779380866
2013-09-17,126.897250146113,4.843377705030181,0.0054727826683258485
2013-09-18,126.903819403857,4.843429472012544,5.176698236297739e-05
2013-09-19,124.180957334892,4.8217398351588585,-0.021689636853685634
2013-09-20,122.921635885447,4.811547045711369,-0.01019278944748958
2013-09-21,123.508256867329,4.816308011058523,0.004760965347154311
2013-09-22,123.124935125658,4.813199572593905,-0.0031084384646185015
2013-09-23,122.865699006429,4.811091880842858,-0.0021076917510463034
2013-09-24,123.797357685564,4.818646016610476,0.0075541357676174314
2013-09-25,123.614078609001,4.817164443140522,-0.001481573469954256
2013-09-26,124.68567445938,4.825795966049725,0.008631522909203326
2013-09-27,126.605347749854,4.841074750128,0.015278784078274654
2013-09-28,126.796551724138,4.842583847028756,0.0015090969007562904
2013-09-29,127.108627703098,4.845042057111866,0.0024582100831098685
2013-09-30,126.090261835184,4.836998014256728,-0.008044042855138045
2013-10-01,127.575424313267,4.848707752935231,0.011709738678503001
2013-10-02,104.105092928112,4.645400897845076,-0.20330685509015467
2013-10-03,117.575495032145,4.767080638174321,0.12167974032924533
2013-10-04,121.930347749854,4.803449961613165,0.03636932343884336
2013-10-05,121.393402688486,4.799036533561302,-0.004413428051862844
2013-10-06,122.475261250731,4.807909060616717,0.008872527055415524
2013-10-07,123.906872589129,4.819530255935571,0.011621195318853417
2013-10-08,124.76652893045,4.826444222291223,0.0069139663556523345
2013-10-09,125.933520312683,4.835754151146872,0.009309928855648408
2013-10-10,126.704650496785,4.841858791442637,0.006104640295765407
2013-10-11,127.25529924021,4.846195298887382,0.00433650744474523
2013-10-12,127.851263004091,4.850867580484576,0.004672281597193795
2013-10-13,132.415658679135,4.8859459044791,0.03507832399452404
2013-10-14,135.339194915254,4.907784182177357,0.02183827769825708
2013-10-15,141.493908533022,4.952256666920054,0.044472484742696494
2013-10-16,138.327921917008,4.929627112125202,-0.02262955479485118
2013-10-17,143.74713383986,4.968055740973363,0.038428628848160784
2013-10-18,152.775572180012,5.028969996020321,0.06091425504695813
2013-10-19,165.772717124489,5.110617676232583,0.08164768021226187
2013-10-20,166.500151081239,5.114996216814916,0.004378540582332668
2013-10-21,179.910628579778,5.192460219699231,0.07746400288431499
2013-10-22,190.402781414378,5.249141730519358,0.056681510820126846
2013-10-23,204.600350964348,5.321058568884324,0.07191683836496665
2013-10-24,194.41004376505,5.2699695561498014,-0.05108901273452293
2013-10-25,185.64378762595,5.2238297172350245,-0.04613983891477691
2013-10-26,179.808218001169,5.191890827339897,-0.03193888989512761
2013-10-27,194.546133255406,5.270669323907454,0.07877849656755664
2013-10-28,196.274687317358,5.279515143998643,0.008845820091189616
2013-10-29,204.428174167154,5.320216687221875,0.04070154322323205
2013-10-30,197.900599420982,5.287764881512381,-0.0324518057094938
2013-10-31,203.283649912332,5.31460229394877,0.026837412436388597
2013-11-01,203.037109849386,5.313388769474431,-0.0012135244743394225
2013-11-02,204.792881355932,5.321999133557006,0.00861036408257565
2013-11-03,210.275382611748,5.34841801742477,0.026418883867763476
2013-11-04,228.79103886616,5.432809092943888,0.08439107551911817
2013-11-05,243.641668907072,5.495698575834299,0.06288948289041141
2013-11-06,263.209583987142,5.572950612113221,0.07725203627892174
2013-11-07,290.124226183518,5.670309197407995,0.09735858529477426
2013-11-08,333.750656511981,5.810394176789621,0.14008497938162545
2013-11-09,331.051148451198,5.802272890481883,-0.008121286307737563
2013-11-10,327.558653499708,5.791667133695371,-0.010605756786512543
2013-11-11,342.697692869667,5.836848696642165,0.04518156294679443
2013-11-12,354.645488310929,5.871118666041529,0.03426996939936355
2013-11-13,394.50449522443,5.977630534959742,0.10651186891821318
2013-11-14,416.706303302747,6.032381665030456,0.05475113007071375
2013-11-15,408.398797334892,6.012244141464656,-0.020137523565799675
2013-11-16,435.798442767387,6.0771798492305855,0.0649357077659296
2013-11-17,485.33657685564,6.1848426231478655,0.10766277391727996
2013-11-18,657.778503874927,6.488868254405132,0.3040256312572662
2013-11-19,546.878397311514,6.304226469319351,-0.18464178508578044
2013-11-20,595.339099649328,6.38913115858256,0.08490468926320904
2013-11-21,720.764425260082,6.580312350553515,0.19118119197095496
2013-11-22,802.916933718294,6.688251263662334,0.10793891310881865
2013-11-23,834.295339989129,6.726587464358603,0.03833620069626953
2013-11-24,807.166695499708,6.693530208896472,-0.033057255462131785
2013-11-25,816.243386616014,6.704712578402859,0.011182369506387069
2013-11-26,916.097160140269,6.820122429071231,0.11540985066837184
2013-11-27,962.910560911748,6.86996053200388,0.04983810293264934
2013-11-28,1007.38716364699,6.9151152911686165,0.045154759164736546
2013-11-29,1128.7254880187,7.02884438845438,0.11372909728576364
2013-11-30,1119.29671478667,7.020455833830314,-0.008388554624065847
2013-12-01,964.485793687902,6.871595103038658,-0.14886073079165651
2013-12-02,1040.80821770894,6.947752822736822,0.07615771969816443
2013-12-03,1053.62102744828,6.959988107944687,0.012235285207864877
2013-12-04,1134.93223088837,7.034328219664485,0.07434011171979815
2013-12-05,1027.411772827,6.934798076821905,-0.0995301428425801
2013-12-06,824.581710337814,6.714876239985361,-0.21992183683654432
2013-12-07,703.748376025716,6.556420871850124,-0.15845536813523697
2013-12-08,783.573348334307,6.663864673667452,0.10744380181732804
2013-12-09,896.079289888954,6.798028902239277,0.13416422857182475
2013-12-10,977.165367329047,6.884655898036194,0.08662699579691768
2013-12-11,875.464034272355,6.774754070667762,-0.10990182736843224
2013-12-12,873.324805987727,6.772307543903173,-0.0024465267645892297
2013-12-13,879.156135300994,6.778962510239909,0.006654966336736123
2013-12-14,852.856120526008,6.748590858617392,-0.030371651622516538
2013-12-15,864.0616578609,6.761644129522749,0.013053270905357017
2013-12-16,677.894106801286,6.518991091083431,-0.24265303843931818
2013-12-17,682.62677270602,6.525948257364782,0.0069571662813503465
2013-12-18,526.12097632671,6.26553117930993,-0.2604170780548518
2013-12-19,685.525128959673,6.530185156185589,0.2646539768756595
2013-12-20,600.216954260666,6.397291180292523,-0.13289397589306606
2013-12-21,597.033502548217,6.391973229989254,-0.005317950303268759
2013-12-22,615.013035271771,6.421643463145751,0.029670233156496195
2013-12-23,657.926634155465,6.489093426864952,0.0674499637192012
2013-12-24,650.664745178258,6.477994525193382,-0.011098901671569905
2013-12-25,678.290158094681,6.519575158182432,0.04158063298905024
2013-12-26,749.996594956166,6.620068666461605,0.1004935082791727
2013-12-27,722.570567492694,6.582815086487224,-0.03725357997438117
2013-12-28,715.852363078901,6.573473948881982,-0.009341137605241912
2013-12-29,727.271215663355,6.589299469398555,0.015825520516573377
2013-12-30,735.741997077732,6.600879509824023,0.011580040425467786
2013-12-31,729.557582910579,6.592438299611986,-0.008441210212036587
2014-01-01,752.404549944594,6.6232741446502095,0.03083584503822312
2014-01-02,784.954921314436,6.665626291056374,0.04235214640616469
2014-01-03,807.222939029807,6.693599886660648,0.027973595604273704
2014-01-04,828.602062618352,6.7197400189213425,0.02614013226069467
2014-01-05,902.487380263004,6.805154707021187,0.08541468809984476
2014-01-06,914.459960841613,6.8183336843044895,0.013178977283302196
2014-01-07,803.351796198714,6.688792720372466,-0.12954096393202352
2014-01-08,820.690009503214,6.710145461420613,0.021352741048146662
2014-01-09,831.334750487434,6.723032542246563,0.01288708082595047
2014-01-10,853.298854844603,6.749109843510235,0.026077301263671693
2014-01-11,889.555837119345,6.790722278738121,0.04161243522788638
2014-01-12,845.191332220924,6.739563030389888,-0.05115924834823282
2014-01-13,822.877012197545,6.712806751110945,-0.02675627927894375
2014-01-14,815.293602711864,6.703548297093084,-0.009258454017860629
2014-01-15,841.089857364115,6.734698500120407,0.031150203027323187
2014-01-16,815.854800298071,6.704236398319575,-0.030462101800831753
2014-01-17,792.829506475745,6.6756082003804,-0.028628197939175593
2014-01-18,809.783528356386,6.696766963006389,0.021158762625988814
2014-01-19,838.428474734073,6.731529276174767,0.03476231316837808
2014-01-20,828.885216592636,6.720081685467553,-0.011447590707213351
2014-01-21,823.817963763881,6.713949587741268,-0.006132097726285757
2014-01-22,818.976386323787,6.708055251109921,-0.00589433663134642
2014-01-23,810.922425195792,6.698172396267587,-0.009882854842333977
2014-01-24,781.042513950906,6.660629583634588,-0.0375428126329993
2014-01-25,804.403240800701,6.690100686732626,0.029471103098037688
2014-01-26,814.499381373466,6.702573668524888,0.012472981792262416
2014-01-27,742.701374970777,6.610294045987361,-0.09227962253752686
2014-01-28,790.176401876096,6.672256214048827,0.061962168061465484
2014-01-29,793.38442490941,6.676307877070061,0.004051663021233942
2014-01-30,799.474479836353,6.683954611609894,0.007646734539833666
2014-01-31,803.237598784921,6.688650559078059,0.004695947468165151
2014-02-01,813.219549216833,6.701001121328535,0.012350562250476038
2014-02-02,814.490870426651,6.702563219172222,0.0015620978436867716
2014-02-03,806.997428372531,6.693320481613733,-0.009242737558489367
2014-02-04,800.078231893629,6.684709512753846,-0.008610968859886547
2014-02-05,784.473692777791,6.665013037866767,-0.019696474887079596
2014-02-06,763.569382232612,6.638003994442951,-0.02700904342381527
2014-02-07,711.571273419053,6.567475585976061,-0.07052840846689001
2014-02-08,677.682300941379,6.5186785954388915,-0.048796990537169904
2014-02-09,687.406054576271,6.532925172314493,0.014246576875601491
2014-02-10,685.457498836938,6.530086496842402,-0.0028386754720912677
2014-02-11,671.89969169024,6.510109061063431,-0.019977435778971042
2014-02-12,653.765780911747,6.482749154149736,-0.027359906913694942
2014-02-13,612.918414962011,6.418231835662794,-0.06451731848694209
2014-02-14,668.788602659264,6.505468020146911,0.08723618448411763
2014-02-15,654.377060198714,6.48368372996554,-0.021784290181371624
2014-02-16,623.250321948568,6.434948238967622,-0.04873549099791763
2014-02-17,631.334596306254,6.447835985561004,0.012887746593381877
2014-02-18,627.271761415484,6.441379878013378,-0.006456107547625933
2014-02-19,623.54013694623,6.435413136658832,-0.005966741354545668
2014-02-20,563.768561098773,6.334643814618615,-0.10076932204021727
2014-02-21,580.324315973115,6.363587112736594,0.028943298117979133
2014-02-22,607.12463333723,6.408734096732813,0.04514698399621864
2014-02-23,610.082323746347,6.41359390502271,0.004859808289896961
2014-02-24,542.266650753945,6.295757856020132,-0.1178360490025776
2014-02-25,533.707644436002,6.279848206707437,-0.015909649312694896
2014-02-26,587.57858829924,6.376010004390119,0.09616179768268207
2014-02-27,585.393925650058,6.372284997794757,-0.0037250065953626788
2014-02-28,551.29477030976,6.312269639444641,-0.06001535835011573
2014-03-01,567.534235441262,6.341301074304715,0.02903143486007398
2014-03-02,558.527707156633,6.325304227227932,-0.015996847076783283
2014-03-03,676.505732781999,6.516940921753798,0.19163669452586607
2014-03-04,674.51139943308,6.513988576072944,-0.002952345680853341
2014-03-05,670.338851099514,6.507783332447364,-0.006205243625580614
2014-03-06,667.712834003507,6.50385819189148,-0.003925140555883999
2014-03-07,631.770295213326,6.448525871139435,-0.05533232075204442
2014-03-08,621.524114496201,6.432174710674637,-0.01635116046479812
2014-03-09,640.578889322034,6.462372282092604,0.03019757141796653
2014-03-10,628.151241165985,6.442780967355479,-0.0195913147371245
2014-03-11,633.73383823495,6.451629052781321,0.008848085425841923
2014-03-12,634.646823717125,6.453068661042847,0.0014396082615260042
2014-03-13,643.432100859147,6.466816506098642,0.013747845055794627
2014-03-14,628.308590005845,6.443031431137574,-0.023785074961067743
2014-03-15,636.218650061368,6.455542293662752,0.01251086252517819
2014-03-16,634.168900970894,6.452315324274498,-0.003226969388253842
2014-03-17,622.760208649912,6.434161546862063,-0.018153777412435623
2014-03-18,614.309513717125,6.420498895136276,-0.013662651725787178
2014-03-19,610.511203474576,6.414296644692083,-0.006202250444192536
2014-03-20,586.607595710111,6.374356105164105,-0.03994053952797838
2014-03-21,569.694517995324,6.345100283823454,-0.029255821340650634
2014-03-22,564.700026703682,6.3362946639670525,-0.008805619856401492
2014-03-23,558.958861691408,6.32607587776618,-0.010218786200872465
2014-03-24,585.023250518995,6.37165159091898,0.04557571315280029
2014-03-25,583.771189094097,6.369509106558342,-0.0021424843606387967
2014-03-26,579.243850400994,6.36172354677101,-0.007785559787331309
2014-03-27,483.164012612507,6.180356166637824,-0.1813673801331861
2014-03-28,498.661328949153,6.211927165830054,0.03157099919222972
2014-03-29,489.517023547633,6.193419238786954,-0.01850792704309967
2014-03-30,458.966328275862,6.128976848493534,-0.06444239029342036
2014-03-31,455.355354056108,6.121078112056281,-0.007898736437252474
2014-04-01,479.008465867913,6.171718271300478,0.05064015924419696
2014-04-02,439.011492524839,6.0845255916045815,-0.08719267969589684
2014-04-03,449.441151519579,6.108004925473466,0.023479333868884567
2014-04-04,449.719869736996,6.108624877227946,0.0006199517544800415
2014-04-05,461.675331482174,6.134861898330648,0.026237021102701874
2014-04-06,458.633480544535,6.128251373743591,-0.0066105245870566876
2014-04-07,448.655275066394,6.106254831317639,-0.021996542425952725
2014-04-08,452.803098796026,6.1154573704963555,0.00920253917871694
2014-04-09,442.837984932203,6.093203980651682,-0.022253389844673954
2014-04-10,366.911866063413,5.905121672248494,-0.18808230840318796
2014-04-11,421.943528071303,6.044871485345103,0.13974981309660972
2014-04-12,424.274212647575,6.050379974135958,0.005508488790854749
2014-04-13,416.362321654004,6.031555846705321,-0.018824127430637105
2014-04-14,461.108246586649,6.1336328236475035,0.10207697694218254
2014-04-15,521.615299606078,6.256930342249134,0.12329751860163007
2014-04-16,531.481846731999,6.27566904241414,0.018738700165006783
2014-04-17,499.837551544721,6.214283148721198,-0.06138589369294234
2014-04-18,483.020013533606,6.180058088681513,-0.034225060039685395
2014-04-19,504.365595178488,6.223301392364096,0.043243303682583445
2014-04-20,501.55718444916,6.217717627719293,-0.005583764644803146
2014-04-21,498.084530300994,6.210769802180753,-0.006947825538540009
2014-04-22,489.503510029223,6.193391632586782,-0.01737816959397076
2014-04-23,490.63296754332,6.195696327983554,0.0023046953967718053
2014-04-24,503.291801028638,6.221170123223711,0.025473795240157138
2014-04-25,466.426171344243,6.1450997469787945,-0.07607037624491664
2014-04-26,459.22670981882,6.1295440092955324,-0.015555737683262016
2014-04-27,438.709363717287,6.083837152182557,-0.045706857112975285
2014-04-28,441.547805468089,6.090286293838116,0.00644914165555921
2014-04-29,447.709930772047,6.104145546756653,0.013859252918536846
2014-04-30,448.875715514009,6.106746046561148,0.002600499804494838
2014-05-01,460.194698255991,6.131649657013372,0.024903610452224
2014-05-02,452.239779761701,6.114212525372624,-0.017437131640748227
2014-05-03,438.978588005844,6.084450637411498,-0.029761887961125666
2014-05-04,436.675398644705,6.079190124223423,-0.005260513188074967
2014-05-05,432.338179035394,6.069208103840095,-0.00998202038332785
2014-05-06,430.128205394506,6.064083316329356,-0.005124787510739637
2014-05-07,442.18287609585,6.091723543331273,0.027640227001917594
2014-05-08,440.402762711864,6.087689678016551,-0.004033865314722718
2014-05-09,452.697999723553,6.115225235884665,0.02753555786811468
2014-05-10,456.75584628872,6.124148994932566,0.008923759047900326
2014-05-11,439.114476037405,6.084760144542827,-0.03938885038973883
2014-05-12,441.280955581531,6.08968176007923,0.0049216155364035785
2014-05-13,439.005774985389,6.084512567852859,-0.005169192226371244
2014-05-14,444.848205727645,6.09773311325035,0.013220545397491179
2014-05-15,446.96155873758,6.102472592565566,0.004739479315215789
2014-05-16,448.74215371128,6.106448454883679,0.003975862318112533
2014-05-17,449.2222893045,6.10751784163437,0.001069386750691237
2014-05-18,446.962641437756,6.102475014918995,-0.005042826715374815
2014-05-19,447.404856808884,6.103463904627157,0.0009888897081617998
2014-05-20,490.335648158971,6.195090152844627,0.09162624821747034
2014-05-21,493.933491817651,6.202400876176153,0.007310723331525715
2014-05-22,526.81428842782,6.266848092560945,0.06444721638479223
2014-05-23,523.699320280538,6.260917703366971,-0.00593038919397415
2014-05-24,527.691243132671,6.2685113458692925,0.007593642502321529
2014-05-25,573.312458796026,6.351430871399864,0.08291952553057147
2014-05-26,584.847974868498,6.3713519414396105,0.019921070039746525
2014-05-27,573.928269245471,6.352504422039302,-0.0188475194003086
2014-05-28,579.189318819404,6.361629399636623,0.009124977597321227
2014-05-29,570.349310929281,6.346248999319028,-0.015380400317595466
2014-05-30,620.846360607832,6.431083644894848,0.08483464557582021
2014-05-31,627.892420689655,6.442368847159576,0.011285202264728511
2014-06-01,630.074953535944,6.445838786175327,0.003469939015750434
2014-06-02,663.505723845704,6.497537480480649,0.05169869430532259
2014-06-03,672.387897136178,6.510835401872435,0.01329792139178565
2014-06-04,643.887368790181,6.467523817625809,-0.04331158424662629
2014-06-05,661.503558153127,6.494515362456836,0.02699154483102717
2014-06-06,650.133315897136,6.477177443239479,-0.017337919217356834
2014-06-07,656.800271770894,6.487379971918422,0.01020252867894289
2014-06-08,657.819974868498,6.48893129946676,0.0015513275483378663
2014-06-09,648.336322326125,6.474409577645468,-0.014521721821291855
2014-06-10,650.936609585038,6.478412263558111,0.004002685912642967
2014-06-11,631.489022209235,6.4480805579644445,-0.03033170559366649
2014-06-12,591.975077147867,6.383464534585413,-0.06461602337903116
2014-06-13,597.044999707773,6.391992486946874,0.008527952361460756
2014-06-14,575.559461718293,6.355342544663515,-0.03664994228335949
2014-06-15,589.724646405611,6.379655726953515,0.024313182290000235
2014-06-16,590.567482174167,6.3810839088271525,0.0014281818736376906
2014-06-17,609.080002922268,6.4119496267703715,0.030865717943219018
2014-06-18,607.629796025716,6.409565808402918,-0.002383818367453827
2014-06-19,595.751476914085,6.389823595059429,-0.01974221334348858
2014-06-20,591.531522793688,6.382714974971689,-0.007108620087739936
2014-06-21,592.764349503215,6.384796933008828,0.0020819580371389534
2014-06-22,599.634633547633,6.3963205256471145,0.011523592638286395
2014-06-23,589.552299824664,6.379363434998305,-0.016957090648809903
2014-06-24,579.973718585622,6.3629827897304,-0.016380645267904725
2014-06-25,562.236779953244,6.331923077807538,-0.031059711922861943
2014-06-26,580.749230274693,6.36431904625092,0.03239596844338166
2014-06-27,600.638305376973,6.397992932031905,0.033673885780985735
2014-06-28,594.390304208065,6.387536181372906,-0.010456750658999425
2014-06-29,600.840518410286,6.398329538938692,0.010793357565786366
2014-06-30,638.94611396844,6.459820122133784,0.061490583195091375
2014-07-01,642.95659672706,6.466077220757227,0.006257098623443369
2014-07-02,651.298347749854,6.478967828699536,0.012890607942308563
2014-07-03,646.413389130333,6.471439220374688,-0.007528608324847141
2014-07-04,630.635502922268,6.44672804575177,-0.02471117462291872
2014-07-05,630.468341905318,6.44646294305049,-0.0002651027012801066
2014-07-06,634.67267445938,6.453109392698345,0.006646449647855768
2014-07-07,622.854978959673,6.434313713134418,-0.018795679563927692
2014-07-08,624.894331092928,6.4375825651911,0.0032688520566823698
2014-07-09,621.939091759205,6.432842164727676,-0.004740400463424166
2014-07-10,616.522849795441,6.424095385657119,-0.008746779070556876
2014-07-11,634.494378141438,6.452828426818008,0.028733041160888817
2014-07-12,636.923957934541,6.456650273147371,0.003821846329363332
2014-07-13,629.87575043834,6.445522578408411,-0.011127694738959804
2014-07-14,619.197459088252,6.428424218727453,-0.01709835968095863
2014-07-15,621.934601402689,6.432834944771919,0.004410726044466351
2014-07-16,616.351882232612,6.423818037830153,-0.009016906941766045
2014-07-17,624.259274985389,6.436565786855496,0.012747749025343147
2014-07-18,630.750140268849,6.446909809905366,0.010344023049869477
2014-07-19,629.17336440678,6.444406837813157,-0.0025029720922082888
2014-07-20,625.248676212741,6.438149452542758,-0.006257385270399318
2014-07-21,621.305331385155,6.431822638048693,-0.006326814494064692
2014-07-22,619.823264465225,6.429434380088425,-0.002388257960268092
2014-07-23,619.772816773817,6.429352986330895,-8.139375753035694e-05
2014-07-24,602.87964552893,6.401717583984876,-0.0276354023460188
2014-07-25,601.578514319112,6.399557057767662,-0.002160526217213743
2014-07-26,594.702607247224,6.388061460841535,-0.011495596926127227
2014-07-27,591.575444184687,6.382789222511844,-0.005272238329690815
2014-07-28,587.493004967855,6.3758643395097385,-0.006924883002105808
2014-07-29,584.11239333723,6.370093418655837,-0.005770920853901629
2014-07-30,562.914625073057,6.3331279737865,-0.03696544486933728
2014-07-31,581.975561952075,6.3664284570767755,0.033300483290275906
2014-08-01,596.506759205143,6.391090572915754,0.024662115838978593
2014-08-02,589.757261542957,6.379711031129246,-0.011379541786507907
2014-08-03,586.753736703682,6.374605203187517,-0.005105827941728869
2014-08-04,587.60833547633,6.3760606298293485,0.0014554266418311812
2014-08-05,581.881988603156,6.366267658447981,-0.009792971381367366
2014-08-06,582.248371420222,6.3668971117149775,0.0006294532669963715
2014-08-07,586.046633547633,6.373399365843558,0.006502254128580631
2014-08-08,589.024412624196,6.378467630371939,0.00506826452838105
2014-08-09,588.978521332554,6.378389716658242,-7.791371369680888e-05
2014-08-10,589.373502045587,6.379060111786337,0.0006703951280941922
2014-08-11,573.441483927528,6.351655898107406,-0.02740421367893031
2014-08-12,568.307520163647,6.3426626809511335,-0.00899321715627277
2014-08-13,548.370175336061,6.306950561337004,-0.035712119614129456
2014-08-14,505.107499707773,6.224771277330067,-0.08217928400693708
2014-08-15,500.323060132671,6.215254010041704,-0.009517267288362774
2014-08-16,521.7479628872,6.257184641564829,0.04193063152312515
2014-08-17,497.764658971362,6.210127392980487,-0.047057248584342126
2014-08-18,468.957918176505,6.15051303771805,-0.05961435526243708
2014-08-19,486.794350672122,6.187841756017525,0.037328718299474595
2014-08-20,515.120353886616,6.244400570228093,0.05655881421056819
2014-08-21,519.307852133255,6.252496871346886,0.008096301118793114
2014-08-22,516.159368790181,6.246415572040446,-0.00608129930644008
2014-08-23,497.12575949737,6.208843031306159,-0.03757254073428662
2014-08-24,508.430741963764,6.231329005551231,0.022485974245071816
2014-08-25,501.610286674459,6.217823496832631,-0.013505508718600012
2014-08-26,511.852321741672,6.238036149336096,0.02021265250346449
2014-08-27,510.162323787259,6.234728957013223,-0.0033071923228726874
2014-08-28,506.285151665693,6.227100051399247,-0.007628905613976222
2014-08-29,508.866571887785,6.232185844441399,0.005085793042152176
2014-08-30,501.275723261251,6.2171562955309785,-0.01502954891042041
2014-08-31,478.511425482174,6.170680088313634,-0.0464762072173448
2014-09-01,474.541489772063,6.162349053156954,-0.008331035156679434
2014-09-02,474.430670660433,6.16211549707016,-0.00023355608679409556
2014-09-03,473.95920338983,6.161121249193118,-0.0009942478770419427
2014-09-04,489.555201344243,6.193497226489309,0.03237597729619068
2014-09-05,478.749782875511,6.171178086971016,-0.022319139518292452
2014-09-06,480.64249181765,6.175123733496548,0.003945646525531643
2014-09-07,478.36550087668,6.170375086484024,-0.0047486470125237545
2014-09-08,468.975495908825,6.150550519552172,-0.019824566931852416
2014-09-09,473.51202717709,6.160177312888739,0.009626793336567019
2014-09-10,477.778417592051,6.169147063490691,0.00896975060195171
2014-09-11,477.270682057276,6.168083797564791,-0.001063265925899337
2014-09-12,473.997282291058,6.161201588115471,-0.006882209449320165
2014-09-13,477.960973991818,6.169529084789792,0.008327496674320756
2014-09-14,475.648063997662,6.164678219419568,-0.0048508653702237226
2014-09-15,472.655629748685,6.158367067831209,-0.006311151588358932
2014-09-16,464.177754529515,6.140267570523819,-0.018099497307390244
2014-09-17,456.339891291642,6.123237907499493,-0.01702966302432607
2014-09-18,426.880106954997,6.056503193837671,-0.06673471366182149
2014-09-19,393.893890707189,5.976081560100779,-0.0804216337368926
2014-09-20,411.041342781999,6.018693800147788,0.04261224004700903
2014-09-21,400.404530683811,5.99247536277118,-0.026218437376607895
2014-09-22,400.881622150789,5.99366617711801,0.0011908143468302157
2014-09-23,438.491800993571,6.083341113789246,0.08967493667123616
2014-09-24,423.700091759205,6.04902587419894,-0.034315239590306135
2014-09-25,409.537749853887,6.015029084279703,-0.033996789919236825
2014-09-26,405.298251899474,6.004623220522257,-0.010405863757446454
2014-09-27,400.599334599649,5.9929617622209745,-0.011661458301282401
2014-09-28,375.549989772063,5.928391590897466,-0.06457017132350895
2014-09-29,373.0645578609,5.921751482042722,-0.006640108854743865
2014-09-30,389.264040411455,5.964257880484793,0.04250639844207171
2014-10-01,382.909365867914,5.9477983185338354,-0.01645956195095799
2014-10-02,372.525699006429,5.920306026061157,-0.027492292472678592
2014-10-03,357.665713617767,5.879598789330242,-0.04070723673091514
2014-10-04,328.826113091759,5.795529079407302,-0.0840697099229395
2014-10-05,322.826261542957,5.777114288548071,-0.018414790859231367
2014-10-06,326.803532729398,5.789359172992897,0.012244884444825743
2014-10-07,333.570194915254,5.809853322713984,0.020494149721087318
2014-10-08,354.407334307423,5.870446913515159,0.06059359080117499
2014-10-09,361.716424897721,5.890860548205502,0.020413634690343407
2014-10-10,358.890390810053,5.883017023791378,-0.007843524414123948
2014-10-11,361.908376972531,5.891391077504156,0.008374053712777219
2014-10-12,377.871243717124,5.934553512506712,0.04316243500255634
2014-10-13,391.994208942139,5.971247066574551,0.03669355406783925
2014-10-14,400.880592054354,5.993663607537113,0.022416540962561626
2014-10-15,394.625879894798,5.97793817657424,-0.015725430962873155
2014-10-16,382.321476329632,5.946261815764937,-0.03167636080930247
2014-10-17,382.200789596727,5.945946097729541,-0.00031571803539609533
2014-10-18,391.293177089421,5.969457092543575,0.023510994814033737
2014-10-19,388.684497954413,5.962767955288793,-0.006689137254781485
2014-10-20,381.190858562244,5.943300190805843,-0.0194677644829504
2014-10-21,385.204633541204,5.953774708774791,0.01047451796894805
2014-10-22,380.778763296318,5.942218532707454,-0.011556176067337276
2014-10-23,357.344793103448,5.878701122700584,-0.06351741000686939
2014-10-24,357.48843395675,5.879103009042176,0.00040188634159132874
2014-10-25,345.811246639392,5.845893096258171,-0.0332099127840042
2014-10-26,353.081956165985,5.866700200427794,0.020807104169622725
2014-10-27,350.015711864407,5.85797804451705,-0.008722155910744434
2014-10-28,354.653805084746,5.871142116717132,0.013164072200082089
2014-10-29,333.599350087668,5.8099407223042405,-0.0612013944128913
2014-10-30,344.609382232613,5.842411550167227,0.03247082786298616
2014-10-31,337.182912624196,5.820625550538246,-0.021785999628980868
2014-11-01,324.371315020456,5.781888893610403,-0.038736656927842894
2014-11-02,324.248566627703,5.781510402609151,-0.00037849100125164625
2014-11-03,325.361865575687,5.784937995464037,0.003427592854885475
2014-11-04,329.657703974284,5.798054855449386,0.013116859985348839
2014-11-05,338.805765341905,5.825426979580884,0.027372124131498587
2014-11-06,349.689911747516,5.857046795347565,0.031619815766680937
2014-11-07,342.133288135593,5.835200392527676,-0.021846402819889477
2014-11-08,345.716332554062,5.845618590688815,0.010418198161139536
2014-11-09,363.610051724138,5.896082006927088,0.050463416238272885
2014-11-10,365.502253945061,5.901272445915172,0.005190438988083912
2014-11-11,367.825466978375,5.907608551149915,0.006336105234742817
2014-11-12,422.591419637639,6.046405801231486,0.13879725008157084
2014-11-13,421.914471654004,6.044802619689222,-0.0016031815422632434
2014-11-14,398.388882817066,5.987428620745466,-0.05737399894375628
2014-11-15,377.993840736411,5.934877901138714,-0.05255071960675206
2014-11-16,390.205823495032,5.966674352462656,0.03179645132394171
2014-11-17,387.501031560491,5.959718510881448,-0.006955841581207878
2014-11-18,373.864564582116,5.9238936050450075,-0.03582490583644038
2014-11-19,377.613398012858,5.933870915667451,0.009977310622443447
2014-11-20,356.181265341905,5.875439773576518,-0.05843114209093336
2014-11-21,350.748858854471,5.860070465533147,-0.015369308043371
2014-11-22,352.455514611338,5.864924414604325,0.004853949071178754
2014-11-23,367.773242255991,5.907466558724381,0.042542144120055525
2014-11-24,376.994223845704,5.932229865966457,0.024763307242076316
2014-11-25,376.755630040912,5.93159678110009,-0.0006330848663669286
2014-11-26,367.530208065459,5.906805514092329,-0.024791267007761242
2014-11-27,369.530227352425,5.9122325431381935,0.005427029045864451
2014-11-28,377.896931911163,5.934621491537524,0.02238894839933092
2014-11-29,376.07633547633,5.929792142668003,-0.004829348869521688
2014-11-30,378.690397136178,5.936718977142827,0.006926834474824339
2014-12-01,379.111978959673,5.937831620439511,0.001112643296684368
2014-12-02,382.946796317943,5.9478960665233584,0.010064446083847045
2014-12-03,375.916019286967,5.929365765482713,-0.018530301040645014
2014-12-04,368.845568088837,5.9103780417744245,-0.01898772370828894
2014-12-05,378.428329631794,5.936026701266971,0.025648659492546244
2014-12-06,375.13795119813,5.927293828184563,-0.008732873082407444
2014-12-07,376.639793103448,5.9312892747499895,0.003995446565426164
2014-12-08,363.215676797195,5.894996808783515,-0.03629246596647473
2014-12-09,351.106837814144,5.861090558388173,-0.033906250395341786
2014-12-10,347.881393921683,5.851861599617306,-0.00922895877086738
2014-12-11,348.593006136762,5.853905070167398,0.0020434705500926853
2014-12-12,353.190612507306,5.867007889971457,0.013102819804058363
2014-12-13,349.242945061368,5.855767797679265,-0.011240092292191584
2014-12-14,356.07972150789,5.8751546426018395,0.019386844922574475
2014-12-15,347.095181472823,5.849599040526561,-0.025555602075278294
2014-12-16,328.613320280538,5.794881741240924,-0.05471729928563729
2014-12-17,320.297613383986,5.769250605397799,-0.02563113584312493
2014-12-18,313.511651179427,5.747836524229037,-0.021414081168762422
2014-12-19,318.242888661601,5.762814892055419,0.014978367826382843
2014-12-20,330.065758328463,5.799291902271372,0.03647701021595218
2014-12-21,320.992670075979,5.77141828821503,-0.027873614056341367
2014-12-22,331.842584453536,5.804660713262811,0.03324242504778052
2014-12-23,336.084128579778,5.817361511300604,0.012700798037792893
2014-12-24,323.032297779077,5.777752311347755,-0.039609199952848506
2014-12-25,318.996144360023,5.765179016066105,-0.01257329528165041
2014-12-26,329.210341905319,5.796696883574712,0.03151786750860719
2014-12-27,315.968443892461,5.755642347500653,-0.041054536074058845
2014-12-28,317.010480420807,5.758934834595144,0.0032924870944910367
2014-12-29,313.065531560491,5.746412534634108,-0.012522299961036154
2014-12-30,310.442004091175,5.737997101612488,-0.008415433021619734
2014-12-31,320.662287258913,5.7703885047076,0.03239140309511157
2015-01-01,314.77647194623,5.751862774062138,-0.018525730645461813
2015-01-02,315.942731735827,5.755560968478918,0.0036981944167804315
2015-01-03,285.647309760374,5.6547578671683905,-0.10080310131052794
2015-01-04,263.334574810053,5.5734253712504005,-0.08133249591798997
2015-01-05,275.003851548802,5.616785103200501,0.04335973195010023
2015-01-06,287.549521040327,5.661395092501367,0.04460998930086646
2015-01-07,297.535565166569,5.695533764618921,0.03413867211755406
2015-01-08,284.342391876096,5.650179117200363,-0.045354647418558436
2015-01-09,292.501114552893,5.678468477101893,0.02828935990152992
2015-01-10,276.230532144944,5.621235778475198,-0.05723269862669511
2015-01-11,268.755515488019,5.593802101977401,-0.02743367649779671
2015-01-12,268.617232028054,5.59328743701288,-0.0005146649645206836
2015-01-13,224.108117767388,5.412128604012429,-0.18115883300045166
2015-01-14,175.637640561075,5.168423012222936,-0.24370559178949236
2015-01-15,212.341011396844,5.358193526674978,0.18977051445204207
2015-01-16,207.595204850964,5.335590053004566,-0.022603473670412377
2015-01-17,199.824836645237,5.29744116602263,-0.038148886981935526
2015-01-18,211.132518410286,5.352485985673468,0.05504481965083752
2015-01-19,216.894694915254,5.379411958867293,0.026925973193825392
2015-01-20,211.919853886616,5.356208155489322,-0.0232038033779709
2015-01-21,227.904210403273,5.428925410864979,0.07271725537565654
2015-01-22,233.647382817066,5.453813067787171,0.02488765692219186
2015-01-23,233.132852425482,5.451608473157274,-0.002204594629897194
2015-01-24,249.08212390415,5.517782656963842,0.06617418380656837
2015-01-25,254.51794126242,5.5393713296253715,0.02158867266152953
2015-01-26,273.952244886032,5.612953802460914,0.07358247283554231
2015-01-27,264.753804500292,5.578800354539898,-0.03415344792101571
2015-01-28,235.735840444185,5.462711857967201,-0.11608849657269715
2015-01-29,233.957373465809,5.455138934087672,-0.007572923879529014
2015-01-30,228.896189947399,5.433268581767124,-0.02187035232054768
2015-01-31,217.332156049094,5.38142685629185,-0.0518417254752741
2015-02-01,227.111301285798,5.425440211351106,0.0440133550592563
2015-02-02,240.092419929866,5.481023932257655,0.05558372090654817
2015-02-03,227.775695791935,5.42836135432881,-0.05266257792884499
2015-02-04,226.781134132087,5.42398538555459,-0.00437596877421953
2015-02-05,217.011151081239,5.379948739691316,-0.04403664586327416
2015-02-06,222.724969316189,5.4059376888412425,0.025988949149926555
2015-02-07,228.647127410871,5.432179886766327,0.0262421979250842
2015-02-08,224.035988895383,5.411806703661378,-0.02037318310494829
2015-02-09,220.768493863238,5.39711461338485,-0.014692090276528624
2015-02-10,220.888154295734,5.3976564842518355,0.0005418708669857608
2015-02-11,219.495859731151,5.391333370064671,-0.006323114187164691
2015-02-12,222.583227936879,5.405301089807265,0.013967719742594475
2015-02-13,236.555363822326,5.4661822770359985,0.06088118722873315
2015-02-14,257.627695791935,5.55151550317115,0.08533322613515182
2015-02-15,234.445803039158,5.457224444070857,-0.09429105910029367
2015-02-16,235.086126826417,5.459951944134179,0.002727500063322452
2015-02-17,243.905794272355,5.49678206169391,0.03683011755973098
2015-02-18,235.995232320281,5.463811602788838,-0.03297045890507189
2015-02-19,241.872253945061,5.488409710520884,0.024598107732045627
2015-02-20,245.530775277615,5.503422296924268,0.015012586403384098
2015-02-21,245.596002630041,5.503687920204218,0.00026562327995005575
2015-02-22,236.690668322618,5.466754091672734,-0.03693382853148375
2015-02-23,239.066017825833,5.476739739001041,0.009985647328306868
2015-02-24,239.869262127411,5.480094033780847,0.0033542947798057554
2015-02-25,238.236111046172,5.4732622451211865,-0.006831788659660276
2015-02-26,237.044402396259,5.468247475469909,-0.005014769651277895
2015-02-27,255.116774400935,5.541721379163637,0.07347390369372864
2015-02-28,254.948448568089,5.541061362242756,-0.0006600169208814677
2015-03-01,260.651330800701,5.563183616901066,0.02212225465830997
2015-03-02,276.322613676213,5.621569073228174,0.05838545632710801
2015-03-03,282.705900935126,5.644407137969939,0.022838064741764974
2015-03-04,273.447536528346,5.611109780896272,-0.03329735707366677
2015-03-05,276.268809175921,5.621374338028759,0.010264557132487084
2015-03-06,273.31811484512,5.610636372644243,-0.010737965384516102
2015-03-07,276.403357393337,5.621861238684203,0.01122486603996009
2015-03-08,275.338033898305,5.617999556977011,-0.0038616817071917
2015-03-09,290.130059029807,5.670329301856813,0.05232974487980169
2015-03-10,292.320383109293,5.67785040321071,0.007521101353897386
2015-03-11,296.693329339568,5.692699044197953,0.01484864098724259
2015-03-12,295.800344827586,5.6896847160217465,-0.0030143281762065044
2015-03-13,285.911026300409,5.655680665567472,-0.0340040504542749
2015-03-14,283.608306253653,5.647594082852669,-0.008086582714802226
2015-03-15,287.270142022209,5.6604230344523145,0.012828951599645144
2015-03-16,291.392118059614,5.674669844869597,0.014246810417282596
2015-03-17,285.248396551724,5.653360367522964,-0.02130947734663291
2015-03-18,257.286160140269,5.550188929035234,-0.10317143848773025
2015-03-19,262.092947983635,5.568699204143795,0.018510275108560847
2015-03-20,262.966492109877,5.572026617634553,0.0033274134907586017
2015-03-21,261.18429748685,5.565226278776084,-0.0068003388584694235
2015-03-22,268.899415838691,5.594337390861493,0.02911111208540884
2015-03-23,266.777992986558,5.5864168255815105,-0.007920565279982306
2015-03-24,246.835082992402,5.5087204334375865,-0.07769639214392399
2015-03-25,246.719136762127,5.508250591512354,-0.0004698419252324726
2015-03-26,249.532993571011,5.5195911452103665,0.011340553698012457
2015-03-27,247.378898305085,5.510921162485111,-0.00866998272525521
2015-03-28,253.23161396844,5.534304540171209,0.02338337768609744
2015-03-29,242.967614260666,5.492928159811228,-0.04137638035998048
2015-03-30,248.336934541204,5.514786431114508,0.02185827130327933
2015-03-31,244.712485680888,5.50008399358864,-0.014702437525867751
2015-04-01,247.185819403857,5.5101403590669795,0.010056365478339657
2015-04-02,253.630070426651,5.535876789771285,0.025736430704305313
2015-04-03,254.83316364699,5.540609070828935,0.004732281057649779
2015-04-04,253.945848626534,5.537121049905659,-0.003488020923275492
2015-04-05,261.112136177674,5.564949955581116,0.027828905675456816
2015-04-06,256.367386908241,5.546611520810693,-0.018338434770423184
2015-04-07,254.831898012858,5.540604104296099,-0.0060074165145938
2015-04-08,245.825210403273,5.504620756572588,-0.035983347723511194
2015-04-09,243.860636177674,5.496596898911108,-0.008023857661480172
2015-04-10,235.871900642899,5.463288863773659,-0.0333080351374484
2015-04-11,237.40906779661,5.469784677725005,0.006495813951345575
2015-04-12,237.141042372881,5.4686550796215165,-0.0011295981034882274
2015-04-13,225.505635885447,5.418345151470537,-0.050309928150979566
2015-04-14,219.757236703682,5.392523467552894,-0.025821683917643057
2015-04-15,223.313907948568,5.40857844059921,0.01605497304631598
2015-04-16,228.493815312683,5.431509143502674,0.022930702903463995
2015-04-17,222.785060198714,5.406207451041456,-0.02530169246121794
2015-04-18,223.398044126242,5.4089551315665245,0.0027476805250685743
2015-04-19,223.284135300994,5.408445109752521,-0.0005100218140032808
2015-04-20,224.894903565167,5.41563319781552,0.007188088062998865
2015-04-21,234.939356516657,5.459327423465697,0.04369422565017711
2015-04-22,233.822418760958,5.4545619330678,-0.0047654903978973095
2015-04-23,235.933293687902,5.463549111206655,0.008987178138855079
2015-04-24,231.458592343659,5.444400990761669,-0.019148120444985928
2015-04-25,226.445992986558,5.4225064749309295,-0.021894515830739536
2015-04-26,220.503406779661,5.3959131450154425,-0.02659332991548702
2015-04-27,227.325990356517,5.426385068169151,0.030471923153708502
2015-04-28,225.549368790181,5.4185390653143815,-0.007846002854769552
2015-04-29,225.66928842782,5.419070602025216,0.0005315367108345015
2015-04-30,236.327976037405,5.465220569218109,0.04614996719289266
2015-05-01,232.746582700175,5.449950233773022,-0.015270335445086936
2015-05-02,235.540077147867,5.461881077949508,0.011930844176486488
2015-05-03,240.464248977206,5.482571425594448,0.0206903476449396
2015-05-04,238.976661309176,5.476365895737258,-0.0062055298571896955
2015-05-05,236.02338340152,5.463930882327123,-0.012435013410135198
2015-05-06,229.481219300429,5.435821193038489,-0.028109689288633888
2015-05-07,237.130687317358,5.4686114124371725,0.03279021939868354
2015-05-08,244.383472822911,5.498738601536693,0.03012718909952028
2015-05-09,242.705950029223,5.491850628415658,-0.0068879731210351736
2015-05-10,240.731483927528,5.483682137762165,-0.008168490653492455
2015-05-11,242.24983722969,5.489969578860186,0.006287441098020707
2015-05-12,242.209092051432,5.48980136985054,-0.00016820900964553687
2015-05-13,236.550265926359,5.466160726263205,-0.023640643587335752
2015-05-14,236.948916715371,5.4678445766174155,0.001683850354210925
2015-05-15,237.484502337814,5.470102368031139,0.002257791413723176
2015-05-16,235.812134424313,5.463035447442121,-0.007066920589017478
2015-05-17,236.963682933957,5.467906892827627,0.004871445385505879
2015-05-18,232.88384961543,5.450539829768922,-0.017367063058705057
2015-05-19,231.974446814728,5.446627222560155,-0.003912607208767405
2015-05-20,234.190306253653,5.456134059417379,0.009506836857224421
2015-05-21,235.553821741672,5.461939429772112,0.005805370354733164
2015-05-22,240.323203682057,5.481984699387618,0.020045269615505568
2015-05-23,238.963281706604,5.476309907101987,-0.005674792285630836
2015-05-24,240.711758328463,5.483600194150355,0.007290287048368427
2015-05-25,237.003543249562,5.468075091443468,-0.015525102706887672
2015-05-26,236.796261250731,5.467200114248093,-0.0008749771953748819
2015-05-27,237.203596434833,5.46891882904418,0.0017187147960875393
2015-05-28,236.956881940386,5.467878191842376,-0.001040637201804806
2015-05-29,236.646526592636,5.466567578841779,-0.0013106130005962058
2015-05-30,232.788770017534,5.450131475937459,-0.016436102904320293
2015-05-31,229.45054792519,5.4356875288318465,-0.014443947105612587
2015-06-01,223.282701928697,5.408438690232854,-0.027248838598992187
2015-06-02,225.320800993571,5.417525168935741,0.009086478702887035
2015-06-03,225.213063413209,5.4170469026346835,-0.0004782663010578503
2015-06-04,223.54007685564,5.409590712768984,-0.007456189865699514
2015-06-05,224.731071887785,5.414904451285841,0.005313738516856681
2015-06-06,225.160513150205,5.416813539640151,0.001909088354310029
2015-06-07,223.411685856225,5.4090161943817305,-0.00779734525842013
2015-06-08,228.774291350088,5.432735890212066,0.023719695830335397
2015-06-09,229.370529514904,5.435338728765625,0.0026028385535594722
2015-06-10,228.588487434249,5.43192338891253,-0.0034153398530953893
2015-06-11,229.584411747516,5.43627076905484,0.004347380142309731
2015-06-12,229.811218510228,5.437258182805435,0.0009874137505949676
2015-06-13,233.015344535359,5.451104307772196,0.013846124966761408
2015-06-14,232.507108708358,5.448920799649715,-0.00218350812248147
2015-06-15,236.7909628872,5.467177738798498,0.01825693914878368
2015-06-16,251.432676797195,5.527175267014243,0.059997528215745
2015-06-17,247.969317650497,5.513305019359915,-0.013870247654327983
2015-06-18,249.012479544126,5.517503013859918,0.0041979945000028
2015-06-19,244.803484219755,5.50045578346072,-0.0170472303991982
2015-06-20,245.582513150205,5.503632993209628,0.0031772097489080053
2015-06-21,244.300260081824,5.498398042863308,-0.0052349503463196
2015-06-22,247.017892460549,5.509460773115926,0.011062730252617392
2015-06-23,244.184763296318,5.497925165366023,-0.011535607749903143
2015-06-24,240.451545295149,5.482518594382784,-0.015406570983238943
2015-06-25,242.347857685564,5.490374122498091,0.007855528115307209
2015-06-26,242.967997369959,5.492929736601584,0.0025556141034934754
2015-06-27,251.529326709527,5.527559589936642,0.034629853335057525
2015-06-28,249.058285797779,5.5176869485815265,-0.009872641355115341
2015-06-29,256.65022238457,5.5477141554955915,0.03002720691406502
2015-06-30,263.854356864991,5.575397272374018,0.027683116878426617
2015-07-01,258.042647574518,5.553124871937392,-0.02227240043662615
2015-07-02,254.747113383986,5.540271340866844,-0.012853531070548208
2015-07-03,256.087042833431,5.5455173977569885,0.005246056890144679
2015-07-04,260.50923962595,5.5626383293780455,0.01712093162105699
2015-07-05,271.302458211572,5.603234280484773,0.04059595110672731
2015-07-06,269.137940093513,5.595224036622491,-0.008010243862281996
2015-07-07,266.469919053185,5.585261363138272,-0.00996267348421842
2015-07-08,270.576142898889,5.60055354813566,0.015292184997387714
2015-07-09,269.680304792519,5.5972372011258456,-0.0033163470098145353
2015-07-10,285.558780829924,5.654447895224403,0.057210694098557724
2015-07-11,293.917453828171,5.683298958623669,0.028851063399265797
2015-07-12,311.481879894798,5.74134116605335,0.058042207429680914
2015-07-13,292.649223845704,5.678974703574834,-0.06236646247851585
2015-07-14,287.740951490357,5.6620606013746615,-0.016914102200172643
2015-07-15,285.922885447107,5.655722143158975,-0.006338458215686238
2015-07-16,278.532749269433,5.629535644085701,-0.026186499073274305
2015-07-17,280.064724722385,5.635020736178761,0.005485092093060473
2015-07-18,277.354635300994,5.625296959182909,-0.009723776995852695
2015-07-19,275.281989479836,5.617795988576725,-0.007500970606184154
2015-07-20,279.114393045003,5.6316217087038485,0.013825720127123908
2015-07-21,276.652412624196,5.622761890159865,-0.008859818543983877
2015-07-22,277.764369082408,5.626773161051645,0.0040112708917803275
2015-07-23,276.811628579778,5.623337233626181,-0.003435927425464058
2015-07-24,289.305976329632,5.667484869665821,0.044147636039640226
2015-07-25,289.507639976622,5.668181686912233,0.000696817246411463
2015-07-26,293.314842781999,5.681246580846834,0.013064893934601862
2015-07-27,294.426761835184,5.685030285696068,0.0037837048492335157
2015-07-28,295.410125268849,5.688364645978538,0.00333436028247025
2015-07-29,289.85583635301,5.6693836833532805,-0.018980962625257725
2015-07-30,288.236260666277,5.663780493368861,-0.00560318998441911
2015-07-31,284.597324371712,5.65107528424723,-0.012705209121631533
2015-08-01,281.66884628872,5.640732076962271,-0.010343207284958744
2015-08-02,282.423006428989,5.643405969825537,0.002673892863265692
2015-08-03,282.185052308591,5.642563069584196,-0.0008429002413405939
2015-08-04,285.286617475161,5.6534943502674215,0.010931280683225353
2015-08-05,282.338886908241,5.64310807606761,-0.010386274199811751
2015-08-06,278.99574868498,5.631196544017027,-0.011911532050582707
2015-08-07,279.488715078901,5.632961916391499,0.0017653723744714966
2015-08-08,261.450275569842,5.566244114639482,-0.06671780175201647
2015-08-09,266.342020455874,5.5847812740476055,0.018537159408123394
2015-08-10,264.928825248393,5.57946120594276,-0.005320068104845532
2015-08-11,271.421736119229,5.603673833063499,0.024212627120738794
2015-08-12,268.143868497954,5.591523659226628,-0.012150173836870337
2015-08-13,264.691627995324,5.5785654804568,-0.012958178769828521
2015-08-14,266.355941554646,5.584833540434069,0.006268059977268869
2015-08-15,261.936836645237,5.56810339318955,-0.01673014724451871
2015-08-16,258.930817389831,5.556560911693175,-0.011542481496374712
2015-08-17,258.009398305085,5.55299601179724,-0.003564899895935447
2015-08-18,217.885883116937,5.383971453789163,-0.16902455800807648
2015-08-19,227.218251899474,5.4259110176849745,0.041939563895811105
2015-08-20,235.523883109293,5.4618123227912,0.03590130510622558
2015-08-21,232.80061783986,5.4501823698050496,-0.011629952986150549
2015-08-22,230.639173290473,5.440854468908499,-0.009327900896550112
2015-08-23,228.673073933372,5.432293358782006,-0.008561110126493077
2015-08-24,211.955917592051,5.356378317163797,-0.0759150416182095
2015-08-25,222.655039450614,5.405623665468962,0.04924534830516514
2015-08-26,226.116700175336,5.421051238455145,0.015427572986182803
2015-08-27,224.939877264757,5.415833154340255,-0.005218084114889443
2015-08-28,232.17080829924,5.447473343441768,0.03164018910151256
2015-08-29,229.826200175336,5.437323371863175,-0.010149971578592876
2015-08-30,229.019572472238,5.433807469213029,-0.0035159026501458968
2015-08-31,230.689466101695,5.441072503546399,0.007265034333370224
2015-09-01,227.955570426651,5.429150743415711,-0.011921760130688241
2015-09-02,229.502180709527,5.4359125314577526,0.006761788042041417
2015-09-03,227.107121566335,5.4254218073443425,-0.01049072411341001
2015-09-04,231.177563413209,5.443186088028628,0.01776428068428526
2015-09-05,235.903006136762,5.463420729599759,0.02023464157113164
2015-09-06,240.805472238457,5.483989438419213,0.020568708819453718
2015-09-07,240.6336157218,5.483275509998134,-0.0007139284210788688
2015-09-08,244.174952659264,5.4978849874531655,0.014609477455031161
2015-09-09,238.722463179427,5.475301635240593,-0.022583352212572017
2015-09-10,238.750477206312,5.475418978128736,0.00011734288814224669
2015-09-11,240.845008116891,5.484153606753453,0.008734628624717189
2015-09-12,236.351832176505,5.46532150917241,-0.01883209758104254
2015-09-13,230.548837317358,5.440462715557621,-0.024858793614789043
2015-09-14,230.948793980129,5.442196014867435,0.0017332993098140292
2015-09-15,230.398590005845,5.439810809036713,-0.0023852058307225477
2015-09-16,229.043285797779,5.43391100664303,-0.005899802393682485
2015-09-17,233.202697837522,5.4519080231809545,0.017997016537924182
2015-09-18,233.175130917592,5.4517898060691525,-0.00011821711180193262
2015-09-19,232.241568088837,5.4477780717123405,-0.004011734356812013
2015-09-20,231.362323787259,5.443984982952026,-0.003793088760314589
2015-09-21,226.773447983635,5.423951492617529,-0.020033490334497195
2015-09-22,230.626304792519,5.440798672415726,0.016847179798197054
2015-09-23,230.132437755698,5.438654959533707,-0.0021437128820185336
2015-09-24,234.319868497954,5.456687141312227,0.018032181778520062
2015-09-25,235.538221800117,5.461873200924589,0.0051860596123614044
2015-09-26,234.591814436002,5.457847044033506,-0.004026156891082877
2015-09-27,233.243309760374,5.4520821566167355,-0.005764887416770392
2015-09-28,240.017265341905,5.480710859679115,0.0286287030623793
2015-09-29,237.336233781414,5.469477843658295,-0.011233016020820052
2015-09-30,236.739848042081,5.466961850648719,-0.0025159930095757232
2015-10-01,238.229813851549,5.473235812193692,0.006273961544972728
2015-10-02,237.937007305669,5.472005963452551,-0.0012298487411408487
2015-10-03,239.735897720631,5.479537891264533,0.0075319278119820865
2015-10-04,239.516924897721,5.478624081985533,-0.0009138092789999774
2015-10-05,240.961213833431,5.484635982088179,0.00601190010264574
2015-10-06,246.940498246639,5.509147409820558,0.024511427732379687
2015-10-07,243.734486849795,5.496079464159462,-0.01306794566109648
2015-10-08,243.029632963179,5.493183382256228,-0.0028960819032342044
2015-10-09,244.448887492694,5.49900623795148,0.005822855695252649
2015-10-10,245.955924313267,5.5051523504213336,0.006146112469853193
2015-10-11,248.528165400351,5.515556180765316,0.010403830343982179
2015-10-12,246.093637346581,5.5057121031277285,-0.009844077637587212
2015-10-13,250.471300701344,5.523344345902991,0.017632242775262874
2015-10-14,253.142325540619,5.533951882098666,0.010607536195674783
2015-10-15,254.693015002922,5.540058957199941,0.006107075101274617
2015-10-16,262.737363237873,5.571154914358337,0.031095957158396637
2015-10-17,271.930938924605,5.605548133045197,0.034393218686859406
2015-10-18,263.481677381648,5.5739838300101905,-0.03156430303500635
2015-10-19,264.362728229106,5.577322130677257,0.0033383006670666404
2015-10-20,270.832211864407,5.601499484718866,0.024177354041609256
2015-10-21,268.040217708942,5.591137035330211,-0.010362449388655826
2015-10-22,275.414956458212,5.618278892947053,0.027141857616842735
2015-10-23,278.612778026885,5.629822925429916,0.011544032482862399
2015-10-24,283.61114289889,5.647604084784871,0.017781159354955278
2015-10-25,286.04969345412,5.656165549062574,0.008561464277702768
2015-10-26,286.703382817066,5.658448171972369,0.0022826229097949735
2015-10-27,295.562913793104,5.688881720422075,0.03043354844970647
2015-10-28,304.442097019287,5.71848091149558,0.029599191073504727
2015-10-29,314.879462302747,5.7521899062365005,0.033708994740920595
2015-10-30,328.492321157218,5.794513462178754,0.04232355594225368
2015-10-31,314.119508182349,5.749773512805553,-0.04473994937320125
2015-11-01,329.854227644652,5.798650822456994,0.048877309651441436
2015-11-02,364.616627995324,5.898846467335529,0.10019564487853483
2015-11-03,400.923105201637,5.993769651316827,0.0949231839812974
2015-11-04,405.481681472823,6.00507569737554,0.011306046058713548
2015-11-05,384.341222969024,5.9515307594969915,-0.05354493787854864
2015-11-06,372.975417884278,5.921512513676563,-0.030018245820428113
2015-11-07,386.504550847458,5.957143642466458,0.03563112878989472
2015-11-08,372.400129748685,5.919968893815002,-0.03717474865145576
2015-11-09,380.495644360023,5.941474730087793,0.0215058362727909
2015-11-10,337.830502337814,5.822544297330365,-0.11893043275742787
2015-11-11,308.922185856225,5.733089419476318,-0.08945487785404715
2015-11-12,337.522988603156,5.821633622372627,0.08854420289630838
2015-11-13,337.278958211572,5.820910357114209,-0.0007232652584177046
2015-11-14,333.047117475161,5.808283973890526,-0.012626383223683035
2015-11-15,319.928021624781,5.768096038070121,-0.0401879358204047
2015-11-16,331.132725014611,5.802519276922552,0.03442323885243059
2015-11-17,335.849786090006,5.816663994791444,0.014144717868892265
2015-11-18,335.744504967855,5.816350468829668,-0.0003135259617756958
2015-11-19,326.232145528931,5.787609230791258,-0.028741238038410444
2015-11-20,321.940475452951,5.77436666961414,-0.013242561177118084
2015-11-21,325.905231151373,5.786606637115041,0.012239967500900839
2015-11-22,323.716966101695,5.779869572600682,-0.006737064514358515
2015-11-23,323.012556341321,5.7776911965888145,-0.0021783760118676554
2015-11-24,319.961356527177,5.768200227649022,-0.009490968939792843
2015-11-25,328.960457334892,5.795937553070465,0.027737325421443693
2015-11-26,356.255292518995,5.875647587666179,0.07971003459571335
2015-11-27,359.268824371712,5.884070922672535,0.008423335006356503
2015-11-28,356.567322618352,5.876523065274943,-0.007547857397591784
2015-11-29,371.707612507306,5.918107557339133,0.04158449206418968
2015-11-30,377.389839859731,5.933278711161704,0.01517115382257117
2015-12-01,362.532375803624,5.893113782868322,-0.040164928293382474
2015-12-02,359.22240414962,5.883941706837146,-0.009172076031175536
2015-12-03,361.210068088837,5.88945969515446,0.005517988317313538
2015-12-04,363.241631794272,5.8950682651424255,0.0056085699879657724
2015-12-05,389.362958796026,5.964511964623164,0.06944369948073881
2015-12-06,393.319129748685,5.974621317331162,0.010109352707997843
2015-12-07,395.346588252484,5.9797628187907765,0.005141501459614339
2015-12-08,413.798660432496,6.025379528072022,0.04561670928124517
2015-12-09,417.632671244886,6.034602269247842,0.009222741175820559
2015-12-10,415.729924313267,6.030035829025642,-0.004566440222200541
2015-12-11,453.86148012858,6.117792041636926,0.08775621261128386
2015-12-12,435.85572238457,6.077311276623594,-0.04048076501333142
2015-12-13,434.403466393922,6.073973748316069,-0.003337528307524984
2015-12-14,442.991689655173,6.093551010625777,0.019577262309708132
2015-12-15,464.617871712449,6.14121528647648,0.04766427585070243
2015-12-16,454.142492402104,6.1184110087141566,-0.02280427776232319
2015-12-17,456.240134611338,6.123019281893256,0.004608273179099065
2015-12-18,463.175769725307,6.138106614280233,0.015087332386977792
2015-12-19,461.399907948568,6.134265146235013,-0.003841468045220786
2015-12-20,442.15399006429,6.091658215213277,-0.042606931021735406
2015-12-21,437.640129456458,6.081396950414363,-0.010261264798914205
2015-12-22,435.268379018118,6.075962804105139,-0.005434146309224452
2015-12-23,442.665727060199,6.092814918761045,0.016852114655906192
2015-12-24,455.878713033314,6.122226793945281,0.029411875184235825
2015-12-25,455.718825832846,6.1218760093165585,-0.0003507846287220673
2015-12-26,418.221531560491,6.036011271944845,-0.08586473737171385
2015-12-27,422.705894506137,6.046676652368197,0.010665380423352744
2015-12-28,421.052879602572,6.042758430551467,-0.003918221816729961
2015-12-29,431.340021332554,6.066896691680305,0.024138261128837435
2015-12-30,426.043646990064,6.054541798744092,-0.012354892936213169
2015-12-31,429.677153419053,6.063034120689421,0.00849232194532945
2016-01-01,434.678006428989,6.074605541888443,0.011571421199021437
2016-01-02,434.439877264757,6.0740575628981155,-0.0005479789903271026
2016-01-03,430.136180011689,6.064101856251079,-0.0099557066470366
2016-01-04,433.44897106955,6.071774075496052,0.0076722192449727444
2016-01-05,432.669502630041,6.069974163189331,-0.001799912306720941
2016-01-06,430.677869666862,6.06536040849445,-0.0046137546948807895
2016-01-07,459.208940093513,6.1295053136606,0.06414490516614979
2016-01-08,454.134423728814,6.118393241724493,-0.011112071936106638
2016-01-09,449.845216247808,6.108903559701457,-0.009489682023035684
2016-01-10,448.580216247808,6.106087520016453,-0.0028160396850047675
2016-01-11,449.033059029807,6.107096513160583,0.0010089931441301658
2016-01-12,441.768157218001,6.090785213282101,-0.01631129987848201
2016-01-13,432.310645236704,6.069144416021581,-0.021640797260519484
2016-01-14,429.823224722385,6.06337401886388,-0.005770397157701446
2016-01-15,367.823199883109,5.907602387622763,-0.15577163124111681
2016-01-16,388.071204558738,5.96118883969007,0.05358645206730728
2016-01-17,382.482086499123,5.946681819487875,-0.01450702020219552
2016-01-18,384.865166569258,5.952893056244367,0.0062112367564921556
2016-01-19,378.161725014611,5.935321948074458,-0.01757110816990881
2016-01-20,420.622924168323,6.041736765274358,0.10641481719989976
2016-01-21,409.298459672706,6.014444620170255,-0.02729214510410305
2016-01-22,381.046459380479,5.942921308323725,-0.07152331184652994
2016-01-23,386.370602571596,5.956797019142858,0.01387571081913297
2016-01-24,403.446926651081,6.000044946595606,0.043247927452748414
2016-01-25,391.986097311514,5.971226373119472,-0.028818573476134368
2016-01-26,391.142935125657,5.969073056164719,-0.0021533169547529596
2016-01-27,394.62753037405,5.9779423589552865,0.008869302790567524
2016-01-28,378.900995616599,5.93727494567114,-0.04066741328414647
2016-01-29,378.99999482291,5.937536191422558,0.000261245751418393
2016-01-30,377.262779076564,5.932941971365991,-0.004594220056567622
2016-01-31,366.341687609585,5.903566470597185,-0.029375500768805907
2016-02-01,371.22343509059,5.916804132245164,0.013237661647979238
2016-02-02,372.927631209819,5.92138438261561,0.00458025037044596
2016-02-03,368.098206604325,5.9083497683392165,-0.013034614276393519
2016-02-04,389.723081239042,5.965436438815124,0.05708667047590765
2016-02-05,384.398413983051,5.951679551133024,-0.01375688768210015
2016-02-06,374.631555523086,5.9259430243775135,-0.025736526755510525
2016-02-07,375.153917592051,5.927336388672255,0.0013933642947412395
2016-02-08,370.814350327294,5.9157015339333805,-0.011634854738874267
2016-02-09,373.5116128609,5.9229490960865805,0.007247562153199993
2016-02-10,379.082611630625,5.937754153970014,0.014805057883433115
2016-02-11,377.639165108124,5.933939150047668,-0.0038150039223454613
2016-02-12,382.294456458212,5.946191140095565,0.01225199004789701
2016-02-13,389.598432472238,5.965116548331739,0.018925408236174057
2016-02-14,406.150669491525,6.006724197880499,0.04160764954875962
2016-02-15,399.26761864699,5.989631915481476,-0.017092282399023162
2016-02-16,407.035309468147,6.008899937129551,0.019268021648075617
2016-02-17,415.324113383986,6.029059211517928,0.020159274388376502
2016-02-18,421.289662981882,6.04332063268083,0.014261421162902188
2016-02-19,419.626528541204,6.039365097929737,-0.003955534751092671
2016-02-20,440.195760081823,6.087219537246391,0.04785443931665334
2016-02-21,438.718612681473,6.083858234173182,-0.003361303073208255
2016-02-22,437.535295094097,6.08115737704445,-0.002700857128732359
2016-02-23,420.032592609585,6.04033230971797,-0.04082506732648028
2016-02-24,423.995112507306,6.0497219280601096,0.009389618342139805
2016-02-25,424.090870251315,6.049947748899889,0.00022582083977962242
2016-02-26,431.762241963764,6.067875070912628,0.0179273220127385
2016-02-27,432.947845996493,6.07061727270299,0.002742201790362664
2016-02-28,433.102262711864,6.070973872662865,0.00035659995987469273
2016-02-29,437.775872589129,6.081707072992524,0.010733200329658743
2016-03-01,432.807867153711,6.070293904709282,-0.011413168283241681
2016-03-02,423.079789392168,6.047560788663018,-0.022733116046263824
2016-03-03,419.268821332554,6.038512292558047,-0.009048496104971271
2016-03-04,407.990154295734,6.011243042484886,-0.027269250073160833
2016-03-05,397.314453945061,5.98472804258936,-0.02651499989552608
2016-03-06,403.705187463472,6.000684877574385,0.015956834985025203
2016-03-07,413.22936616014,6.024002804807588,0.023317927233202695
2016-03-08,411.425953243717,6.019629060410687,-0.004373744396900747
2016-03-09,412.540703506721,6.02233487607447,0.0027058156637824737
2016-03-10,416.340928696669,6.031504464757837,0.009169588683366925
2016-03-11,419.511934248977,6.039091974248675,0.007587509490837974
2016-03-12,410.264163296318,6.016801252948481,-0.022290721300193717
2016-03-13,411.805882466394,6.020552079257068,0.0037508263085870297
2016-03-14,415.026957276446,6.028343475413705,0.007791396156637376
2016-03-15,415.266400292227,6.028920242697789,0.0005767672840839566
2016-03-16,417.024118468732,6.033144058180759,0.004223815482969684
2016-03-17,418.605363822326,6.036928623647736,0.003784565466976808
2016-03-18,408.901587405026,6.0134745094981215,-0.02345411414961429
2016-03-19,409.124429865576,6.0140193392745775,0.0005448297764560905
2016-03-20,412.056953828171,6.021161577242628,0.00714223796805058
2016-03-21,411.601774050263,6.02005631408244,-0.001105263160187775
2016-03-22,416.581653828171,6.0320824899987295,0.012026175916289183
2016-03-23,417.378299532437,6.033993003671174,0.001910513672444658
2016-03-24,413.560239918177,6.024803186847391,-0.009189816823782948
2016-03-25,416.373243834015,6.03158207875416,0.006778891906768614
2016-03-26,416.823096668615,6.032661903175952,0.0010798244217919972
2016-03-27,425.454959848042,6.053159090114655,0.020497186938703393
2016-03-28,422.917446814728,6.047176998805358,-0.005982091309297388
2016-03-29,415.863828755114,6.030357871952275,-0.016819126853082622
2016-03-30,412.777697779076,6.022909186009883,-0.007448685942391897
2016-03-31,415.956811221508,6.030581435692612,0.00767224968272906
2016-04-01,417.20066025716,6.033567305716832,0.0029858700242195724
2016-04-02,419.763056691993,6.039690401351163,0.0061230956343312215
2016-04-03,420.073578901227,6.040429883793877,0.0007394824427136015
2016-04-04,419.540727878434,6.039160607913206,-0.0012692758806709392
2016-04-05,422.50136440678,6.046192676157174,0.0070320682439684035
2016-04-06,421.907191233197,6.0447853638610605,-0.001407312296113794
2016-04-07,421.467220046756,6.0437420046591,-0.0010433592019607474
2016-04-08,418.643460549386,6.037019628199733,-0.006722376459366686
2016-04-09,418.758635359439,6.0372947046805345,0.00027507648080149494
2016-04-10,421.954488544711,6.044897461169652,0.007602756489117901
2016-04-11,423.273044009351,6.048017464916502,0.003120003746849953
2016-04-12,427.427664582116,6.057785068404054,0.009767603487551568
2016-04-13,424.87251811806,6.051789166558937,-0.005995901845117224
2016-04-14,425.8565949737,6.054102658079126,0.002313491520189004
2016-04-15,430.724418760959,6.065468485974084,0.011365827894958436
2016-04-16,432.216313033314,6.068926187537526,0.0034577015634420505
2016-04-17,429.339968731736,6.062249072997263,-0.006677114540263318
2016-04-18,429.656933664524,6.0629870615657655,0.0007379885685026011
2016-04-19,437.568726183518,6.081233781880045,0.018246720314279763
2016-04-20,442.661653302163,6.092805715932517,0.01157193405247181
2016-04-21,452.164702805377,6.114046500197067,0.021240784264549895
2016-04-22,448.134421332554,6.1050932350270095,-0.008953265170057456
2016-04-23,453.914722969024,6.1179093455281786,0.012816110501169042
2016-04-24,463.382871420222,6.1385536484757335,0.020644302947554927
2016-04-25,465.31600666277,6.142716758995576,0.004163110519842306
2016-04-26,469.60876452367,6.151899932146513,0.009183173150937307
2016-04-27,445.741113091759,6.099738319565838,-0.052161612580674976
2016-04-28,451.060061776739,6.11160050530698,0.011862185741142284
2016-04-29,457.009965225015,6.124705196400479,0.01310469109349821
2016-04-30,449.900484511981,6.109026412779156,-0.0156787836213228
2016-05-01,455.010731151374,6.120321003620905,0.011294590841749219
2016-05-02,444.933061192285,6.097923846564372,-0.02239715705653289
2016-05-03,451.628850379895,6.112860715044293,0.014936868479920484
2016-05-04,448.367967562829,6.105614251453627,-0.007246463590665719
2016-05-05,449.336072472238,6.107771098792027,0.0021568473383997144
2016-05-06,461.693862361192,6.134902035859914,0.02713093706788694
2016-05-07,461.361842489772,6.134182642904549,-0.0007193929553643841
2016-05-08,461.378872296902,6.134219554264066,3.6911359516444975e-05
2016-05-09,463.462231677382,6.13872489663163,0.004505342367564502
2016-05-10,451.079668322618,6.111643972067679,-0.027080924563951392
2016-05-11,453.896305260082,6.11786876944269,0.006224797375010915
2016-05-12,455.607255932203,6.121631157548498,0.003762388105807979
2016-05-13,457.241902688486,6.125212578395718,0.0035814208472206843
2016-05-14,458.119524839275,6.1271301213319,0.0019175429361819596
2016-05-15,460.85772063121,6.133089363323559,0.005959241991658537
2016-05-16,455.224077323203,6.1207897753570535,-0.012299587966505321
2016-05-17,453.545777030976,6.117096206094833,-0.0036935692622206417
2016-05-18,454.486184102864,6.119167515142004,0.0020713090471708995
2016-05-19,437.724187142022,6.081589002304596,-0.037578512837407985
2016-05-20,442.396799240211,6.092207215191471,0.010618212886875256
2016-05-21,444.078207188778,6.096000689238056,0.0037934740465850325
2016-05-22,440.558668848627,6.088043623451175,-0.007957065786881046
2016-05-23,444.205057276447,6.096286296529346,0.008242673078171059
2016-05-24,445.674454938632,6.0995887638352855,0.003302467305939416
2016-05-25,450.54952717709,6.110468009245561,0.010879245410275296
2016-05-26,454.43372238457,6.119052077647506,0.008584068401945366
2016-05-27,471.820117299825,6.156597805530043,0.03754572788253707
2016-05-28,530.910597895967,6.274593641522551,0.11799583599250774
2016-05-29,527.54971244886,6.268243102518973,-0.006350539003578071
2016-05-30,533.493149035652,6.2794462291141855,0.011203126595212609
2016-05-31,530.943692811221,6.274655975715772,-0.004790253398413213
2016-06-01,537.613678842782,6.287140233161248,0.012484257445475322
2016-06-02,538.771243191116,6.289291071157748,0.0021508379965000657
2016-06-03,570.175988252484,6.345945064494863,0.056653993337115516
2016-06-04,574.26620163647,6.353093054730586,0.0071479902357225455
2016-06-05,575.137638047925,6.35460938267093,0.0015163279403438423
2016-06-06,585.857149035652,6.3730759868828475,0.018466604211917925
2016-06-07,578.469240677966,6.360385374395507,-0.012690612487340047
2016-06-08,583.097585330216,6.368354557129185,0.007969182733677194
2016-06-09,577.101699707773,6.358018506969511,-0.010336050159673427
2016-06-10,579.814993571011,6.3627090760549025,0.004690569085391338
2016-06-11,605.44955698422,6.40597125148687,0.04326217543196709
2016-06-12,670.39237434249,6.507863174315725,0.10189192282885529
2016-06-13,704.321778141438,6.557235322956442,0.049372148640717484
2016-06-14,684.948319403857,6.529343389290267,-0.027891933666175817
2016-06-15,695.001468439509,6.543913958425163,0.014570569134896516
2016-06-16,767.420031268264,6.643034280245525,0.09912032182036157
2016-06-17,750.014633927528,6.620092718243372,-0.022941562002152693
2016-06-18,758.28878012858,6.63106428951221,0.010971571268838076
2016-06-19,766.767132670952,6.642183147278083,0.01111885776587318
2016-06-20,722.497452367037,6.582713893844781,-0.059469253433301894
2016-06-21,669.604204675628,6.506686798539702,-0.07602709530507923
2016-06-22,594.832974634716,6.38828065123819,-0.11840614730151167
2016-06-23,627.677855639977,6.4420270661285794,0.053746414890389005
2016-06-24,664.126985680889,6.498473374687043,0.05644630855846344
2016-06-25,668.872684102864,6.505593734248893,0.007120359561850087
2016-06-26,630.4342421391,6.446408855182549,-0.05918487906634429
2016-06-27,652.244807714787,6.480419963409893,0.03401110822734399
2016-06-28,647.218768381064,6.472684364676503,-0.0077355987333893594
2016-06-29,638.586345645821,6.459256898351215,-0.013427466325288684
2016-06-30,674.284814728229,6.513652595433907,0.05439569708269243
2016-07-01,677.512385739334,6.518427834120823,0.0047752386869159835
2016-07-02,702.739316773817,6.5549860076416575,0.03655817352083446
2016-07-03,662.55008591467,6.496096156383371,-0.05888985125828672
2016-07-04,679.842453360608,6.52186108509235,0.025764928708979618
2016-07-05,668.165981297487,6.5045366176680846,-0.017324467424265855
2016-07-06,677.651333138515,6.5186328977566514,0.014096280088566893
2016-07-07,640.053236119229,6.461551354330629,-0.05708154342602256
2016-07-08,665.051708357685,6.49986479456179,0.038313440231161344
2016-07-09,651.941914026885,6.47995546904218,-0.019909325519610555
2016-07-10,649.959340970193,6.476909808579654,-0.0030456604625257455
2016-07-11,650.272594681473,6.477391651409,0.0004818428293464905
2016-07-12,670.023127995324,6.507312231185237,0.029920579776236522
2016-07-13,658.333613383986,6.489711814060419,-0.01760041712481808
2016-07-14,660.905960198714,6.493611560742164,0.0038997466817454196
2016-07-15,666.758671127995,6.5024281680439175,0.008816607301753265
2016-07-16,665.275622150789,6.500201424186821,-0.002226743857096203
2016-07-17,681.089601987142,6.523693871631167,0.023492447444345643
2016-07-18,675.118579193454,6.514888348323048,-0.008805523308119234
2016-07-19,674.660360315605,6.514209394337267,-0.0006789539857807725
2016-07-20,667.305364874343,6.503247759551067,-0.010961634786199603
2016-07-21,666.851739333723,6.502567741348309,-0.0006800182027584256
2016-07-22,650.562911630625,6.4778380060058165,-0.024729735342492454
2016-07-23,657.377942957335,6.4882591087313335,0.010421102725516995
2016-07-24,661.393979836353,6.494349698353792,0.006090589622458786
2016-07-25,655.119577849211,6.484817780574759,-0.009531917779033172
2016-07-26,654.626339158387,6.484064598285376,-0.0007531822893831475
2016-07-27,656.275146873174,6.486580132216514,0.0025155339311382363
2016-07-28,656.196453360608,6.486460215697717,-0.00011991651879750265
2016-07-29,657.557567504383,6.488532315358938,0.0020720996612215714
2016-07-30,655.361730157803,6.485187342978845,-0.0033449723800931253
2016-07-31,624.804487142022,6.437438780225075,-0.04774856275377015
2016-08-01,606.50924792519,6.407719976289603,-0.029718803935471882
2016-08-02,526.981148334307,6.267164776239885,-0.1405552000497181
2016-08-03,570.347040911748,6.346245019263285,0.07908024302339989
2016-08-04,583.542158036236,6.369116699393011,0.02287168012972618
2016-08-05,581.279805669199,6.3652322341575305,-0.003884465235480583
2016-08-06,590.795402980713,6.381469769619358,0.016237535461827157
2016-08-07,594.73232402104,6.388111428726353,0.0066416591069957676
2016-08-08,591.629283869083,6.382880229052229,-0.005231199674124554
2016-08-09,587.932138223261,6.376611530053314,-0.006268698998915134
2016-08-10,589.968758328463,6.380069583512103,0.0034580534587895784
2016-08-11,589.585884687317,6.379420400098923,-0.0006491834131798768
2016-08-12,587.19164956166,6.37535125642545,-0.004069143673473441
2016-08-13,585.363581648159,6.3722331612671805,-0.0031180951582694405
2016-08-14,571.387062536528,6.348066847847185,-0.024166313419995866
2016-08-15,566.564441320865,6.339590827433519,-0.008476020413665353
2016-08-16,578.414924137931,6.360291472963149,0.02070064552962947
2016-08-17,573.663744418469,6.352043413547543,-0.008248059415605802
2016-08-18,573.263191992987,6.35134493410818,-0.0006984794393627425
2016-08-19,573.958457919345,6.352557020737704,0.0012120866295237676
2016-08-20,581.797070134424,6.366121710184592,0.013564689446887712
2016-08-21,580.79219257744,6.364393020888278,-0.0017286892963133127
2016-08-22,584.971897720631,6.371563807993599,0.007170787105320819
2016-08-23,582.627747399182,6.3675484702349845,-0.004015337758614734
2016-08-24,578.701831677382,6.360787373733557,-0.0067610965014273106
2016-08-25,576.033436586791,6.356165708640922,-0.004621665092635396
2016-08-26,578.874653419053,6.36108596608608,0.004920257445157894
2016-08-27,570.200993746347,6.345988919280187,-0.015097046805892411
2016-08-28,575.105232554062,6.354553037189988,0.008564117909800828
2016-08-29,573.429267562829,6.351634594286233,-0.002918442903754759
2016-08-30,575.695698421976,6.355579219744827,0.0039446254585939755
2016-08-31,572.272758328463,6.349615727947445,-0.00596349179738187
2016-09-01,572.221702045587,6.349526507274602,-8.922067284355961e-05
2016-09-02,576.846767387493,6.357576663452757,0.008050156178154744
2016-09-03,600.374406779661,6.397553471901487,0.039976808448730417
2016-09-04,610.538913325541,6.414342031610422,0.016788559708935225
2016-09-05,607.526964172998,6.409396559699653,-0.004945471910769328
2016-09-06,612.995458270017,6.418357526887585,0.00896096718793249
2016-09-07,615.659819111631,6.422694569290011,0.004337042402425162
2016-09-08,630.550172004676,6.446592727186996,0.02389815789698524
2016-09-09,622.977884044418,6.434511019031209,-0.012081708155786686
2016-09-10,624.752640444185,6.437355796107387,0.00284477707617814
2016-09-11,608.246675920514,6.410580516659819,-0.026775279447567968
2016-09-12,607.70737270602,6.409693471215189,-0.0008870454446299192
2016-09-13,608.694296317943,6.4113161651881,0.0016226939729104828
2016-09-14,609.41308766803,6.412496342638734,0.0011801774506343676
2016-09-15,607.070262594974,6.408644538223756,-0.0038518044149782327
2016-09-16,607.806438047925,6.409856472805543,0.0012119345817867
2016-09-17,607.381449678551,6.40915701160947,-0.0006994611960724484
2016-09-18,611.533460315605,6.415969672053132,0.006812660443661578
2016-09-19,608.871306312098,6.411606925694178,-0.0043627463589537285
2016-09-20,608.371748626534,6.410786123781883,-0.0008208019122948329
2016-09-21,596.945756633548,6.391826249354286,-0.01895987442759761
2016-09-22,595.564716540035,6.389510058860381,-0.002316190493904635
2016-09-23,602.378784921099,6.4008864582710725,0.011376399410691462
2016-09-24,602.687359731151,6.401398587531638,0.0005121292605654304
2016-09-25,600.610054880187,6.397945896801347,-0.003452690730290975
2016-09-26,606.778810637055,6.408164327018019,0.010218430216672125
2016-09-27,605.151613734658,6.405479027849913,-0.0026852991681058924
2016-09-28,604.686494389246,6.4047101326312825,-0.0007688952186306608
2016-09-29,605.202561952075,6.405563215137354,0.000853082506071523
2016-09-30,608.865840736412,6.411597949084244,0.006034733946889581
2016-10-01,615.408478842782,6.422286240568105,0.010688291483861079
2016-10-02,611.748578316774,6.416321378358943,-0.005964862209161481
2016-10-03,612.590347399182,6.417696437498796,0.0013750591398524747
2016-10-04,610.007881355932,6.413471877339517,-0.004224560159278745
2016-10-05,612.147780946815,6.416973725497941,0.003501848158424359
2016-10-06,611.76086277031,6.416341459043446,-0.0006322664544953227
2016-10-07,617.905705143191,6.426335865141628,0.009994406098181585
2016-10-08,619.301001753361,6.428591425500209,0.002255560358581654
2016-10-09,617.101041320865,6.425032772768256,-0.0035586527319528827
2016-10-10,618.0852,6.426626312032982,0.0015935392647259405
2016-10-11,642.981387258913,6.466115777098457,0.03948946506547468
2016-10-12,636.59793220339,6.456138266654514,-0.009977510443943238
2016-10-13,635.444095324372,6.454324117168095,-0.0018141494864183372
2016-10-14,639.586090298071,6.460821233221866,0.0064971160537705686
2016-10-15,637.283759322034,6.457215018427412,-0.003606214794453777
2016-10-16,642.913042548217,6.466009477997729,0.008794459570316882
2016-10-17,639.137536469901,6.460119668259464,-0.005889809738264695
2016-10-18,635.576508591467,6.454532474557687,-0.005587193701777515
2016-10-19,629.640708036236,6.445149351995607,-0.009383122562080182
2016-10-20,628.598901110462,6.443493376208044,-0.0016559757875622694
2016-10-21,630.90620338983,6.447157203932371,0.003663827724326829
2016-10-22,654.508630976037,6.483884772392168,0.03672756845979652
2016-10-23,651.961956750438,6.4799862116820375,-0.0038985607101302833
2016-10-24,650.027167153711,6.477014157637364,-0.002972054044673378
2016-10-25,655.792505084746,6.485844435685201,0.00883027804783687
2016-10-26,675.109869316189,6.514875446984353,0.029031011299151643
2016-10-27,686.523327060199,6.531640204325119,0.016764757340766323
2016-10-28,690.390654938632,6.537257603957204,0.005617399632084741
2016-10-29,715.445469316189,6.572905382697552,0.035647778740348635
2016-10-30,699.333410987726,6.550127611328726,-0.022777771368826194
2016-10-31,698.897727995325,6.549504419648389,-0.0006231916803374205
2016-11-01,730.578480011689,6.593836658701101,0.04433223905271255
2016-11-02,740.367055523086,6.607146084197619,0.01330942549651759
2016-11-03,689.939206954997,6.536603487847432,-0.07054259635018667
2016-11-04,705.432016656926,6.558810404717692,0.02220691687025944
2016-11-05,706.819325569842,6.560775082417306,0.0019646776996147253
2016-11-06,715.896879777908,6.5735361339318334,0.01276105151452711
2016-11-07,706.181216773816,6.5598718855390565,-0.013664248392776912
2016-11-08,711.835846580947,6.5678473322758,0.007975446736743663
2016-11-09,721.50150993571,6.581334470984722,0.013487138708922153
2016-11-10,713.407615604909,6.5700529479517895,-0.011281523032932839
2016-11-11,715.703310637055,6.573265710466779,0.0032127625149893646
2016-11-12,703.847551139685,6.556561786031842,-0.01670392443493718
2016-11-13,703.626435300994,6.556247583648508,-0.00031420238333357275
2016-11-14,705.643584161309,6.559110271721055,0.0028626880725468595
2016-11-15,712.3471528346,6.568565366792194,0.009455095071139397
2016-11-16,742.050117592051,6.609416784810989,0.04085141801879466
2016-11-17,735.318080537697,6.600303168234417,-0.00911361657657217
2016-11-18,749.57872729398,6.619511351778172,0.019208183543755197
2016-11-19,751.213819403858,6.621690324162351,0.0021789723841791897
2016-11-20,730.350813617767,6.593524985306971,-0.02816533885538064
2016-11-21,736.506983927528,6.601918718447716,0.008393733140745319
2016-11-22,747.997677966102,6.617399873646265,0.015481155198549423
2016-11-23,741.240317942724,6.608324888429292,-0.00907498521697292
2016-11-24,737.35497597896,6.603069426136863,-0.005255462292429236
2016-11-25,739.685200175336,6.606224690519302,0.0031552643824390714
2016-11-26,734.652925891292,6.5993981780150275,-0.006826512504274795
2016-11-27,727.741115838691,6.589945374840728,-0.009452803174299085
2016-11-28,730.082483752192,6.593157519200743,0.0032121443600150457
2016-11-29,731.646435710111,6.595297385948781,0.0021398667480374556
2016-11-30,742.20445131502,6.609624746068793,0.01432736012001179
2016-12-01,753.674910111046,6.6249611213355974,0.015336375266804758
2016-12-02,772.302382729398,6.649376160808576,0.02441503947297896
2016-12-03,766.110468147283,6.641326373634202,-0.008049787174374323
2016-12-04,766.380139099942,6.641678311785297,0.0003519381510947994
2016-12-05,752.670726241964,6.623627849616807,-0.018050462168489823
2016-12-06,759.117325774401,6.632156344862377,0.008528495245569978
2016-12-07,764.987650087668,6.639859690019974,0.007703345157596964
2016-12-08,767.659224634717,6.643345916752199,0.003486226732224651
2016-12-09,771.902321098773,6.648858014945422,0.005512098193223736
2016-12-10,775.474561309176,6.653475179124569,0.004617164179146371
2016-12-11,770.496150496786,6.647034658637094,-0.006440520487474899
2016-12-12,778.506599064874,6.657377467878941,0.010342809241847384
2016-12-13,778.930694564582,6.657922074730112,0.000544606851170748
2016-12-14,776.963961484512,6.655393967676172,-0.0025281070539397987
2016-12-15,776.176781998831,6.654380306092202,-0.0010136615839702046
2016-12-16,782.230215897136,6.662149090950333,0.007768784858130928
2016-12-17,789.60293220339,6.671530201642506,0.009381110692173067
2016-12-18,790.632966526008,6.672833848103549,0.0013036464610429732
2016-12-19,790.279031677382,6.6723860877539005,-0.0004477603496484406
2016-12-20,799.777520748101,6.684333589926338,0.011947502172437119
2016-12-21,828.4836792519,6.719597137519781,0.03526354759344308
2016-12-22,858.50143395675,6.755188350641028,0.03559121312124702
2016-12-23,915.562438340152,6.819538563143576,0.06435021250254813
2016-12-24,891.155272063121,6.79251867947449,-0.027019883669085587
2016-12-25,896.003279310345,6.797944072912815,0.005425393438324377
2016-12-26,903.201246639392,6.805945393081834,0.008001320169019444
2016-12-27,925.950810461719,6.830821112783531,0.024875719701697108
2016-12-28,979.960973991818,6.887512748414354,0.05669163563082247
2016-12-29,973.462559438925,6.88085936432836,-0.0066533840859932525
2016-12-30,961.182658153127,6.868164461828071,-0.012694902500289373
2016-12-31,968.970597019287,6.8762342677970425,0.008069805968971444
2017-01-01,997.257357977791,6.905008869026325,0.02877460122928266
2017-01-02,1017.07788609001,6.924688977275445,0.019680108249120032
2017-01-03,1032.60905318527,6.939843939776155,0.015154962500710134
2017-01-04,1134.49644535359,7.033944170987654,0.09410023121149891
2017-01-05,1000.49812893045,6.908253283887556,-0.1256908871000979
2017-01-06,892.463955639977,6.793986127000704,-0.11426715688685274
2017-01-07,903.453283635301,6.8062244027024565,0.012238275701752954
2017-01-08,912.484997077732,6.816171643762833,0.009947241060376477
2017-01-09,903.508666803039,6.806285702463352,-0.009885941299480727
2017-01-10,906.498947399182,6.809589869023997,0.0033041665606443615
2017-01-11,788.314655990649,6.6698973197878075,-0.13969254923618912
2017-01-12,807.109833547633,6.693459760059392,0.023562440271584606
2017-01-13,826.746927410871,6.717498635387952,0.02403887532855986
2017-01-14,820.045157276447,6.709359408591336,-0.00813922679661605
2017-01-15,824.547065166569,6.714834223653145,0.005474815061808691
2017-01-16,830.838035067212,6.722434872209699,0.00760064855655429
2017-01-17,906.026828112215,6.80906891720745,0.0866340449977514
2017-01-18,881.259815371128,6.781352492074242,-0.02771642513320849
2017-01-19,902.263869959088,6.8049070160388085,0.023554523964566698
2017-01-20,895.174516189363,6.797018689422458,-0.007888326616350305
2017-01-21,924.46825949737,6.829218717622735,0.03220002820027634
2017-01-22,922.467077381648,6.827051686802655,-0.0021670308200798516
2017-01-23,919.115744126242,6.8234120601555945,-0.00363962664706019
2017-01-24,887.743193804792,6.78868250500112,-0.034729555154474845
2017-01-25,895.690033255406,6.797594408094697,0.008911903093577145
2017-01-26,916.6674685564,6.820744776780924,0.02315036868622755
2017-01-27,920.454463471654,6.824867530108532,0.004122753327608031
2017-01-28,922.774948568089,6.827385378735712,0.0025178486271792977
2017-01-29,915.63202314436,6.819614562504326,-0.0077708162313854245
2017-01-30,920.313260783168,6.824714112937096,0.005099550432769995
2017-01-31,968.499105669199,6.875747559428141,0.051033446491044465
2017-02-01,987.532590414962,6.895209499182552,0.019461939754410906
2017-02-02,1007.7043659848,6.915430117900569,0.02022061871801739
2017-02-03,1015.30203945061,6.922941423022396,0.007511305121826517
2017-02-04,1033.78597299825,6.940983044279725,0.018041621257329332
2017-02-05,1014.56787574518,6.922218062641569,-0.018764981638155653
2017-02-06,1023.3174811806,6.930805061090155,0.008586998448585348
2017-02-07,1053.62445902981,6.95999136488039,0.02918630379023579
2017-02-08,1052.36764535359,6.958797805015842,-0.001193559864548277
2017-02-09,982.751939450614,6.890356737793397,-0.06844106722244536
2017-02-10,996.650153126827,6.904399808810289,0.01404307101689195
2017-02-11,1011.37532220923,6.919066388713275,0.014666579902986143
2017-02-12,1006.29646487434,6.914032003939318,-0.005034384773956901
2017-02-13,999.953184979545,6.907708462865825,-0.0063235410734927555
2017-02-14,1012.2134635301,6.919894759946308,0.012186297080482689
2017-02-15,1013.90384050263,6.921563347802855,0.0016685878565469991
2017-02-16,1036.80686475745,6.943900946677027,0.02233759887417186
2017-02-17,1058.66992033898,6.964768607062248,0.020867660385221143
2017-02-18,1060.66880488019,6.966654936142289,0.0018863290800412713
2017-02-19,1058.78640035067,6.964878625871769,-0.001776310270519943
2017-02-20,1088.68842922268,6.992728974762942,0.02785034889117277
2017-02-21,1128.85529316189,7.028959383359028,0.03623040859608562
2017-02-22,1129.70179064874,7.029708974797344,0.0007495914383159885
2017-02-23,1188.86178550555,7.080751645615595,0.05104267081825142
2017-02-24,1185.48889158387,7.077910535224419,-0.0028411103911762936
2017-02-25,1151.60473687902,7.048911672031941,-0.02899886319247802
2017-02-26,1181.71086586791,7.074718553718131,0.025806881686190053
2017-02-27,1194.15245014611,7.0851919659914975,0.010473412273366733
2017-02-28,1188.39994073641,7.080363093720065,-0.004828872271432694
2017-03-01,1228.45965061368,7.1135163469885345,0.03315325326846974
2017-03-02,1262.93146738749,7.141190859110644,0.027674512122109363
2017-03-03,1289.36319111631,7.161903725172861,0.020712866062217117
2017-03-04,1268.94066440678,7.145937708864535,-0.015966016308325948
2017-03-05,1276.27368293396,7.151699925964066,0.005762217099531064
2017-03-06,1282.25465663355,7.1563752578740525,0.004675331909986369
2017-03-07,1234.47646206897,7.118402241830654,-0.037973016043398644
2017-03-08,1152.13938924606,7.049375831545643,-0.06902641028501044
2017-03-09,1193.45552659264,7.0846081820704745,0.03523235052483109
2017-03-10,1098.53014903565,7.0017283370881405,-0.08287984498233403
2017-03-11,1176.822921391,7.0705736468261255,0.06884530973798508
2017-03-12,1231.74835663355,7.11618986725111,0.04561622042498481
2017-03-13,1239.39629631794,7.122379682237226,0.006189814986115927
2017-03-14,1246.53656487434,7.128124236568148,0.005744554330921581
2017-03-15,1258.65138147282,7.137796094566568,0.009671857998419853
2017-03-16,1178.02075037989,7.071590978979897,-0.06620511558667097
2017-03-17,1072.08253816482,6.977358333223553,-0.09423264575634338
2017-03-18,962.569056165985,6.869605810254229,-0.10775252296932436
2017-03-19,1020.22025353594,6.9277738178069015,0.058168007552672485
2017-03-20,1037.7563458796,6.944816301951406,0.017042484144504932
2017-03-21,1111.81826358854,7.013752029429365,0.06893572747795851
2017-03-22,1037.30257013442,6.94437894015034,-0.06937308927902475
2017-03-23,1028.17285628288,6.935538580014895,-0.008840360135445202
2017-03-24,935.063496201052,6.840614437358338,-0.09492414265655658
2017-03-25,968.543329281122,6.875793220391611,0.035178783033272154
2017-03-26,962.95805458796,6.870009853827643,-0.005783366563967718
2017-03-27,1042.91919777908,6.949778981030499,0.079769127202856
2017-03-28,1045.16293161894,6.951928067670188,0.0021490866396893793
2017-03-29,1039.68861578025,6.946676539400317,-0.005251528269870853
2017-03-30,1037.98766142607,6.945039176782419,-0.0016373626178980416
2017-03-31,1081.74353109293,6.986329399048223,0.04129022226580403
2017-04-01,1089.52477182934,6.9934968910048925,0.007167491956669103
2017-04-02,1105.56295575687,7.008109946443446,0.014613055438553957
2017-04-03,1144.6647710111,7.04286709671144,0.03475715026799353
2017-04-04,1141.92191870251,7.040468015463841,-0.002399081247599355
2017-04-05,1135.81164377557,7.035102778998084,-0.005365236465756595
2017-04-06,1194.59645938048,7.085563716440205,0.050460937442121434
2017-04-07,1191.73145108124,7.083162529525998,-0.0024011869142075426
2017-04-08,1184.41772033898,7.077006557563489,-0.006155971962509277
2017-04-09,1213.63413980129,7.101374558654878,0.024368001091389146
2017-04-10,1211.64987621274,7.099738243882512,-0.001636314772365921
2017-04-11,1229.78493290473,7.114594581781225,0.014856337898713434
2017-04-12,1216.11436785506,7.103416110615837,-0.011178471165388615
2017-04-13,1172.5583396844,7.066943255743082,-0.036472854872754645
2017-04-14,1174.33323354763,7.0684558047009105,0.0015125489578284856
2017-04-15,1175.56218901227,7.069501770887223,0.0010459661863126968
2017-04-16,1173.6913798948,7.0679090866936605,-0.0015926841935627323
2017-04-17,1191.90120146113,7.08330495950991,0.015395872816249323
2017-04-18,1202.13145803624,7.091851475201841,0.008546515691930878
2017-04-19,1209.56090888369,7.098012687511921,0.006161212310080266
2017-04-20,1235.80307451783,7.119476300500326,0.021463612988404712
2017-04-21,1247.33607025132,7.1287654123789,0.00928911187857473
2017-04-22,1243.55039257744,7.1257257872132165,-0.0030396251656839013
2017-04-23,1250.00148322618,7.130900016876587,0.005174229663370333
2017-04-24,1257.23944225599,7.136673677527048,0.005773660650461032
2017-04-25,1279.86471741672,7.154509661809945,0.01783598428289679
2017-04-26,1296.48545745178,7.167412388141249,0.01290272633130396
2017-04-27,1345.8899556692,7.20481075030165,0.03739836216040171
2017-04-28,1347.98515552309,7.206366279188391,0.001555528886740376
2017-04-29,1357.71525341905,7.213558605292372,0.007192326103981017
2017-04-30,1381.9563722969,7.231255435303197,0.017696830010825337
2017-05-01,1436.9414880187,7.270272167100193,0.03901673179699561
2017-05-02,1463.81906846873,7.288804099772217,0.018531932672024354
2017-05-03,1519.40894447691,7.3260766858998325,0.037272586127615526
2017-05-04,1539.8300515488,7.339427333180845,0.013350647281012762
2017-05-05,1529.85044301578,7.332925259945783,-0.006502073235062689
2017-05-06,1573.28550961426,7.360921393017896,0.02799613307211324
2017-05-07,1526.26777171245,7.330580669394765,-0.030340723623131005
2017-05-08,1685.08649631794,7.429572174595336,0.09899150520057098
2017-05-09,1719.22801355932,7.449630639727491,0.02005846513215559
2017-05-10,1782.499,7.485771591278476,0.03614095155098429
2017-05-11,1835.48754821742,7.515065419049765,0.02929382777128975
2017-05-12,1704.66164108708,7.441121919048297,-0.07394350000146854
2017-05-13,1779.84025669199,7.484278895827482,0.043156976779185285
2017-05-14,1794.59355055523,7.492533841051208,0.00825494522372594
2017-05-15,1736.88284611338,7.459847317860228,-0.03268652319098031
2017-05-16,1757.02694856809,7.471378425899918,0.011531108039689819
2017-05-17,1808.74606469901,7.5003891022413285,0.029010676341410857
2017-05-18,1894.24726455289,7.546576816731195,0.04618771448986614
2017-05-19,1967.54554769141,7.584542130057354,0.03796531332615949
2017-05-20,2048.11767799532,7.6246764444672905,0.04013431440993642
2017-05-21,2045.22249316189,7.623261861170934,-0.0014145832963565752
2017-05-22,2078.94350002922,7.639615110975603,0.016353249804669012
2017-05-23,2257.28836382233,7.7219195328665435,0.08230442189094056
2017-05-24,2415.00722665108,7.789457558484299,0.06753802561775579
2017-05-25,2319.60137866745,7.7491506303577955,-0.04030692812650383
2017-05-26,2279.4185836353,7.731675682251128,-0.01747494810666783
2017-05-27,2044.30049982466,7.62281095608766,-0.10886472616346765
2017-05-28,2225.7008666277,7.70782714123661,0.08501618514894993
2017-05-29,2284.71579748685,7.7339969181253245,0.02616977688871458
2017-05-30,2167.26447790766,7.681221042039119,-0.05277587608620582
2017-05-31,2299.43261025716,7.740417680291425,0.059196638252306144
2017-06-01,2399.88763194039,7.783177195215107,0.04275951492368257
2017-06-02,2479.4238943308,7.815781511499983,0.0326043162848757
2017-06-03,2549.55195151958,7.843672917428051,0.027891405928067492
2017-06-04,2524.99383354763,7.833993899547123,-0.009679017880927177
2017-06-05,2685.31891671537,7.895554777064699,0.061560877517575996
2017-06-06,2871.34167735243,7.962534682915405,0.06697990585070546
2017-06-07,2706.76000885447,7.903507629922961,-0.05902705299244371
2017-06-08,2802.56354681473,7.9382898297346385,0.034782199811677295
2017-06-09,2804.87226691993,7.939113279279973,0.0008234495453347535
2017-06-10,2916.3278597896,7.97808052157833,0.03896724229835691
2017-06-11,2974.21455920514,7.997735269409416,0.019654747831086006
2017-06-12,2665.43326995909,7.888121901231411,-0.10961336817800493
2017-06-13,2707.13782402104,7.903647202252859,0.015525301021448001
2017-06-14,2443.82445137347,7.801319489304775,-0.1023277129480844
2017-06-15,2409.886764173,7.7873350395605,-0.013984449744274485
2017-06-16,2476.35909538282,7.814544653733992,0.02720961417349166
2017-06-17,2652.75536335476,7.883354138561009,0.06880948482701665
2017-06-18,2508.21420742256,7.827326307763732,-0.05602783079727658
2017-06-19,2589.64221338399,7.859275003600578,0.031948695836845786
2017-06-20,2733.22655628288,7.91323807904663,0.0539630754460525
2017-06-21,2639.26131420222,7.878254351761144,-0.03498372728548649
2017-06-22,2686.64751431911,7.8960494181418115,0.017795066380667635
2017-06-23,2685.87047101111,7.895760152171724,-0.0002892659700872713
2017-06-24,2562.18914874342,7.84861730828083,-0.04714284389089407
2017-06-25,2497.72894137931,7.823137174541378,-0.02548013373945235
2017-06-26,2426.36505119813,7.794149552709038,-0.02898762183234016
2017-06-27,2530.34553600234,7.836111147890978,0.04196159518194076
2017-06-28,2562.79226420222,7.848852671265782,0.012741523374803165
2017-06-29,2540.44303161894,7.840093766700072,-0.008758904565709713
2017-06-30,2452.71206428989,7.804949656321053,-0.035144110379018656
2017-07-01,2412.3662131502,7.788363375986381,-0.016586280334672132
2017-07-02,2518.8721873758,7.83156653563531,0.043203159648928846
2017-07-03,2551.92743173583,7.844604208220182,0.013037672584871984
2017-07-04,2599.74474991233,7.863168546079636,0.018564337859453772
2017-07-05,2608.10489117475,7.866379141246504,0.0032105951668679467
2017-07-06,2603.19547369959,7.864494997718483,-0.0018841435280210206
2017-07-07,2495.78092220923,7.822356954086381,-0.04213804363210194
2017-07-08,2553.4941581239,7.845217958293384,0.022861004207003432
2017-07-09,2506.17321355932,7.826512252604208,-0.018705705689176177
2017-07-10,2319.36689736996,7.749049538354687,-0.07746271424952056
2017-07-11,2319.16744061952,7.748963538452119,-8.599990256819012e-05
2017-07-12,2374.88626645237,7.772704827512555,0.023741289060436266
2017-07-13,2343.73834824664,7.759502518291597,-0.013202309220958774
2017-07-14,2214.82523728814,7.702928779722315,-0.056573738569281495
2017-07-15,1989.63319023963,7.59570557421557,-0.10722320550674524
2017-07-16,1910.74954161309,7.555250874224019,-0.04045469999155049
2017-07-17,2215.74629614261,7.7033445540127365,0.14809367978871713
2017-07-18,2303.7611458796,7.7422983471186555,0.038953793105918955
2017-07-19,2257.06523588545,7.72182068020375,-0.020477666914905157
2017-07-20,2823.89792635885,7.94587345290282,0.22405277269906954
2017-07-21,2666.1397182934,7.888386906827321,-0.057486546075498524
2017-07-22,2829.75405496786,7.947945080488925,0.05955817366160332
2017-07-23,2753.24386493279,7.920535082742485,-0.027409997746439707
2017-07-24,2755.1595242256,7.921230623440834,0.0006955406983486512
2017-07-25,2558.69299894798,7.847251859814021,-0.07397876362681277
2017-07-26,2522.32464628872,7.832936233969491,-0.014315625844529833
2017-07-27,2665.14754649328,7.888014699605201,0.055078465635710394
2017-07-28,2793.83348486265,7.935169940640285,0.047155241035083506
2017-07-29,2706.4507654588,7.903393374849992,-0.031776565790292643
2017-07-30,2749.3845277031,7.919132357503881,0.015738982653888733
2017-07-31,2862.61129088252,7.959489526017654,0.04035716851377291
2017-08-01,2727.38918199883,7.911100087000538,-0.04838943901711623
2017-08-02,2690.14567197545,7.897350624280381,-0.01374946272015709
2017-08-03,2789.74631244886,7.933705943243576,0.03635531896319577
2017-08-04,2860.27284324956,7.9586722990012415,0.02496635575766515
2017-08-05,3237.42336329632,8.082533034158914,0.12386073515767215
2017-08-06,3230.11670894214,8.080273548363353,-0.0022594857955606784
2017-08-07,3392.56241864407,8.129340790550545,0.04906724218719205
2017-08-08,3425.67661659848,8.139054283476968,0.009713492926422873
2017-08-09,3347.21543161894,8.115884064726727,-0.02317021875024139
2017-08-10,3437.03215546464,8.142363632483882,0.02647956775715521
2017-08-11,3660.52053728813,8.205360639585404,0.06299700710152223
2017-08-12,3871.08240619521,8.261289438440755,0.0559287988553514
2017-08-13,4063.80105271771,8.309874034496497,0.04858459605574161
2017-08-14,4304.60393120982,8.36744041058753,0.05756637609103343
2017-08-15,4160.0305458796,8.33327769598787,-0.034162714599659694
2017-08-16,4364.67857463472,8.381299828594377,0.04802213260650667
2017-08-17,4308.51686142607,8.368349008198,-0.012950820396376628
2017-08-18,4108.50716218586,8.320815020630246,-0.047533987567755176
2017-08-19,4160.33245686733,8.33335026757826,0.012535246948013778
2017-08-20,4085.8103943308,8.315275370563926,-0.018074897014333402
2017-08-21,3992.62603524255,8.292204447591548,-0.023070922972378227
2017-08-22,4074.33046125073,8.312461708188033,0.020257260596485693
2017-08-23,4146.9153452367,8.330120046543135,0.017658338355101222
2017-08-24,4325.81642799532,8.372356171029951,0.04223612448681635
2017-08-25,4353.13177255991,8.378650812759616,0.006294641729665429
2017-08-26,4341.97871677382,8.37608544871591,-0.0025653640437059977
2017-08-27,4344.90344476914,8.376758815305083,0.0006733665891722751
2017-08-28,4379.76392068966,8.384750102531946,0.007991287226863264
2017-08-29,4600.45683097604,8.433910888627915,0.0491607860959693
2017-08-30,4586.63273670368,8.430901425270863,-0.0030094633570527662
2017-08-31,4740.35621770894,8.463867563280784,0.032966138009921764
2017-09-01,4918.16624488603,8.500691025557,0.03682346227621558
2017-09-02,4595.02001782583,8.432728391216823,-0.06796263434017646
2017-09-03,4625.296314436,8.439295715880421,0.006567324663597773
2017-09-04,4374.75349649328,8.383605453545673,-0.05569026233474794
2017-09-05,4454.05253769725,8.40156964336904,0.017964189823366894
2017-09-06,4607.51652980713,8.43544427712455,0.033874633755509365
2017-09-07,4635.11187580362,8.441415614883118,0.005971337758568396
2017-09-08,4345.45765634132,8.376886361575366,-0.06452925330775194
2017-09-09,4335.593449737,8.37461377713157,-0.0022725844437960774
2017-09-10,4261.84352104033,8.357457097071444,-0.017156680060125495
2017-09-11,4212.54757334892,8.345822867973446,-0.011634229097998272
2017-09-12,4164.31943424898,8.33430814010882,-0.011514727864625485
2017-09-13,3887.11858679135,8.26542343895164,-0.06888470115718093
2017-09-14,3247.4687390415,8.085631122337222,-0.1797923166144173
2017-09-15,3699.22294389246,8.215878061411843,0.13024693907462037
2017-09-16,3711.23435067212,8.219119809342132,0.003241747930289307
2017-09-17,3711.85620397428,8.219287355002269,0.00016754566013688077
2017-09-18,4080.42844301578,8.31395727242807,0.09466991742580078
2017-09-19,3925.73619023963,8.27530917702077,-0.038648095407300076
2017-09-20,3895.777078609,8.267648445109241,-0.0076607319115282735
2017-09-21,3617.24346580947,8.193467541218288,-0.07418090389095333
2017-09-22,3619.2137182934,8.194012076336092,0.0005445351178039459
2017-09-23,3775.60059409702,8.236314746802462,0.04230267046636982
2017-09-24,3676.89694418469,8.209824453762648,-0.02649029303981365
2017-09-25,3918.73807130333,8.273524960371068,0.06370050660841997
2017-09-26,3890.09093687902,8.266187813428974,-0.007337146942093753
2017-09-27,4207.78748538866,8.344692250620545,0.07850443719157063
2017-09-28,4187.76979631794,8.339923603029312,-0.004768647591232522
2017-09-29,4155.01011981298,8.332070142861307,-0.00785346016800581
2017-09-30,4334.54461250731,8.374371834678687,0.042301691817380416
2017-10-01,4382.08689801286,8.385280350632648,0.010908515953961029
2017-10-02,4386.8757150789,8.386372570488838,0.0010922198561900132
2017-10-03,4306.56464202221,8.36789579845495,-0.018476772033888977
2017-10-04,4216.68482144944,8.346804510960368,-0.021091287494581223
2017-10-05,4319.42091583869,8.370876624993457,0.024072114033089065
2017-10-06,4365.91571040327,8.381583231014977,0.01070660602151996
2017-10-07,4438.85593308007,8.398151949493235,0.016568718478257694
2017-10-08,4600.73979661017,8.433972394896212,0.035820445402977796
2017-10-09,4777.53465692577,8.471679930285033,0.037707535388820546
2017-10-10,4741.07791496201,8.464019797055625,-0.007660133229407506
2017-10-11,4814.96711805962,8.479484495145485,0.015464698089859397
2017-10-12,5393.66898275862,8.592981134141152,0.11349663899566664
2017-10-13,5614.07751461134,8.633032564202948,0.04005143006179601
2017-10-14,5785.73831502046,8.663151257244106,0.03011869304115855
2017-10-15,5689.86505961426,8.646441811481388,-0.016709445762717934
2017-10-16,5756.14881180596,8.658023921009752,0.011582109528363915
2017-10-17,5590.41632437171,8.628809040007688,-0.02921488100206382
2017-10-18,5583.8704257744,8.627637439619683,-0.001171600388005345
2017-10-19,5708.31299094097,8.649678810825188,0.0220413712055052
2017-10-20,6000.88313033314,8.6996619257679,0.04998311494271235
2017-10-21,6030.20789275278,8.704536765537012,0.0048748397691120715
2017-10-22,5996.59813880772,8.698947610552649,-0.005589154984363631
2017-10-23,5888.25001665693,8.680714121575317,-0.018233488977331902
2017-10-24,5517.77535330216,8.615730042332356,-0.06498407924296146
2017-10-25,5736.01780157802,8.654520485757558,0.03879044342520288
2017-10-26,5900.31772910579,8.682761480834635,0.028240995077077002
2017-10-27,5771.94504617183,8.660764399088187,-0.021997081746448544
2017-10-28,5762.38857685564,8.659107351214386,-0.001657047873800721
2017-10-29,6174.72884482758,8.728220248763215,0.06911289754882866
2017-10-30,6119.25638398597,8.719195862239289,-0.009024386523925898
2017-10-31,6428.51463705435,8.768498785422132,0.04930292318284302
2017-11-01,6726.41183459965,8.813797120666525,0.04529833524439297
2017-11-02,7043.77793892461,8.859899944264637,0.0461028235981118
2017-11-03,7198.63211075394,8.881646302337275,0.021746358072638472
2017-11-04,7420.498078609,8.912001460405714,0.03035515806843847
2017-11-05,7371.13902980713,8.905327522740771,-0.006673937664942287
2017-11-06,6985.26384395091,8.851558043912673,-0.053769478828098016
2017-11-07,7118.20254383402,8.87041052082602,0.018852476913346905
2017-11-08,7451.21278667446,8.916132088282371,0.0457215674563507
2017-11-09,7117.73804967855,8.870345264280084,-0.04578682400228651
2017-11-10,6620.56733635301,8.797936345614428,-0.07240891866565669
2017-11-11,6346.72144915254,8.755693651334196,-0.04224269428023142
2017-11-12,5829.09782758621,8.670617520815373,-0.08507613051882323
2017-11-13,6519.44517212157,8.782544554999431,0.11192703418405792
2017-11-14,6592.37439713618,8.79366886565856,0.011124310659129222
2017-11-15,7257.37321215664,8.889773225840106,0.09610436018154545
2017-11-16,7833.7044333723,8.966190784815065,0.07641755897495983
2017-11-17,7729.03327001753,8.95273907166709,-0.013451713147976108
2017-11-18,7796.15424108708,8.961385845076054,0.008646773408964137
2017-11-19,8018.32068848626,8.989484288472257,0.028098443396203265
2017-11-20,8269.87425745178,9.020374583240933,0.03089029476867644
2017-11-21,8091.99808357686,8.998630961458254,-0.021743621782679412
2017-11-22,8249.59733021625,9.01791966967892,0.01928870822066564
2017-11-23,8071.66982144945,8.996115657015658,-0.02180401266326193
2017-11-24,8232.42233313851,9.015835580029098,0.019719923013440166
2017-11-25,8760.1654421391,9.077970069841035,0.062134489811937144
2017-11-26,9319.90331472823,9.139907533669628,0.061937463828593664
2017-11-27,9730.72857948568,9.183044052077188,0.043136518407559166
2017-11-28,9932.19418001169,9.203536697384553,0.02049264530736572
2017-11-29,9800.02755172414,9.190140476055134,-0.013396221329418978
2017-11-30,9996.71497194623,9.21001181520194,0.019871339146805056
2017-12-01,10808.9583325541,9.288130544524334,0.07811872932239439
2017-12-02,10934.8599856809,9.299711128793035,0.011580584268701344
2017-12-03,11213.9426554646,9.32491316301481,0.025202034221774028
2017-12-04,11562.1285669199,9.355490257362634,0.03057709434782474
2017-12-05,11736.7540672122,9.370480570247825,0.014990312885190704
2017-12-06,13992.1323372297,9.546250474717583,0.1757699044697585
2017-12-07,17032.2933763881,9.74286643143601,0.1966159567184267
2017-12-08,16298.4873386908,9.698827581181233,-0.04403885025477727
2017-12-09,15050.0219541204,9.6191347289215,-0.07969285225973266
2017-12-10,15474.9995432496,9.646981068037423,0.027846339115923158
2017-12-11,16873.4977849211,9.733499491625377,0.08651842358795392
2017-12-12,17433.9307381648,9.766173628761335,0.03267413713595779
2017-12-13,16515.15257218,9.712033576182458,-0.05414005257887666
2017-12-14,16602.8928033314,9.717332224423135,0.00529864824067694
2017-12-15,17702.0021721216,9.781433029233684,0.0641008048105487
2017-12-16,19640.5138834015,9.885349746708798,0.10391671747511388
2017-12-17,19250.467650789,9.865290632968327,-0.02005911374047109
2017-12-18,18982.0250242548,9.85124775900454,-0.014042873963786562
2017-12-19,17653.3260894214,9.778679491600252,-0.07256826740428757
2017-12-20,16453.6272603741,9.708301234036893,-0.07037825756335891
2017-12-21,15633.8336504968,9.65719266848424,-0.05110856555265286
2017-12-22,14305.7183436587,9.56841462048757,-0.0887780479966711
2017-12-23,14910.8581049094,9.60984495841052,0.041430337922950145
2017-12-24,14026.3468661601,9.548692759017797,-0.06115219939272265
2017-12-25,14080.9422600818,9.552577549353673,0.003884790335876076
2017-12-26,15727.1454792519,9.663143509734194,0.11056596038052113
2017-12-27,15389.0005739334,9.641408284758892,-0.021735224975302003
2017-12-28,14289.4522095266,9.567276936356166,-0.07413134840272662
2017-12-29,14571.7460821157,9.586839732922813,0.019562796566647833
2017-12-30,12948.7158828171,9.46875190258302,-0.11808783033979431
2017-12-31,13921.4806414378,9.541188296151127,0.0724363935681076
2018-01-01,13464.6536116306,9.507823279822386,-0.03336501632874089
2018-01-02,14754.322204851,9.599291349680172,0.0914680698577861
2018-01-03,15010.2861595558,9.616490989039772,0.017199639359599672
2018-01-04,15070.3007986558,9.620481251517944,0.003990262478172468
2018-01-05,16997.2274079486,9.740805516087056,0.1203242645691116
2018-01-06,17103.589279661,9.747043619860335,0.006238103773279491
2018-01-07,16231.6949994155,9.694721091248748,-0.052322528611586705
2018-01-08,14937.4150894214,9.61162442426751,-0.08309666698123763
2018-01-09,14378.5862174167,9.573495310545795,-0.038129113721716124
2018-01-10,14669.0882656341,9.593497719623802,0.020002409078006878
2018-01-11,13186.7549427236,9.486968191388165,-0.10652952823563666
2018-01-12,13789.4436639392,9.531658626531847,0.044690435143682095
2018-01-13,14231.2250645821,9.563193777651154,0.03153515111930716
2018-01-14,13681.0654611338,9.5237680727295,-0.03942570492165487
2018-01-15,13591.6961966686,9.5172143114737,-0.006553761255799984
2018-01-16,11431.0401052016,9.344087750479217,-0.17312656099448276
2018-01-17,11159.6085905903,9.320056162792495,-0.024031587686721423
2018-01-18,11246.0397302747,9.327771321681999,0.007715158889503471
2018-01-19,11440.2555616598,9.344893603990197,0.017122282308198677
2018-01-20,12768.4045856224,9.45472900665798,0.10983540266778213
2018-01-21,11422.3942589129,9.343331116131536,-0.11139789052644389
2018-01-22,10737.3505774401,9.281483650241327,-0.0618474658902084
2018-01-23,10849.3918793103,9.291864309408025,0.010380659166697725
2018-01-24,11225.8961747516,9.325978546817971,0.03411423740994657
2018-01-25,11130.4649473992,9.317441217646774,-0.008537329171197428
2018-01-26,11035.5546098773,9.308877576592119,-0.008563641054655236
2018-01-27,11320.9701852718,9.334412053497378,0.025534476905258785
2018-01-28,11615.95871128,9.360135182588563,0.025723129091185015
2018-01-29,11132.5543138515,9.317628916038796,-0.042506266549766636
2018-01-30,9959.54671537113,9.206286839038103,-0.11134207700069254
2018-01-31,10050.0957971946,9.215337445500957,0.009050606462853494
2018-02-01,9039.86507510228,9.109399527954293,-0.10593791754666348
2018-02-02,8786.0773798948,9.08092363167823,-0.028475896276063395
2018-02-03,9132.10032232613,9.119550993389401,0.038627361711171204
2018-02-04,8250.52689596727,9.01803234346722,-0.10151864992218051
2018-02-05,6849.54255932203,8.831937149365393,-0.18609519410182784
2018-02-06,7738.64395967271,8.953981752225939,0.12204460286054619
2018-02-07,7624.59538953828,8.939134536400575,-0.014847215825364302
2018-02-08,8218.58085184103,9.014152827383798,0.07501829098322332
2018-02-09,8660.45346785505,9.066522363679216,0.05236953629541752
2018-02-10,8530.29280479252,9.051378966366986,-0.015143397312229467
2018-02-11,8096.72848129749,8.99921536787667,-0.052163598490315266
2018-02-12,8907.67017913501,9.094668002448769,0.09545263457209785
2018-02-13,8523.96693191116,9.050637113801217,-0.044030888647551336
2018-02-14,9467.3010327294,9.15559914373567,0.1049620299344518
2018-02-15,10106.7330835769,9.220957122660627,0.06535797892495765
2018-02-16,10189.3164833431,9.229095046768084,0.00813792410745684
2018-02-17,11085.5984143776,9.313402104750072,0.08430705798198801
2018-02-18,10452.0919772063,9.254557426564116,-0.058844678185955956
2018-02-19,11139.3557305669,9.318239677927943,0.06368225136382755
2018-02-20,11245.9323179427,9.327761770511318,0.00952209258337433
2018-02-21,10458.8650888369,9.255205231621156,-0.07255653889016145
2018-02-22,9878.15894272355,9.198081431548518,-0.057123800072638176
2018-02-23,10159.0656125073,9.22612174963032,0.02804031808180163
2018-02-24,9686.60177995325,9.178498949874188,-0.04762279975613204
2018-02-25,9603.22747749854,9.169854516527623,-0.008644433346564284
2018-02-26,10312.3657130333,9.241099008791684,0.07124449226406071
2018-02-27,10654.1072948568,9.273700758278196,0.03260174948651162
2018-02-28,10307.0249663939,9.24058097730939,-0.0331197809688053
2018-03-01,10923.6308617767,9.298683690533883,0.058102713224492675
2018-03-02,11014.0584672706,9.306927778258546,0.008244087724662563
2018-03-03,11425.6805654588,9.343618782080972,0.03669100382242618
2018-03-04,11462.5831975453,9.346843374775702,0.0032245926947300774
2018-03-05,11540.6623205728,9.353631931878995,0.006788557103293513
2018-03-06,10677.0352308591,9.275850473869317,-0.07778145800967806
2018-03-07,9903.0850490941,9.20060160869952,-0.07524886516979734
2018-03-08,9330.47545295149,9.141041252130506,-0.059560356569013706
2018-03-09,9278.13918439509,9.135416286750695,-0.005624965379810831
2018-03-10,8786.56042314436,9.080978608427321,-0.05443767832337443
2018-03-11,9513.53539976622,9.160470842476972,0.07949223404965089
2018-03-12,9147.89018059615,9.121278550325988,-0.03919229215098419
2018-03-13,9160.54293278784,9.122660728050063,0.0013821777240750066
2018-03-14,8222.12723904149,9.014584242774895,-0.10807648527516811
2018-03-15,8268.58912244302,9.020219171582447,0.005634928807552342
2018-03-16,8376.90449824664,9.033233733616893,0.013014562034445731
2018-03-17,7881.66192051432,8.972294064233452,-0.06093966938344053
2018-03-18,8189.01671917008,9.0105491109301,0.03825504669664781
2018-03-19,8537.0156233197,9.05216676708005,0.04161765614995083
2018-03-20,8895.54717913501,9.093306113568822,0.04113934648877127
2018-03-21,8879.5942565751,9.091511143115184,-0.0017949704536377453
2018-03-22,8710.66493512566,9.07230340850853,-0.01920773460665437
2018-03-23,8771.74632349503,9.079291190229403,0.006987781720873443
2018-03-24,8610.9885163647,9.060794401094613,-0.018496789134790248
2018-03-25,8440.61092255991,9.040809969159957,-0.019984431934656044
2018-03-26,8171.18435447107,9.008369141175356,-0.03244082798460113
2018-03-27,7837.26531940386,8.966645241195113,-0.04172389998024251
2018-03-28,7933.64272969024,8.978867569771781,0.012222328576667607
2018-03-29,7108.5708132671,8.86905649179966,-0.10981107797212175
2018-03-30,6832.14906633548,8.829394554073394,-0.03966193772626525
2018-03-31,6922.2812969024,8.842500661465857,0.013106107392463429
2018-04-01,6804.52487931035,8.825343093296187,-0.017157568169670512
2018-04-02,7033.25960958504,8.858405548691591,0.0330624553954042
2018-04-03,7420.80051548802,8.9120422165265,0.05363666783490828
2018-04-04,6780.54360140269,8.82181255491846,-0.09022966160804025
2018-04-05,6798.42261659848,8.824445896108143,0.0026333411896839465
2018-04-06,6610.49234979544,8.796413415668708,-0.028032480439435403
2018-04-07,6886.46947194623,8.837313819318624,0.04090040364991587
2018-04-08,7009.99610432496,8.855092424297377,0.017778604978753165
2018-04-09,6736.89282378726,8.815354092237897,-0.039738332059480186
2018-04-10,6816.71861542957,8.827133493619213,0.01177940138131639
2018-04-11,6944.78585710111,8.845746420602351,0.018612926983138323
2018-04-12,7904.33027527762,8.975166024394479,0.1294196037921278
2018-04-13,7919.06469462303,8.977028383721558,0.0018623593270792327
2018-04-14,8006.41794330801,8.98799874195063,0.010970358229071664
2018-04-15,8342.27110140269,9.029090772598847,0.041092030648217204
2018-04-16,8046.98213354763,8.993052409881164,-0.036038362717683015
2018-04-17,7887.73795791935,8.973064675385753,-0.01998773449541069
2018-04-18,8162.83486177674,9.007346797156897,0.03428212177114354
2018-04-19,8272.96731589714,9.020748528487001,0.013401731330104028
2018-04-20,8839.5011320865,9.086985721017397,0.06623719253039617
2018-04-21,8863.54082904734,9.089701605868157,0.0027158848507600197
2018-04-22,8800.95908708358,9.082615981696216,-0.0070856241719408075
2018-04-23,8930.78463354763,9.097259534909602,0.01464355321338573
2018-04-24,9652.21378872005,9.174942576180522,0.07768304127091952
2018-04-25,8855.50893658679,9.088795023052837,-0.08614755312768452
2018-04-26,9264.72742694331,9.133969718636754,0.04517469558391696
2018-04-27,8981.33079018118,9.102903345214148,-0.031066373422605764
2018-04-28,9341.82468468732,9.142256874528366,0.03935352931421754
2018-04-29,9396.99762974869,9.148145516148139,0.005888641619772983
2018-04-30,9228.7264836353,9.130076342206543,-0.018069173941595906
2018-05-01,9072.16875745178,9.112966627806399,-0.01710971440014397
2018-05-02,9204.12764056108,9.127407319003586,0.01444069119718705
2018-05-03,9750.70014640561,9.18509437130144,0.057687052297854535
2018-05-04,9696.64290999416,9.179535012834721,-0.005559358466719289
2018-05-05,9795.92577206312,9.189721840671272,0.01018682783655045
2018-05-06,9595.08681940386,9.169006456801474,-0.02071538386979732
2018-05-07,9339.5108471654,9.142009158027603,-0.026997298773871137
2018-05-08,9212.36963471654,9.128302385484744,-0.013706772542859014
2018-05-09,9293.04227352425,9.137021256511186,0.008718871026442088
2018-05-10,9037.53050905903,9.109141242290814,-0.027880014220372118
2018-05-11,8419.75858737581,9.038336435492303,-0.07080480679851142
2018-05-12,8485.77526680304,9.046146542593192,0.007810107100889141
2018-05-13,8695.83309380479,9.070599235172137,0.024452692578945445
2018-05-14,8671.07417475161,9.067747957688583,-0.002851277483554071
2018-05-15,8488.463421391,9.04646327604555,-0.02128468164303321
2018-05-16,8327.75620134424,9.027349335291877,-0.01911394075367312
2018-05-17,8050.51623933372,8.993491497466204,-0.03385783782567309
2018-05-18,8233.08645528931,9.01591624831086,0.02242475084465667
2018-05-19,8229.48293571011,9.015478464930737,-0.0004377833801232356
2018-05-20,8511.44883021625,9.049167457395662,0.03368899246492418
2018-05-21,8398.62312653419,9.035823057888283,-0.013344399507378313
2018-05-22,8007.52653214495,8.98813719488962,-0.047685862998664064
2018-05-23,7520.86767913501,8.925436793151492,-0.06270040173812674
2018-05-24,7575.62448597312,8.932691067372039,0.007254274220546364
2018-05-25,7425.37567445938,8.912658558277757,-0.020032509094281892
2018-05-26,7326.30318644068,8.899226327472963,-0.013432230804793832
2018-05-27,7338.19304441847,8.900847912066938,0.0016215845939751006
2018-05-28,7110.82388164816,8.869373392546597,-0.03147451952034075
2018-05-29,7453.63372501461,8.916456940787164,0.047083548240566486
2018-05-30,7374.6690490941,8.905806305502017,-0.010650635285147203
2018-05-31,7478.74186703682,8.919819857227377,0.014013551725360784
2018-06-01,7519.83573728814,8.925299573259588,0.005479716032210646
2018-06-02,7637.44825306838,8.940818828081236,0.015519254821647621
2018-06-03,7702.15793308007,8.949255819628146,0.008436991546910022
2018-06-04,7486.65319959088,8.92087714081472,-0.02837867881342504
2018-06-05,7611.14985271771,8.937369537039237,0.016492396224515815
2018-06-06,7650.77580713033,8.942562334375436,0.005192797336199817
2018-06-07,7665.9478962595,8.944543449186318,0.001981114810881479
2018-06-08,7622.60233021625,8.938873103530089,-0.005670345656229259
2018-06-09,7556.17169783752,8.930119951740348,-0.008753151789740343
2018-06-10,6744.73580099357,8.816517598266637,-0.11360235347371095
2018-06-11,6849.45268731736,8.831924028402424,0.01540643013578702
2018-06-12,6526.69968001169,8.783656685628067,-0.0482673427743574
2018-06-13,6306.51316803039,8.749338214534326,-0.034318471093740754
2018-06-14,6629.77012419638,8.799325410511907,0.04998719597758061
2018-06-15,6399.67404646406,8.764002337810783,-0.03532307270112334
2018-06-16,6495.31530917592,8.778836474373769,0.014834136562985378
2018-06-17,6450.69397282291,8.771942996687862,-0.006893477685906646
2018-06-18,6703.81258971362,8.810431686776186,0.03848869008832345
2018-06-19,6732.50880917592,8.81470313314029,0.004271446364104037
2018-06-20,6753.20682583285,8.81777275635785,0.0030696232175611016
2018-06-21,6720.37323436587,8.812898972803115,-0.004873783554735667
2018-06-22,6059.5758591467,8.70939508637411,-0.10350388642900477
2018-06-23,6174.22577936879,8.72813877377616,0.01874368740205057
2018-06-24,6146.48719491526,8.723636009792001,-0.004502763984159941
2018-06-25,6243.53544097019,8.739301877997836,0.0156658682058346
2018-06-26,6096.12876621859,8.715409220210747,-0.023892657787088822
2018-06-27,6139.18968322618,8.722448039016,0.007038818805252589
2018-06-28,5858.63577819988,8.675672053113415,-0.046775985902584694
2018-06-29,6220.9137150789,8.735672074474916,0.06000002136150151
2018-06-30,6375.5412314436,8.760224265472884,0.02455219099796757
2018-07-01,6361.40253886616,8.758004157001064,-0.0022201084718194153
2018-07-02,6608.367157218,8.796091876190264,0.03808771918919973
2018-07-03,6498.3078591467,8.779297092630111,-0.016794783560152737
2018-07-04,6579.33337638808,8.791688708607781,0.012391615977669801
2018-07-05,6535.29840268849,8.784973287248198,-0.006715421359583473
2018-07-06,6598.45909585038,8.794591430430378,0.00961814318218046
2018-07-07,6737.85608036236,8.815497064338318,0.020905633907940313
2018-07-08,6704.91998012858,8.81059686128641,-0.004900203051908747
2018-07-09,6664.02409351257,8.804478799313218,-0.006118061973191757
2018-07-10,6309.08400409118,8.74974577924352,-0.0547330200696976
2018-07-11,6377.97651139684,8.760606164809511,0.010860385565990782
2018-07-12,6159.46667621274,8.725745474242535,-0.03486069056697616
2018-07-13,6208.98557188779,8.733752807620494,0.008007333377959114
2018-07-14,6255.11247866744,8.741154404940364,0.007401597319869779
2018-07-15,6347.60427381648,8.7558327409849,0.014678336044536167
2018-07-16,6710.80743746347,8.81147455617832,0.05564181519341993
2018-07-17,7320.59482787843,8.898446864293021,0.08697230811470114
2018-07-18,7376.03833927528,8.90599196306393,0.007545098770908254
2018-07-19,7467.0342980713,8.918253184311787,0.01226122124785789
2018-07-20,7327.25668293396,8.899356466019926,-0.018896718291861347
2018-07-21,7410.56562039743,8.91066204741443,0.011305581394504216
2018-07-22,7399.48374693162,8.909165512830485,-0.0014965345839446087
2018-07-23,7716.15862741087,8.951071932058323,0.04190641922783733
2018-07-24,8397.61652162478,9.035703197141865,0.08463126508354257
2018-07-25,8202.72039538282,9.012221133768135,-0.02348206337373071
2018-07-26,7913.93077819989,8.976379875154512,-0.03584125861362253
2018-07-27,8173.7746113384,9.008686089892626,0.03230621473811368
2018-07-28,8190.36005669199,9.010713138846826,0.002027048954200694
2018-07-29,8229.60583869083,9.015493399291007,0.004780260444180229
2018-07-30,8171.83951928697,9.008449317869866,-0.007044081421140547
2018-07-31,7725.13303594389,8.952234323099068,-0.056214994770797944
2018-08-01,7596.6980119813,8.935468959756346,-0.016765363342722495
2018-08-02,7542.69466189363,8.928334779370198,-0.007134180386147548
2018-08-03,7411.34425014611,8.910767112113406,-0.017567667256791708
2018-08-04,7002.2086528346,8.85398090010442,-0.056786212008987036
2018-08-05,7031.58775102279,8.858167812934173,0.004186912829753808
2018-08-06,6929.99089421391,8.843613778216838,-0.014554034717335185
2018-08-07,6722.57843278784,8.81322705528029,-0.030386722936547983
2018-08-08,6267.3886735827,8.743115067382902,-0.0701119878973877
2018-08-09,6558.09690794857,8.78845573435375,0.04534066697084782
2018-08-10,6135.75185856224,8.721887901968971,-0.06656783238477892
2018-08-11,6313.74931180596,8.750484964783002,0.02859706281403085
2018-08-12,6314.69165575687,8.750634206317264,0.00014924153426143505
2018-08-13,6265.84804383402,8.742869220313837,-0.007764986003426344
2018-08-14,6184.82908562244,8.729854650753976,-0.01301456955986069
2018-08-15,6270.21479865576,8.743565891198983,0.013711240445006823
2018-08-16,6290.7504552893,8.74683565184468,0.003269760645697062
2018-08-17,6563.07828872005,8.789215023203436,0.04237937135875569
2018-08-18,6399.28744681473,8.763941926714203,-0.025273096489232927
2018-08-19,6490.71612711865,8.778128146772357,0.01418622005815351
2018-08-20,6272.95272881356,8.744002452409743,-0.034125694362613146
2018-08-21,6473.07603945061,8.775406705649479,0.03140425323973517
2018-08-22,6365.00983167738,8.758571055637193,-0.016835650012286152
2018-08-23,6516.40902542373,8.78207874022324,0.023507684586046906
2018-08-24,6697.73187872589,8.809524222503043,0.027445482279803812
2018-08-25,6745.43893921683,8.816621842761233,0.0070976202581896075
2018-08-26,6689.86933313852,8.808349621263146,-0.008272221498087262
2018-08-27,6839.15895236704,8.830420042876115,0.022070421612969682
2018-08-28,7092.97380829924,8.866859968582727,0.036439925706611476
2018-08-29,7033.42806808884,8.858429500101854,-0.008430468480872477
2018-08-30,6966.96374371713,8.848934791014443,-0.009494709087411124
2018-08-31,7025.14078024547,8.857250533893744,0.008315742879300814
2018-09-01,7192.35254734074,8.880773594324454,0.023523060430710174
2018-09-02,7286.66779105786,8.89380162737044,0.013028033045985765
2018-09-03,7257.47021391,8.88978659170986,-0.004015035660579258
2018-09-04,7358.81147895967,8.903653714846001,0.013867123136140691
2018-09-05,6790.89732846289,8.823338366233914,-0.08031534861208733
2018-09-06,6488.07593687902,8.77772129993129,-0.045617066302623854
2018-09-07,6408.65362244301,8.76540448455191,-0.01231681537938023
2018-09-08,6187.79050233781,8.730333355647613,-0.03507112890429731
2018-09-09,6249.24631034483,8.74021614511402,0.00988278946640797
2018-09-10,6295.3886025716,8.747572676514586,0.007356531400565913
2018-09-11,6278.42463968439,8.744874374439787,-0.0026983020747994857
2018-09-12,6327.53636323787,8.752666239259797,0.007791864820010375
2018-09-13,6490.91231648159,8.778158372466121,0.02549213320632404
2018-09-14,6494.69547895967,8.778741042548987,0.0005826700828652775
2018-09-15,6524.16566744594,8.78326835695711,0.004527314408123928
2018-09-16,6497.40470134424,8.779158099435286,-0.004110257521825034
2018-09-17,6258.59487492694,8.741710978024742,-0.03744712141054407
2018-09-18,6340.34779018118,8.754688902422163,0.012977924397421958
2018-09-19,6383.95187580362,8.76154260084992,0.006853698427756072
2018-09-20,6498.60711104617,8.779343142311934,0.017800541462014152
2018-09-21,6741.14289888954,8.815984759099239,0.036641616787305153
2018-09-22,6705.47605113969,8.810679792619704,-0.005304966479535267
2018-09-23,6703.13684950321,8.810330882306975,-0.0003489103127289894
2018-09-24,6576.5450032145,8.791264810919632,-0.01906607138734273
2018-09-25,6416.44402162478,8.766619352517228,-0.02464545840240362
2018-09-26,6463.25040356517,8.773887628681502,0.007268276164273502
2018-09-27,6677.90048860316,8.806558919015389,0.03267129033388727
2018-09-28,6623.12615984804,8.798322767050049,-0.00823615196534
2018-09-29,6584.49914757452,8.792473551690858,-0.005849215359191362
2018-09-30,6604.485028346,8.795504246974529,0.003030695283671392
2018-10-01,6561.81383226184,8.789022342539782,-0.00648190443474661
2018-10-02,6508.72093863238,8.780898239498041,-0.008124103041740938
2018-10-03,6464.45684365868,8.774074272774525,-0.0068239667235161505
2018-10-04,6545.28566773816,8.78650032410475,0.012426051330225008
2018-10-05,6585.14957977791,8.792572329147626,0.006072005042875972
2018-10-06,6550.47831589714,8.787293351290886,-0.005278977856740141
2018-10-07,6564.56826008182,8.789442020687353,0.0021486693964671844
2018-10-08,6604.68527410871,8.795534566178254,0.006092545490901102
2018-10-09,6590.42862215079,8.793373666678999,-0.002160899499255464
2018-10-10,6529.10243600234,8.784024760449732,-0.009348906229266873
2018-10-11,6159.25164260666,8.725710562557644,-0.058314197892087805
2018-10-12,6191.67722326125,8.730961285884566,0.005250723326922113
2018-10-13,6197.68569637639,8.73193122657081,0.0009699406862431204
2018-10-14,6182.87934424313,8.729539355255781,-0.002391871315028382
2018-10-15,6442.71541408533,8.770705378379693,0.041166023123912154
2018-10-16,6461.93715926359,8.773684421679715,0.002979043300021189
2018-10-17,6442.73070017534,8.770707750992932,-0.0029766706867828674
2018-10-18,6396.47981209819,8.763503088666468,-0.007204662326463662
2018-10-19,6383.07784015196,8.761405680098191,-0.002097408568277004
2018-10-20,6408.25274634717,8.76534193028422,0.003936250186029611
2018-10-21,6415.34050292227,8.76644735481837,0.0011054245341490798
2018-10-22,6408.03363559322,8.76530773773461,-0.0011396170837603137
2018-10-23,6395.98766686149,8.763426145693932,-0.0018815920406769493
2018-10-24,6413.80364114553,8.766207765681818,0.0027816199878856196
2018-10-25,6402.3248591467,8.764416462626771,-0.0017913030550467113
2018-10-26,6404.10855230859,8.764695024676971,0.0002785620501999375
2018-10-27,6409.40532758621,8.765521773003616,0.0008267483266450881
2018-10-28,6406.63325306838,8.765089178400594,-0.0004325946030228067
2018-10-29,6263.0417346581,8.742421246188043,-0.022667932212550923
2018-10-30,6272.16772822911,8.74387730405614,0.0014560578680971048
2018-10-31,6306.31693132671,8.749307097536452,0.0054297934803120285
2018-11-01,6342.97750058445,8.755103574502343,0.005796476965890918
2018-11-02,6348.16858270018,8.755921638114748,0.0008180636124048846
2018-11-03,6332.43413296318,8.753439980394681,-0.002481657720066366
2018-11-04,6420.42200029223,8.767239126656492,0.013799146261810336
2018-11-05,6402.94683898305,8.764513606967242,-0.0027255196892497224
2018-11-06,6441.14521887785,8.770461632306993,0.005948025339751695
2018-11-07,6500.86980508475,8.779691263098028,0.009229630791034893
2018-11-08,6406.75293746347,8.765107859550652,-0.01458340354737686
2018-11-09,6331.37876709527,8.753273306127037,-0.011834553423614835
2018-11-10,6353.11273407364,8.756700166123045,0.0034268599960078916
2018-11-11,6335.41420397428,8.753910474039191,-0.002789692083853268
2018-11-12,6320.65605376972,8.751578287729657,-0.0023321863095340234
2018-11-13,6267.9379912332,8.743202710515872,-0.008375577213785235
2018-11-14,5574.25834891876,8.625914555894754,-0.11728815462111797
2018-11-15,5538.56060783168,8.61948992790184,-0.006424627992913656
2018-11-16,5496.01623115137,8.611778787164086,-0.007711140737754363
2018-11-17,5501.09234044418,8.61270195885422,0.000923171690134339
2018-11-18,5555.3763383986,8.622521447465475,0.009819488611254812
2018-11-19,4792.20002367037,8.474744880090752,-0.14777656737472356
2018-11-20,4317.53067007598,8.370438913661145,-0.10430596642960666
2018-11-21,4549.32200993571,8.422733492036743,0.05229457837559792
2018-11-22,4303.61554850964,8.367210773620942,-0.055522718415801364
2018-11-23,4289.89285330216,8.364017035689917,-0.0031937379310242875
2018-11-24,3806.31692489772,8.244417314199582,-0.11959972149033504
2018-11-25,3946.85087434249,8.280673292922863,0.03625597872328079
2018-11-26,3700.28599269433,8.216165390967978,-0.06450790195488487
2018-11-27,3776.55590531853,8.23656773711766,0.02040234614968206
2018-11-28,4208.47526914085,8.344855692227295,0.10828795510963474
2018-11-29,4239.03948831093,8.352091986787174,0.007236294559879397
2018-11-30,3973.33405230859,8.287360832901363,-0.06473115388581085
2018-12-01,4148.07372559906,8.330399342961732,0.043038510060368296
2018-12-02,4098.74676388077,8.31843653862046,-0.011962804341271394
2018-12-03,3843.9766659848,8.254262699828471,-0.06417383879198901
2018-12-04,3892.95164699006,8.266922927032438,0.012660227203966201
2018-12-05,3709.52085827002,8.218657998546787,-0.04826492848565067
2018-12-06,3511.96898158971,8.163932122594623,-0.054725875952163605
2018-12-07,3372.99569257744,8.123556558030725,-0.04037556456389879
2018-12-08,3407.95119462303,8.133866567020087,0.010310008989362629
2018-12-09,3540.43957597896,8.172006172424222,0.03813960540413497
2018-12-10,3413.59258416131,8.13552055943216,-0.036485612992061434
2018-12-11,3352.56420017534,8.117480764912921,-0.01803979451923965
2018-12-12,3423.01291788428,8.138276412371816,0.02079564745889506
2018-12-13,3260.34158240795,8.089587248751464,-0.04868916362035236
2018-12-14,3198.94747369959,8.070577120214711,-0.019010128536752546
2018-12-15,3185.07404383402,8.066230815407632,-0.004346304807079093
2018-12-16,3195.41455523086,8.069472109640635,0.0032412942330033445
2018-12-17,3499.15648188194,8.160277213254503,0.09080510361386729
2018-12-18,3659.52737931035,8.205089286721273,0.04481207346677074
2018-12-19,3697.72530333139,8.215473126692421,0.010383839971147779
2018-12-20,4067.73770777323,8.310842278141156,0.09536915144873426
2018-12-21,3839.08510841613,8.252989364178381,-0.057852913962774366
2018-12-22,3964.94611630625,8.285247544142116,0.032258179963735145
2018-12-23,3942.66699590883,8.279612675811736,-0.005634868330380627
2018-12-24,4040.04578959673,8.304011304949562,0.024398629137825978
2018-12-25,3761.58401081239,8.232595427142039,-0.07141587780752268
2018-12-26,3807.65745353594,8.244769437436526,0.012174010294486948
2018-12-27,3585.46053594389,8.184642206692232,-0.06012723074429438
2018-12-28,3881.05488486265,8.263862273207238,0.07922006651500624
2018-12-29,3823.13832612507,8.24882691565368,-0.01503535755355756
2018-12-30,3825.4074628872,8.249420266832137,0.0005933511784572687
2018-12-31,3687.19994009351,8.212622625159149,-0.03679764167298849
2019-01-01,3808.11783167738,8.244890338625115,0.03226771346596635
2019-01-02,3898.1974880187,8.26826954271915,0.023379204094034378
2019-01-03,3784.38863471654,8.238639629632814,-0.029629913086335335
2019-01-04,3827.52459438925,8.249973553217073,0.011333923584258443
2019-01-05,3798.61395499708,8.242391530492517,-0.00758202272455577
2019-01-06,4045.99377498539,8.305482479166297,0.06309094867378029
2019-01-07,4001.01827819988,8.294304177254668,-0.011178301911629163
2019-01-08,3992.6227893045,8.292203634607977,-0.002100542646690684
2019-01-09,4004.25903565167,8.29511383256123,0.0029101979532519806
2019-01-10,3627.90345002922,8.196410198430309,-0.09870363413092065
2019-01-11,3624.16142109877,8.195378208416692,-0.00103199001361709
2019-01-12,3617.02207831677,8.193406335974599,-0.001971872442092959
2019-01-13,3508.6701081239,8.16299235808987,-0.030413977884728993
2019-01-14,3666.94519374635,8.207114222158259,0.044121864068388916
2019-01-15,3581.29301548802,8.18347919169647,-0.023635030461788276
2019-01-16,3606.98657568673,8.19062795915742,0.007148767460948946
2019-01-17,3640.12913062536,8.199774435448075,0.009146476290656125
2019-01-18,3609.42673611923,8.191304239858114,-0.008470195589961094
2019-01-19,3687.30196113384,8.212650293750656,0.021346053892541406
2019-01-20,3538.31372296903,8.171405543193606,-0.041244750557050125
2019-01-21,3535.623393045,8.170644911593516,-0.0007606316000892122
2019-01-22,3577.30834979544,8.18236593900903,0.011721027415513063
2019-01-23,3551.89382115722,8.175236210973042,-0.007129728035987881
2019-01-24,3567.58893366452,8.17964527788807,0.0044090669150289585
2019-01-25,3561.35049795441,8.177895105267764,-0.0017501726203068557
2019-01-26,3557.03991525424,8.17668399349197,-0.001211111775793583
2019-01-27,3537.61413062536,8.171207804505357,-0.00547618898661284
2019-01-28,3435.05251402689,8.141787492465905,-0.029420312039452057
2019-01-29,3395.82376329632,8.13030165070663,-0.011485841759276028
2019-01-30,3437.89586616014,8.142614896409068,0.012313245702438635
2019-01-31,3410.13161601403,8.134506166604277,-0.008108729804790826
2019-02-01,3445.04989129164,8.14469366557559,0.010187498971312436
2019-02-02,3461.93511747516,8.14958299421887,0.0048893286432800664
2019-02-03,3413.02161630625,8.13535328240738,-0.01422971181149002
2019-02-04,3411.38796171829,8.134874514361446,-0.0004787680459337196
2019-02-05,3426.46501139684,8.139284399795235,0.0044098854337892845
2019-02-06,3367.50636499123,8.121927798406334,-0.017356601388900827
2019-02-07,3358.87359906487,8.119360958378754,-0.0025668400275797865
2019-02-08,3612.47961922852,8.192149690668723,0.0727887322899683
2019-02-09,3621.26812098188,8.194579553139215,0.002429862470492594
2019-02-10,3642.0223591467,8.200294399518214,0.005714846378998217
2019-02-11,3590.6184836353,8.186079746208055,-0.014214653310158809
2019-02-12,3587.90246580947,8.185323039367034,-0.0007567068410203603
2019-02-13,3576.08537258913,8.182024009774967,-0.003299029592067626
2019-02-14,3561.91638340152,8.1780539889535,-0.003970020821466136
2019-02-15,3565.00692372881,8.178921274986429,0.0008672860329284049
2019-02-16,3584.73600263004,8.184440110888463,0.005518835902034169
2019-02-17,3622.7574289889,8.194990735572995,0.01055062468453194
2019-02-18,3866.12921712449,8.260009083194314,0.06501834762131864
2019-02-19,3895.43521098773,8.267560687874866,0.00755160468055216
2019-02-20,3931.61382904734,8.276805264095826,0.009244576220959644
2019-02-21,3892.26179427236,8.266745705759131,-0.010059558336694252
2019-02-22,3948.30051052016,8.281040514809638,0.014294809050506174
2019-02-23,4110.15112127411,8.321215075980762,0.04017456117112417
2019-02-24,3754.18378988895,8.230626174362774,-0.09058890161798772
2019-02-25,3822.01869666861,8.248534016642939,0.017907842280164843
2019-02-26,3796.17506838106,8.241749277839455,-0.006784738803483847
2019-02-27,3799.3819924021,8.242593698909808,0.0008444210703526522
2019-02-28,3792.94772296902,8.240898759091683,-0.001694939818124297
2019-03-01,3810.63269257744,8.245550515378085,0.004651756286401465
2019-03-02,3809.64339099942,8.245290865577283,-0.0002596498008013981
2019-03-03,3782.38187025132,8.23810921457372,-0.007181651003563161
2019-03-04,3698.16185505552,8.215591179257391,-0.022518035316329232
2019-03-05,3840.1280490941,8.253260991144058,0.037669811886667404
2019-03-06,3851.99842548218,8.256347364164604,0.0030863730205457074
2019-03-07,3855.92316832262,8.25736573030439,0.0010183661397853427
2019-03-08,3839.23355289304,8.253028030059149,-0.0043377002452409386
2019-03-09,3910.36116656926,8.271385018680132,0.018356988620983117
2019-03-10,3903.9119509059,8.269734393719709,-0.0016506249604226753
2019-03-11,3851.56892168323,8.25623585639683,-0.013498537322879756
2019-03-12,3858.91482378726,8.258141289199509,0.0019054328026797407
2019-03-13,3851.95746639392,8.256336730903243,-0.0018045582962660234
2019-03-14,3853.78326504968,8.256810611028088,0.0004738801248453939
2019-03-15,3901.91420689655,8.269222533985047,0.012411922956959032
2019-03-16,3989.79607685564,8.291495400020338,0.02227286603529066
2019-03-17,3967.14349444769,8.285801591891317,-0.005693808129020539
2019-03-18,3969.44014582116,8.286380342533073,0.0005787506417558319
2019-03-19,3996.16790356517,8.293091156794919,0.006710814261845499
2019-03-20,4030.65527586207,8.301684241192364,0.008593084397444883
2019-03-21,3976.27385008767,8.288100441181214,-0.01358380001114945
2019-03-22,3983.88764582116,8.290013416956713,0.0019129757754985377
2019-03-23,3981.77603302163,8.28948323819594,-0.0005301787607727704
2019-03-24,3970.6669880187,8.286689366627238,-0.0027938715687021443
2019-03-25,3908.23883869082,8.270842126620392,-0.015847240006845453
2019-03-26,3917.76340210403,8.273276209265072,0.0024340826446795916
2019-03-27,4027.00791788428,8.300778927048746,0.027502717783674413
2019-03-28,4010.93746201052,8.29678027402809,-0.003998653020657272
2019-03-29,4089.46104003507,8.316168465301201,0.0193881912731122
2019-03-30,4091.89103834015,8.316762498745371,0.0005940334441696393
2019-03-31,4094.31781472823,8.31735539259959,0.000592893854218346
2019-04-01,4138.41780771479,8.328068821723443,0.010713429123853757
2019-04-02,4903.71946206897,8.497749270039465,0.16968044831602214
2019-04-03,4960.22760274693,8.509206906316757,0.011457636277292238
2019-04-04,4911.26970245471,8.499287782563215,-0.009919123753542536
2019-04-05,5033.22548369375,8.523816306824632,0.024528524261416607
2019-04-06,5044.35684593805,8.526025441199764,0.002209134375132038
2019-04-07,5189.11195558153,8.554317854695123,0.02829241349535927
2019-04-08,5283.42302483928,8.572329466803495,0.018011612108372432
2019-04-09,5195.57790882525,8.55556314062349,-0.0167663261800044
2019-04-10,5311.74160327294,8.577675046010942,0.022111905387451003
2019-04-11,5050.66600859147,8.527275396463022,-0.05039964954791998
2019-04-12,5082.86143202805,8.533629656014533,0.006354259551510921
2019-04-13,5074.79069257744,8.532040560217595,-0.0015890957969375563
2019-04-14,5156.80404061952,8.548072294612588,0.016031734394992725
2019-04-15,5042.89773845704,8.525736143952633,-0.022336150659954868
2019-04-16,5205.96295745178,8.557559970172258,0.03182382621962532
2019-04-17,5226.35221519579,8.56146884051746,0.003908870345201265
2019-04-18,5278.5023395675,8.571397688655473,0.009928848138013535
2019-04-19,5289.95121911163,8.573564303469873,0.0021666148143992814
2019-04-20,5313.97326212741,8.578095094716474,0.0045307912466014955
2019-04-21,5295.73382817066,8.574656837322596,-0.0034382573938778194
2019-04-22,5383.79997533606,8.591149718950927,0.016492881628330736
2019-04-23,5544.86271186441,8.620627140571633,0.029477421620706323
2019-04-24,5431.94791963764,8.600053081496995,-0.020574059074638384
2019-04-25,5127.67316738749,8.542407261660514,-0.05764581983648043
2019-04-26,5150.16466066628,8.546783966091567,0.004376704431052758
2019-04-27,5181.80776364699,8.55290926349203,0.006125297400462415
2019-04-28,5148.66961542957,8.546493633184534,-0.00641563030749559
2019-04-29,5148.80049327878,8.54651905260267,2.541941813660742e-05
2019-04-30,5266.61820251315,8.569143728250145,0.02262467564747439
2019-05-01,5315.17532904734,8.578321277823191,0.009177549573045951
2019-05-02,5393.12937638808,8.592881084737607,0.014559806914416384
2019-05-03,5658.43038836938,8.640901816195374,0.04802073145776653
2019-05-04,5774.71242869667,8.661243738253457,0.020341922058083384
2019-05-05,5728.35170222092,8.653183107282942,-0.008060630970515348
2019-05-06,5691.68837405026,8.64676220965238,-0.0064208976305621945
2019-05-07,5825.744893045,8.67004214889246,0.023279939240079983
2019-05-08,5931.8005949737,8.688083087550154,0.01804093865769474
2019-05-09,6150.14044476914,8.72423019708764,0.036147109537486344
2019-05-10,6357.46349357101,8.757384755018052,0.03315455793041089
2019-05-11,7325.08286031561,8.899059745809767,0.14167499079171542
2019-05-12,6942.62317451783,8.84543496112192,-0.05362478468784637
2019-05-13,7798.90573600234,8.961738712579974,0.11630375145805338
2019-05-14,7955.5576823495,8.981626042946916,0.01988733036694157
2019-05-15,8215.2068383986,9.013742208291788,0.03211616534487227
2019-05-16,7862.07160233782,8.969805413335122,-0.04393679495666625
2019-05-17,7326.92068188194,8.899310608645102,-0.07049480469001956
2019-05-18,7277.98756341321,8.892609669378835,-0.006700939266266914
2019-05-19,8219.74278696669,9.014294196437374,0.12168452705853916
2019-05-20,7981.13937895967,8.984836459570111,-0.02945773686726305
2019-05-21,7983.80847738165,8.985170829399674,0.0003343698295630304
2019-05-22,7667.90211484512,8.94479833867523,-0.04037249072444382
2019-05-23,7897.4712936879,8.974297897808968,0.029499559133737918
2019-05-24,7987.10036762127,8.985583065211447,0.011285167402478535
2019-05-25,8061.59176072472,8.994866304925965,0.009283239714518388
2019-05-26,8731.52495587376,9.074695313518603,0.07982900859263786
2019-05-27,8816.78670835769,9.08441276384032,0.009717450321716115
2019-05-28,8719.12584833431,9.073274265127331,-0.01113849871298811
2019-05-29,8655.48850613676,9.065948908089931,-0.007325357037400337
2019-05-30,8271.62196317942,9.020585894927716,-0.04536301316221447
2019-05-31,8556.222185564,9.054414038257363,0.033828143329646565
2019-06-01,8554.80732963179,9.05424866469709,-0.00016537356027335193
2019-06-02,8744.35374547049,9.076163484832948,0.021914820135858548
2019-06-03,8173.40127054354,9.008640413404207,-0.06752307142874159
2019-06-04,7649.93933196961,8.942452996327646,-0.06618741707656106
2019-06-05,7798.54446639392,8.96169238839188,0.019239392064234195
2019-06-06,7776.71332612507,8.958889076259723,-0.0028033121321566767
2019-06-07,8023.950093045,8.990186109912186,0.0312970336524625
2019-06-08,7939.80515488019,8.979644014252445,-0.010542095659740625
2019-06-09,7634.06575073057,8.940375846148694,-0.03926816810375122
2019-06-10,7993.30253857393,8.986359287350586,0.04598344120189246
2019-06-11,7922.48362711864,8.977460024932286,-0.008899262418299969
2019-06-12,8146.75612507306,9.005375105539914,0.027915080607627374
2019-06-13,8232.77734137931,9.015878702280618,0.01050359674070478
2019-06-14,8698.00481502046,9.070848946735317,0.05497024445469911
2019-06-15,8850.58481601403,9.08823881672427,0.017389869988951645
2019-06-16,9019.51700672121,9.107146064696286,0.018907247972016705
2019-06-17,9340.57218877849,9.142122791528289,0.034976726832002925
2019-06-18,9047.13274447691,9.110203162679998,-0.031919628848291026
2019-06-19,9285.05567656341,9.136161470167687,0.02595830748768968
2019-06-20,9546.71977819988,9.163952895749922,0.027791425582234908
2019-06-21,10083.4863136762,9.218654346280042,0.054701450530119544
2019-06-22,10685.2952327878,9.27662379795532,0.05796945167527845
2019-06-23,10794.4276963764,9.286785325923002,0.010161527967682105
2019-06-24,11004.2069094681,9.306032924981839,0.01924759905883633
2019-06-25,11726.2638308007,9.36958637691293,0.06355345193109052
2019-06-26,12863.4606849795,9.462146066175741,0.09255968926281177
2019-06-27,11109.7978418469,9.315582686414741,-0.14656337976099998
2019-06-28,12358.2079582116,9.422075733300312,0.10649304688557137
2019-06-29,11944.3515473407,9.38801377175145,-0.034061961548863096
2019-06-30,10842.6167109877,9.291239639865347,-0.09677413188610196
2019-07-01,10569.5517282291,9.265732668147468,-0.025506971717879523
2019-07-02,10766.0833162186,9.284156037918619,0.018423369771150888
2019-07-03,11952.0248935126,9.388655990160975,0.10449995224235664
2019-07-04,11177.0103787551,9.321614302966651,-0.06704168719432424
2019-07-05,10998.3991004676,9.305505004867943,-0.016109298098708535
2019-07-06,11208.225600526,9.324403216340855,0.018898211472912152
2019-07-07,11456.1836039158,9.346284915950124,0.02188169960926878
2019-07-08,12319.6228758036,9.418948625888765,0.07266370993864157
2019-07-09,12579.107616014,9.439792591014456,0.020843965125690644
2019-07-10,12106.7829313267,9.40152114735949,-0.038271443654965154
2019-07-11,11294.678028346,9.33208692281595,-0.06943422454354042
2019-07-12,11813.3237158971,9.376983301933514,0.04489637911756361
2019-07-13,11346.837148159,9.336694318714702,-0.04028898321881158
2019-07-14,10283.0757891292,9.23825469553454,-0.09843962318016253
2019-07-15,10926.3802741087,9.29893535286297,0.06068065732842953
2019-07-16,9471.14086475745,9.15600465038732,-0.14293070247564899
2019-07-17,9674.88246113384,9.17728836910417,0.021283718716849975
2019-07-18,10679.8906896552,9.276117877410796,0.09882950830662551
2019-07-19,10532.2027291058,9.262192769301604,-0.013925108109191342
2019-07-20,10862.6485479252,9.293085444778203,0.030892675476598797
2019-07-21,10589.7064907656,9.267637722514065,-0.02544772226413805
2019-07-22,10318.5609251899,9.241699584078626,-0.02593813843543913
2019-07-23,9866.64894038574,9.196915555059903,-0.04478402901872336
2019-07-24,9792.78753652835,9.189401428042613,-0.007514127017289596
2019-07-25,9897.18678603156,9.200005832713602,0.010604404670988998
2019-07-26,9836.69678813559,9.193875241426396,-0.006130591287206499
2019-07-27,9446.67205207481,9.153417794661948,-0.040457446764447624
2019-07-28,9529.78879193454,9.16217783396137,0.008760039299422928
2019-07-29,9504.15891595558,9.159484762417554,-0.0026930715438169273
2019-07-30,9589.10920601987,9.168383275765425,0.008898513347871173
2019-07-31,10059.0040189947,9.21622343467643,0.04784015891100424
2019-08-01,10400.3070143776,9.24959060530697,0.033367170630540954
2019-08-02,10529.6944544126,9.261954588032063,0.012363982725092981
2019-08-03,10810.4216686148,9.288265917144905,0.02631132911284162
2019-08-04,10986.5089291058,9.304423338071329,0.016157420926424138
2019-08-05,11790.0239375804,9.375009023858482,0.07058568578715274
2019-08-06,11423.4970017534,9.343427653651458,-0.03158137020702334
2019-08-07,11967.2735473407,9.38993099878479,0.04650334513333121
2019-08-08,11938.2346108708,9.387501520979013,-0.0024294778057765143
2019-08-09,11858.3410984804,9.380786789115904,-0.0067147318631093356
2019-08-10,11303.7305618936,9.332888088437473,-0.04789870067843083
2019-08-11,11530.195242256,9.352724546533093,0.019836458095619847
2019-08-12,11384.6962465809,9.340025297999706,-0.01269924853338722
2019-08-13,10867.05475827,9.293490992000189,-0.04653430599951669
2019-08-14,10024.3795917008,9.212775364145111,-0.0807156278550778
2019-08-15,10310.0858696669,9.240877905750997,0.02810254160588599
2019-08-16,10373.3219028054,9.246992587708965,0.006114681957967605
2019-08-17,10207.1555616598,9.230844278971185,-0.016148308737779615
2019-08-18,10331.3099760374,9.24293436685556,0.012090087884374157
2019-08-19,10884.6297744009,9.295106960632783,0.0521725937772235
2019-08-20,10771.3923793688,9.284649044929541,-0.010457915703241838
2019-08-21,10096.8302238457,9.219976814348318,-0.06467223058122329
2019-08-22,10119.7145248393,9.222240733435601,0.002263919087283739
2019-08-23,10414.1441725891,9.250920177739662,0.028679444304060553
2019-08-24,10147.0871548802,9.224941963468588,-0.02597821427107405
2019-08-25,10100.3567783752,9.220326026797055,-0.0046159366715325945
2019-08-26,10362.6434723553,9.245962644689591,0.025636617892535796
2019-08-27,10168.221571654,9.227022603707201,-0.01894004098238966
2019-08-28,9724.79997808299,9.182434600468751,-0.04458800323845047
2019-08-29,9482.31173495032,9.157183419419251,-0.02525118104949975
2019-08-30,9577.67882349503,9.167190547608541,0.010007128189290171
2019-08-31,9605.02446142607,9.170041621938203,0.00285107432966214
2019-09-01,9762.93655689655,9.186348510884015,0.016306888945811338
2019-09-02,10377.3383845704,9.247379706167802,0.0610311952837872
2019-09-03,10618.7815058445,9.270379552417088,0.022999846249286193
2019-09-04,10577.2410839275,9.26645990429203,-0.003919648125057407
2019-09-05,10580.1846995909,9.266738162688164,0.0002782583961327134
2019-09-06,10330.8497312098,9.242889817318222,-0.023848345369941626
2019-09-07,10494.5069649328,9.258607253060022,0.0157174357418004
2019-09-08,10407.2656573933,9.250259462110682,-0.00834779094934035
2019-09-09,10332.4644424313,9.243046105047403,-0.007213357063278636
2019-09-10,10085.9519243133,9.218898836049195,-0.02414726899820785
2019-09-11,10142.1480603741,9.224455094983771,0.005556258934575453
2019-09-12,10403.3599707773,9.249884107065462,0.025429012081691127
2019-09-13,10345.3387469316,9.244291334634509,-0.005592772430953019
2019-09-14,10363.4528963179,9.246040751434693,0.0017494168001839228
2019-09-15,10306.1696674459,9.240497991730136,-0.005542759704557199
2019-09-16,10257.822761543,9.23579588972849,-0.0047021020016462245
2019-09-17,10195.6111811806,9.229712630322087,-0.006083259406402419
2019-09-18,10161.3188664524,9.226343522398121,-0.0033691079239659416
2019-09-19,10268.3926291642,9.23682577939439,0.010482256996269257
2019-09-20,10170.1251161309,9.227209791438012,-0.009615987956378191
2019-09-21,9986.4061081239,9.208980057980881,-0.018229733457131303
2019-09-22,10047.0134748685,9.215030702644704,0.0060506446638228795
2019-09-23,9692.74104792519,9.179132538766426,-0.0358981638782776
2019-09-24,8613.67124850965,9.061105900097004,-0.11802663866942176
2019-09-25,8424.15764640561,9.038858767599487,-0.022247132497517086
2019-09-26,8091.69529924021,8.998593543011237,-0.04026522458824999
2019-09-27,8186.77963927528,9.010275893083499,0.011682350072261372
2019-09-28,8201.97901344243,9.012130747236519,0.0018548541530201135
2019-09-29,8064.50806236119,8.995227992091525,-0.01690275514499362
2019-09-30,8282.3654541204,9.021883889444508,0.026655897352982905
2019-10-01,8314.55139012273,9.025762438292166,0.0038785488476573704
2019-10-02,8362.53073232028,9.031516379445609,0.00575394115344352
2019-10-03,8254.33991028638,9.018494390744754,-0.013021988700854692
2019-10-04,8165.68615125658,9.007696037545116,-0.010798353199637845
2019-10-05,8141.63371379311,9.004746140798831,-0.0029498967462853187
2019-10-06,7854.60981297487,8.968855875741731,-0.035890265057100024
2019-10-07,8226.02342928112,9.015057996984845,0.04620212124311429
2019-10-08,8190.1151207481,9.010683233005727,-0.004374763979118512
2019-10-09,8598.3319207481,9.059323500724691,0.048640267718964125
2019-10-10,8578.09037931034,9.056966601196459,-0.002356899528232148
2019-10-11,8289.85402893045,9.0227876398839,-0.03417896131255915
2019-10-12,8323.7501440678,9.026868170732872,0.004080530848971975
2019-10-13,8291.25065143191,9.022956099408363,-0.003912071324508659
2019-10-14,8346.36843658679,9.029581805466698,0.0066257060583350125
2019-10-15,8160.71262752776,9.007086775949825,-0.022495029516873544
2019-10-16,8003.85592314436,8.98767869493496,-0.019408081014864464
2019-10-17,8072.48938229106,8.996217187337798,0.008538492402838216
2019-10-18,7959.33199357101,8.982100354911262,-0.014116832426536163
2019-10-19,7948.47733722969,8.980735659395968,-0.0013646955152939455
2019-10-20,8213.70903927528,9.013559871351404,0.032824211955436056
2019-10-21,8211.65455873758,9.013309711829985,-0.0002501595214194907
2019-10-22,8029.20537288136,8.990840844744255,-0.02246886708572937
2019-10-23,7458.03585680889,8.917047368558919,-0.07379347618533671
2019-10-24,7454.37113816482,8.916555869269892,-0.0004914992890263647
2019-10-25,8656.65517755699,9.06608368878992,0.1495278195200278
2019-10-26,9249.64676095851,9.132340641772805,0.0662569529828847
2019-10-27,9558.15604400935,9.165150105015439,0.032809463242633896
2019-10-28,9319.17814167154,9.139829721567272,-0.02532038344816634
2019-10-29,9431.20712390415,9.151779376332641,0.011949654765368578
2019-10-30,9182.85506516657,9.12509344453858,-0.02668593179406109
2019-10-31,9155.27729877265,9.122085745975147,-0.003007698563433081
2019-11-01,9251.38129345412,9.13252814838007,0.010442402404923001
2019-11-02,9300.19083752192,9.137790199094459,0.0052620507143892326
2019-11-03,9209.63869608416,9.128005898955877,-0.009784300138582225
2019-11-04,9418.36013062537,9.150416268618335,0.022410369662457796
2019-11-05,9330.78722296902,9.14107466573418,-0.009341602884154199
2019-11-06,9354.93338229106,9.143659117602242,0.0025844518680617767
2019-11-07,9210.74822238457,9.128126366165025,-0.015532751437216774
2019-11-08,8791.33393495032,9.081521735132496,-0.04660463103252965
2019-11-09,8810.78456195208,9.083731768535234,0.0022100334027381763
2019-11-10,9042.89072320281,9.109734172536404,0.026002404001170376
2019-11-11,8713.20792957335,9.072595306238213,-0.037138866298191076
2019-11-12,8788.95814295734,9.08125145611814,0.008656149879927355
2019-11-13,8766.72943050848,9.078719088845709,-0.002532367272431557
2019-11-14,8645.43580362361,9.064786807907943,-0.013932280937765995
2019-11-15,8465.87788854471,9.043798997228288,-0.020987810679654828
2019-11-16,8477.69024284044,9.045193314661057,0.0013943174327692986
2019-11-17,8505.16122326125,9.048428460942034,0.003235146280976764
2019-11-18,8183.53341350088,9.009879293970643,-0.0385491669713911
2019-11-19,8116.82067258913,9.001693813698243,-0.008185480272400625
2019-11-20,8076.55466008182,8.996720657124117,-0.004973156574125781
2019-11-21,7612.2774880187,8.937517681774034,-0.059202975350082454
2019-11-22,7277.52427323203,8.892546010994776,-0.04497167077925823
2019-11-23,7324.83617855056,8.89902606893218,0.006480057937404027
2019-11-24,6943.38065604909,8.84554406112524,-0.05348200780693979
2019-11-25,7139.04468597312,8.873334248899193,0.02779018777395237
2019-11-26,7165.43773027469,8.8770244312468,0.0036901823476078732
2019-11-27,7526.86381654004,8.926233742209776,0.04920931096297565
2019-11-28,7436.3363817066,8.914133584734072,-0.01210015747570381
2019-11-29,7747.73804208066,8.955156214208378,0.04102262947430546
2019-11-30,7556.19372121567,8.93012286635729,-0.02503334785108713
2019-12-01,7417.72720601987,8.911627982773695,-0.018494883583596078
2019-12-02,7318.31252180012,8.89813505057055,-0.013492932203144292
2019-12-03,7306.44623331385,8.896512283140467,-0.0016227674300832717
2019-12-04,7215.02034482759,8.883920290999919,-0.012591992140547958
2019-12-05,7404.0867949737,8.909787396338576,0.02586710533865677
2019-12-06,7534.2083559322,8.927209043289306,0.017421646950730008
2019-12-07,7512.06140263004,8.924265194793728,-0.0029438484955779387
2019-12-08,7528.94026943308,8.926509576418876,0.002244381625148506
2019-12-09,7340.22745908825,8.901125110105014,-0.02538446631386293
2019-12-10,7232.09178375219,8.886283593328894,-0.014841516776119335
2019-12-11,7200.46444599649,8.8819008093121,-0.004382784016794261
2019-12-12,7192.84902425482,8.880842620387357,-0.0010581889247429643
2019-12-13,7244.90372004676,8.888053565507994,0.0072109451206365804
2019-12-14,7071.10709029807,8.86377233648999,-0.024281229018003003
2019-12-15,7111.28666995909,8.869438472663845,0.005666136173854142
2019-12-16,6882.39579532437,8.836722096375354,-0.03271637628849078
2019-12-17,6608.96197983635,8.796181882667758,-0.04054021370759564
2019-12-18,7284.6254836353,8.893521308060762,0.09733942539300422
2019-12-19,7146.16763763881,8.874331497255694,-0.01918981080506832
2019-12-20,7184.21917206312,8.879642117877344,0.005310620621649775
2019-12-21,7140.29801127995,8.873509792737115,-0.006132325140228545
2019-12-22,7479.40240789012,8.919908175783688,0.04639838304657218
2019-12-23,7321.7487238457,8.898604475124317,-0.02130370065937015
2019-12-24,7235.62908381064,8.886772585363135,-0.011831889761182879
2019-12-25,7191.17416569258,8.880609742763664,-0.0061628425994708635
2019-12-26,7194.63975832846,8.881091549732838,0.0004818069691747695
2019-12-27,7237.15044728229,8.886982823275485,0.0058912735426464025
2019-12-28,7306.64330829924,8.896539255531877,0.009556432256392355
2019-12-29,7391.578521391,8.908096593485828,0.011557337953950864
2019-12-30,7229.3971006429,8.885910923106344,-0.022185670379483824
2019-12-31,7167.39505464641,8.877297555815161,-0.008613367291182783
2020-01-01,7170.63186879018,8.877749056459711,0.000451500644549796
2020-01-02,6946.82526914085,8.846040038388779,-0.031709018070932515
2020-01-03,7315.3093603156,8.897724603785623,0.05168456539684385
2020-01-04,7343.16419438925,8.901525117870177,0.003800514084554507
2020-01-05,7345.53069181765,8.901847338117408,0.0003222202472308311
2020-01-06,7765.7977346581,8.957484464968932,0.05563712685152389
2020-01-07,8136.08684190532,9.004064611455272,0.04658014648634001
2020-01-08,8059.69952887201,8.994631555509507,-0.009433055945764934
2020-01-09,7817.13609322034,8.964073537972878,-0.030558017536629123
2020-01-10,8129.81791992987,9.003293806218474,0.03922026824559666
2020-01-11,8032.00549503215,8.991189526073725,-0.012104280144749069
2020-01-12,8164.54999316189,9.00755688975981,0.0163673636860846
2020-01-13,8121.92566762127,9.002322556224712,-0.005234333535097946
2020-01-14,8830.16787346581,9.085929305134817,0.08360674891010511
2020-01-15,8811.44820251315,9.08380708709109,-0.002122218043727031
2020-01-16,8718.68699801286,9.073223931943302,-0.010583155147788403
2020-01-17,8912.54190414962,9.095214766439366,0.021990834496063982
2020-01-18,8928.1807565751,9.0969679304483,0.0017531640089352152
2020-01-19,8687.35483664524,9.069623780282535,-0.027344150165765413
2020-01-20,8636.2587862069,9.063724757166145,-0.005899023116390012
2020-01-21,8730.86756019871,9.074620020780252,0.010895263614106199
2020-01-22,8647.90047399182,9.065071850694983,-0.009548170085269092
2020-01-23,8366.38461396844,9.031977124405644,-0.03309472628933818
2020-01-24,8423.39095815313,9.038767752785285,0.0067906283796403955
2020-01-25,8344.77456896552,9.029390821826382,-0.009376930958902463
2020-01-26,8573.87480958504,9.056475045883262,0.027084224056880046
2020-01-27,8901.95928486265,9.094026675858606,0.03755162997534356
2020-01-28,9297.3883176505,9.13748881364324,0.04346213778463337
2020-01-29,9311.94754354179,9.139053536744633,0.0015647231013939944
2020-01-30,9508.92096493279,9.159985685898297,0.020932149153663815
2020-01-31,9357.28478240795,9.143910440038585,-0.016075245859711984
2020-02-01,9381.88602863822,9.146536090939774,0.002625650901189047
2020-02-02,9339.38706312098,9.141995904135964,-0.004540186803810187
2020-02-03,9279.81252051432,9.135596623045387,-0.006399281090576636
2020-02-04,9161.62719772063,9.12277908356432,-0.012817539481067897
2020-02-05,9628.13677586207,9.172445004853374,0.04966592128905489
2020-02-06,9739.2804364699,9.183922516748382,0.011477511895007453
2020-02-07,9800.27939982466,9.190166174438446,0.006243657690063742
2020-02-08,9911.29340841613,9.201430134288572,0.01126395985012607
2020-02-09,10151.0832026885,9.225335698252515,0.023905563963943166
2020-02-10,9872.36187305669,9.19749440198232,-0.027841296270194604
2020-02-11,10272.2225558738,9.237198691960005,0.03970428997768494
2020-02-12,10360.1352229106,9.245720568132791,0.00852187617278588
2020-02-13,10235.4973226184,9.233617087302644,-0.012103480830147006
2020-02-14,10361.6156901812,9.245863458304507,0.01224637100186321
2020-02-15,9911.72432700175,9.201473610876388,-0.04438984742811947
2020-02-16,9952.04661157218,9.205533498606677,0.004059887730289091
2020-02-17,9683.0796277031,9.178135273031515,-0.027398225575161916
2020-02-18,10195.3037904734,9.229682480551206,0.05154720751969144
2020-02-19,9636.00229865576,9.173261602283484,-0.056420878267722685
2020-02-20,9614.03012244302,9.17097878163425,-0.0022828206492331304
2020-02-21,9701.79750268849,9.180066456879294,0.009087675245043059
2020-02-22,9675.24905756868,9.177326259951013,-0.00274019692828098
2020-02-23,9972.84242308591,9.20762091992468,0.030294659973668203
2020-02-24,9648.00788310929,9.174506736038492,-0.03311418388618925
2020-02-25,9344.28714009351,9.142520434485998,-0.031986301552493046
2020-02-26,8798.88894856809,9.082380736650823,-0.06013969783517581
2020-02-27,8779.02948188194,9.080121143148379,-0.0022595935024440905
2020-02-28,8750.59344599649,9.076876799451425,-0.003244343696954033
2020-02-29,8582.09029964933,9.057432787478092,-0.019444011973332564
2020-03-01,8541.77389392169,9.05272398112854,-0.004708806349551509
2020-03-02,8906.21475645821,9.094504599273627,0.04178061814508638
2020-03-03,8768.81061420222,9.078956456351722,-0.015548142921904429
2020-03-04,8756.36957218001,9.077536665630054,-0.0014197907216679795
2020-03-05,9062.61580274693,9.111913077315434,0.03437641168537908
2020-03-06,9147.08505897136,9.12119053472446,0.009277457409027079
2020-03-07,8898.30695675044,9.093616308045688,-0.027574226678773073
2020-03-08,8109.61454114553,9.000805617144605,-0.09281069090108218
2020-03-09,7896.38531987142,8.97416037929848,-0.02664523784612527
2020-03-10,7909.92787545295,8.975873942572587,0.0017135632741069884
2020-03-11,7939.34133477499,8.979585595482188,0.003711652909601071
2020-03-12,4959.31341437756,8.509022585616762,-0.4705630098654261
2020-03-13,5627.69238836938,8.635454759378995,0.12643217376223248
2020-03-14,5145.17250642899,8.54581417665242,-0.08964058272657383
2020-03-15,5358.61066335476,8.586460015867537,0.04064583921511655
2020-03-16,5012.92738778492,8.519775332376017,-0.06668468349151979
2020-03-17,5416.7547106955,8.597252153239921,0.07747682086390384
2020-03-18,5392.48783594389,8.592762122524817,-0.004490030715103899
2020-03-19,6203.5516320865,8.732877250905677,0.1401151283808595
2020-03-20,6174.14947603741,8.728126415335508,-0.004750835570169087
2020-03-21,6175.83102220924,8.728398730936728,0.00027231560122054077
2020-03-22,5830.56097960257,8.670868497631803,-0.05753023330492546
2020-03-23,6486.40865733489,8.777464290947048,0.10659579331524505
2020-03-24,6775.05761893629,8.82100315035178,0.04353885940473212
2020-03-25,6689.96901285798,8.808364521251754,-0.012638629100026222
2020-03-26,6754.46033606078,8.817958356168168,0.009593834916413968
2020-03-27,6490.79541502046,8.778140362283864,-0.03981799388430396
2020-03-28,6231.81989023963,8.737423686336996,-0.04071667594686801
2020-03-29,5904.85758679135,8.683530610947129,-0.05389307538986721
2020-03-30,6436.90570017534,8.769803222291019,0.0862726113438903
2020-03-31,6432.3832421391,8.769100392749671,-0.0007028295413480379
2020-04-01,6643.11000870836,8.801335507622714,0.03223511487304265
2020-04-02,6792.74222209234,8.823610000891756,0.02227449326904285
2020-04-03,6751.90255178258,8.817579603674988,-0.00603039721676879
2020-04-04,6859.98916867329,8.833461141808085,0.01588153813309745
2020-04-05,6790.81247264758,8.823325870632615,-0.01013527117546964
2020-04-06,7298.17374517826,8.895379423944885,0.07205355331226926
2020-04-07,7187.59333664524,8.880111670989322,-0.015267752955562486
2020-04-08,7372.19476399766,8.90547073786526,0.025359066875937586
2020-04-09,7299.57918790181,8.895571979982014,-0.009898757883245679
2020-04-10,6859.82267475161,8.833436871224263,-0.062135108757750857
2020-04-11,6883.18222895967,8.836836357270867,0.0033994860466037835
2020-04-12,6978.66628661601,8.85061310108295,0.01377674381208216
2020-04-13,6863.57553319696,8.833983799686445,-0.016629301396504204
2020-04-14,6875.53850344828,8.835725247241607,0.0017414475551618125
2020-04-15,6625.47577510228,8.79867746338562,-0.037047783855987504
2020-04-16,7127.79228223261,8.871756827625111,0.0730793642394918
2020-04-17,7081.39519842197,8.865226229197622,-0.006530598427488599
2020-04-18,7262.79234360023,8.890519654202013,0.025293425004390357
2020-04-19,7150.2442154588,8.874901791112974,-0.015617863089039119
2020-04-20,6853.27341478667,8.832481687884172,-0.04242010322880141
2020-04-21,6870.42369865576,8.834981057063667,0.0024993691794943373
2020-04-22,7123.65691992987,8.871176484902046,0.036195427838379146
2020-04-23,7488.60516528346,8.92113783290511,0.04996134800306429
2020-04-24,7506.44331648159,8.923517039565818,0.002379206660707567
2020-04-25,7537.73820911748,8.927677443735735,0.0041604041699176975
2020-04-26,7684.06852168322,8.94690444129835,0.019226997562615367
2020-04-27,7777.49151858562,8.958989138264688,0.01208469696633685
2020-04-28,7769.89969842197,8.958012534452372,-0.0009766038123153464
2020-04-29,8761.83716954997,9.078160884493103,0.12014835004073099
2020-04-30,8652.4109912332,9.065593288398881,-0.012567596094221756
2020-05-01,8855.53525827002,9.088797995399688,0.023204707000806124
2020-05-02,8977.28170537697,9.102452410057122,0.013654414657434444
2020-05-03,8896.7956383986,9.093446450260672,-0.009005959796450469
2020-05-04,8881.95430450029,9.09177689110793,-0.0016695591527415843
2020-05-05,8985.8795993571,9.103409690848721,0.011632799740791455
2020-05-06,9266.8130730567,9.134194810136535,0.030785119287813245
2020-05-07,9993.75317685564,9.209715494466456,0.07552068432992165
2020-05-08,9859.32360461718,9.196172845306192,-0.013542649160264375
2020-05-09,9577.33892238457,9.167155058097125,-0.029017787209067336
2020-05-10,8715.03329322034,9.072804778167173,-0.0943502799299516
2020-05-11,8591.65288433665,9.058546416064841,-0.014258362102332
2020-05-12,8817.25068112215,9.084465386249393,0.025918970184552137
2020-05-13,9322.99720204559,9.140239444183551,0.05577405793415835
2020-05-14,9801.26948772647,9.190267195833064,0.05002775164951245
2020-05-15,9326.87585891292,9.140655388775835,-0.049611807057228674
2020-05-16,9395.4753893045,9.147983510812706,0.00732812203687061
2020-05-17,9682.5324811806,9.178078766010763,0.030095255198057558
2020-05-18,9726.85002209235,9.1826453840287,0.004566618017936008
2020-05-19,9754.20146201052,9.185453390353453,0.0028080063247539755
2020-05-20,9515.702550263,9.160698613080486,-0.024754777272967488
2020-05-21,9068.80122933957,9.112595365613325,-0.04810324746716077
2020-05-22,9161.81503389831,9.122799585844986,0.010204220231660344
2020-05-23,9183.66212507305,9.12518132836529,0.0023817425203045417
2020-05-24,8806.23065715956,9.083214779154535,-0.04196654921075549
2020-05-25,8909.19258153127,9.094838897001914,0.011624117847379267
2020-05-26,8835.13725336061,9.086491919818256,-0.008346977183657955
2020-05-27,9169.05743921683,9.12358977253206,0.03709785271380461
2020-05-28,9568.26185300994,9.166206843396399,0.0426170708643383
2020-05-29,9432.41333343074,9.151907263715762,-0.014299579680637109
2020-05-30,9691.68049117475,9.179023115150214,0.027115851434452054
2020-05-31,9433.94384663939,9.152069511594076,-0.026953603556137296
2020-06-01,10199.1350542373,9.230058197072571,0.0779886854784948
2020-06-02,9512.34653302163,9.160345868848907,-0.06971232822366424
2020-06-03,9642.27340035067,9.173912189712984,0.013566320864077497
2020-06-04,9813.36067913501,9.191500070767459,0.017587881054474508
2020-06-05,9641.8916225599,9.173872594761336,-0.017627476006122578
2020-06-06,9668.67053857393,9.176646095911282,0.0027735011499459006
2020-06-07,9747.58011104617,9.184774339447875,0.008128243536592805
2020-06-08,9769.34236148451,9.187004430743075,0.0022300912951997987
2020-06-09,9779.42216566335,9.188035678017872,0.001031247274797309
2020-06-10,9888.44417469316,9.199122099268383,0.011086421250510625
2020-06-11,9277.45116931619,9.13534212957584,-0.0637799696925434
2020-06-12,9456.16153331385,9.154421822126226,0.01907969255038644
2020-06-13,9461.33379865576,9.15496864562268,0.0005468234964549623
2020-06-14,9342.955635301,9.142377930339105,-0.012590715283575804
2020-06-15,9441.38321127995,9.15285777502421,0.010479844685104212
2020-06-16,9520.09194827586,9.161159786171106,0.008302011146897215
2020-06-17,9448.69356060783,9.153631763375987,-0.007528022795119327
2020-06-18,9389.99076639392,9.147399588857194,-0.006232174518792988
2020-06-19,9285.99158293396,9.13626226215408,-0.01113732670311407
2020-06-20,9357.29246446522,9.143911261009016,0.007648998854936195
2020-06-21,9284.76937182934,9.136130634687724,-0.007780626321292061
2020-06-22,9684.62018474576,9.178294358215695,0.042163723527970376
2020-06-23,9611.72599824664,9.170739090233512,-0.007555267982182201
2020-06-24,9292.94354354179,9.13701063237928,-0.03372845785423273
2020-06-25,9247.12143249561,9.132067585587835,-0.0049430467914444165
2020-06-26,9159.43777206312,9.122540077188704,-0.00952750839913108
2020-06-27,9002.16561718293,9.10522045150445,-0.01731962568425338
2020-06-28,9108.06567457627,9.116915637805006,0.011695186300554994
2020-06-29,9184.24736627703,9.125245052678006,0.008329414872999763
2020-06-30,9143.96758530099,9.120849660553773,-0.004395392124232345
2020-07-01,9241.33961239041,9.131442133823121,0.01059247326934809
2020-07-02,9094.38728679135,9.115412720545597,-0.01602941327752383
2020-07-03,9066.69069661017,9.112362613973882,-0.0030501065717150055
2020-07-04,9126.21955493863,9.118906819376635,0.006544205402752468
2020-07-05,9079.61401808884,9.113786961670751,-0.005119857705883746
2020-07-06,9338.94259117475,9.141948311877497,0.02816135020674615
2020-07-07,9252.15873261251,9.132612179777063,-0.009336132100434824
2020-07-08,9434.56795645821,9.152135665175829,0.019523485398766027
2020-07-09,9231.50234751607,9.130377082129876,-0.021758583045953017
2020-07-10,9285.22101542957,9.136179276996192,0.005802194866316057
2020-07-11,9237.17100818235,9.130990949811123,-0.005188327185068786
2020-07-12,9289.09797691408,9.136596730959635,0.005605781148512179
2020-07-13,9236.62250116891,9.130931567636766,-0.005665163322868594
2020-07-14,9260.3569868498,9.133497878392793,0.0025663107560269793
2020-07-15,9196.72555897136,9.12660278218035,-0.006895096212442553
2020-07-16,9132.59231209818,9.119604866704655,-0.006997915475695393
2020-07-17,9156.46870976037,9.122215871304414,0.002611004599758715
2020-07-18,9175.90530859147,9.124336339291212,0.0021204679867974363
2020-07-19,9218.84231081239,9.129004745848356,0.004668406557144067
2020-07-20,9167.19056750439,9.123386146172054,-0.005618599676301628
2020-07-21,9388.57434979544,9.147248734242648,0.02386258807059427
2020-07-22,9531.2574301578,9.162331932347058,0.015083198104409945
2020-07-23,9609.16671537113,9.170472788045704,0.00814085569864531
2020-07-24,9548.1007270602,9.16409753694855,-0.006375251097153978
2020-07-25,9702.45279047341,9.180133997523768,0.01603646057521857
2020-07-26,9933.90655423729,9.203709088962825,0.02357509143905645
2020-07-27,11046.5083295149,9.309869668731888,0.1061605797690639
2020-07-28,10944.6129789012,9.300602648792815,-0.009267019939073862
2020-07-29,11115.7712819988,9.316120215083856,0.015517566291041618
2020-07-30,11135.3907261835,9.317883668989033,0.0017634539051769593
2020-07-31,11338.1973407949,9.335932599988988,0.01804893099995475
2020-08-01,11797.5821265342,9.375649884926954,0.03971728493796611
2020-08-02,11094.0206841321,9.314161565056573,-0.0614883198703815
2020-08-03,11236.0956805377,9.326886703721671,0.012725138665098612
2020-08-04,11202.651909059,9.323905806850348,-0.002980896871322969
2020-08-05,11721.4384715956,9.369174792083763,0.04526898523341494
2020-08-06,11769.3091081239,9.373250499136704,0.004075707052940913
2020-08-07,11598.9690585038,9.35867149887799,-0.014579000258713393
2020-08-08,11743.0086350088,9.371013332697247,0.012341833819256465
2020-08-09,11680.5173661601,9.365677550449176,-0.005335782248071297
2020-08-10,11870.3695447107,9.381800619782178,0.016123069333001894
2020-08-11,11392.6440884278,9.340723170714655,-0.04107744906752231
2020-08-12,11575.5124736996,9.356647152160072,0.015923981445416402
2020-08-13,11773.4481155465,9.373602115340866,0.016954963180793925
2020-08-14,11774.4082518995,9.373683663006059,8.154766519297141e-05
2020-08-15,11866.9103613092,9.381509164026532,0.007825501020473524
2020-08-16,11899.6427535944,9.384263657942638,0.002754493916105716
2020-08-17,12315.7624166569,9.41863521823287,0.03437156029023214
2020-08-18,11992.6959962595,9.392053076478817,-0.026582141754053268
2020-08-19,11736.8490645237,9.37048866421712,-0.021564412261696475
2020-08-20,11867.5203439509,9.381560564681505,0.01107190046438511
2020-08-21,11524.6989491525,9.352247745975086,-0.029312818706419108
2020-08-22,11682.2891503799,9.36582922608129,0.01358148010620397
2020-08-23,11665.6092735243,9.364400413998043,-0.0014288120832475215
2020-08-24,11771.4080537405,9.37342882383325,0.009028409835206475
2020-08-25,11358.4543202805,9.337717619662094,-0.035711204171155586
2020-08-26,11472.0491204559,9.347668844599403,0.009951224937308822
2020-08-27,11314.6737410286,9.333855723452066,-0.01381312114733646
2020-08-28,11527.8830322326,9.352523991221966,0.018668267769900382
2020-08-29,11490.7623477499,9.349298717445116,-0.003225273776850557
2020-08-30,11698.9758329632,9.367256581310208,0.01795786386509235
2020-08-31,11678.3482268849,9.365491827450532,-0.00176475385967656
2020-09-01,11970.364856166,9.390189278970192,0.024697451519660518
2020-09-02,11414.5209336645,9.342641589941685,-0.04754768902850692
2020-09-03,10261.4944095266,9.236153762068215,-0.10648782787347066
2020-09-04,10471.9664133255,9.256457100300931,0.020303338232716683
2020-09-05,10128.64358609,9.223122687595101,-0.033334412705830374
2020-09-06,10253.2998980129,9.235354874024134,0.01223218642903312
2020-09-07,10367.8783543542,9.246467685725598,0.011112811701464054
2020-09-08,10108.6354501461,9.221145332593247,-0.025322353132350983
2020-09-09,10223.1114091175,9.232406260586462,0.011260927993214764
2020-09-10,10334.6307302162,9.243255741454915,0.010849480868452943
2020-09-11,10387.0207419638,9.248312300141558,0.005056558686643342
2020-09-12,10436.9778322618,9.253110339860893,0.004798039719334568
2020-09-13,10322.5236148451,9.24208354546362,-0.01102679439727261
2020-09-14,10662.719912332,9.274508816424948,0.03242527096132797
2020-09-15,10779.3810249562,9.285390423979232,0.01088160755428369
2020-09-16,10968.3205465809,9.302766446433335,0.01737602245410308
2020-09-17,10936.2927505552,9.299842147481774,-0.0029242989515605444
2020-09-18,10920.1128439509,9.298361582940641,-0.0014805645411328783
2020-09-19,11073.7795478083,9.312335389997504,0.013973807056862242
2020-09-20,10921.2180998247,9.298462790680919,-0.01387259931658491
2020-09-21,10455.3799623027,9.2548719538425,-0.04359083683841902
2020-09-22,10519.8391641146,9.261018197592566,0.00614624375006656
2020-09-23,10233.2995687317,9.233402345429264,-0.027615852163302534
2020-09-24,10739.0427094097,9.28164123088818,0.048238885458916414
2020-09-25,10683.6305806546,9.27646799675585,-0.0051732341323305064
2020-09-26,10742.0304202221,9.281919402356955,0.0054514056011054635
2020-09-27,10758.8242899474,9.283481561012218,0.0015621586552629907
2020-09-28,10727.3750541204,9.280554169547363,-0.0029273914648548782
2020-09-29,10841.1427444769,9.291103688669606,0.010549519122243112
2020-09-30,10772.351766803,9.284738109061413,-0.006365579608193173
2020-10-01,10606.6173325541,9.269233361976594,-0.01550474708481886
2020-10-02,10570.1056777908,9.26578507671315,-0.003448285263443651
2020-10-03,10555.7054339567,9.264421792152078,-0.0013632845610729305
2020-10-04,10665.618622443,9.27478063414053,0.010358841988452383
2020-10-05,10772.6355995909,9.284764456980128,0.009983822839597423
2020-10-06,10596.3735493863,9.268267103582026,-0.01649735339810121
2020-10-07,10667.1943941555,9.274928366342012,0.006661262759985576
2020-10-08,10902.5293637054,9.296750093013491,0.021821726671479524
2020-10-09,11074.1036797779,9.312364659789681,0.015614566776189776
2020-10-10,11302.8542864407,9.33281056452493,0.020445904735248988
2020-10-11,11378.2625284629,9.339460018384441,0.006649453859511212
2020-10-12,11548.401556692,9.354302313012695,0.014842294628254038
2020-10-13,11434.9687849211,9.344431376669256,-0.009870936343439496
2020-10-14,11417.10811391,9.34286822118654,-0.0015631554827155725
2020-10-15,11502.5812390415,9.350326744733785,0.007458523547244411
2020-10-16,11338.9871765634,9.336002259056958,-0.014324485676826981
2020-10-17,11362.8022174167,9.338100335924468,0.002098076867509846
2020-10-18,11489.6225650497,9.349199521308456,0.011099185383988797
2020-10-19,11745.8119675628,9.371252027744116,0.022052506435660035
2020-10-20,11929.4572507306,9.386766019566746,0.015513991822629691
2020-10-21,12848.4906177674,9.460981621771863,0.07421560220511658
2020-10-22,12997.4993417884,9.472512259616469,0.011530637844606062
2020-10-23,12953.4296969608,9.469115873527528,-0.0033963860889407727
2020-10-24,13113.8669231444,9.481425493078344,0.012309619550816109
2020-10-25,13041.6410374635,9.475902673993897,-0.005522819084447406
2020-10-26,13080.6561698422,9.478889789643,0.0029871156491037
2020-10-27,13675.5239275278,9.523362939355373,0.04447314971237226
2020-10-28,13290.3288497954,9.494791895554313,-0.028571043801060014
2020-10-29,13475.2173007013,9.508607521858771,0.013815626304458206
2020-10-30,13603.2960908825,9.518067401983508,0.009459880124737197
2020-10-31,13807.2336110462,9.532947908527213,0.014880506543704541
2020-11-01,13736.89941128,9.527840878832064,-0.005107029695148313
2020-11-02,13595.5647603741,9.51749889797454,-0.01034198085752358
2020-11-03,13996.915398597312,9.546592255649847,0.029093357675305853
2020-11-04,14129.148195499703,9.55599519045733,0.009402934807482666
2020-11-05,15606.46683372297,9.655440647962669,0.09944545750533962
2020-11-06,15618.972471361778,9.65624163834652,0.0008009903838512855
2020-11-07,14866.356304500296,9.606855972743228,-0.049385665603292495
2020-11-08,15500.000707188785,9.64859534853242,0.04173937578919151
2020-11-09,15319.819972530682,9.636902692085242,-0.01169265644717754
2020-11-10,15319.27567621274,9.636867162556287,-3.5529528954469924e-05
2020-11-11,15731.241105786092,9.663403893498394,0.026536730942106956
2020-11-12,16289.814897720637,9.698295338592345,0.034891445093951035
2020-11-13,16330.06276797195,9.700763029678615,0.0024676910862702073
2020-11-14,16102.010016949156,9.686699388953208,-0.014063640725407112
2020-11-15,15986.7549905903,9.679515845307346,-0.007183543645862045
2020-11-16,16743.05393980129,9.725738761084353,0.046222915777006435
2020-11-17,17682.16918702513,9.780312020239458,0.0545732591551058
2020-11-18,17804.690023962594,9.787217186066515,0.006905165827056692
2020-11-19,17818.668662185857,9.788001987918799,0.0007848018522835787
2020-11-20,18663.78185312683,9.834340125523596,0.046338137604797325
2020-11-21,18706.58933541788,9.836631111652602,0.002290986129006356
2020-11-22,18482.692631735823,9.824590039762215,-0.012041071890386945
2020-11-23,18373.2577597896,9.818651503791973,-0.005938535970242853
2020-11-24,19150.251048509646,9.86007110410561,0.04141960031363823
2020-11-25,18748.393713033314,9.838863359090567,-0.021207745015043855
2020-11-26,17113.716871420223,9.7476355771588,-0.09122778193176728
2020-11-27,17101.603018059614,9.746927481843256,-0.0007080953155433889
2020-11-28,17745.377312448858,9.7838803278835,0.036952846040243514
2020-11-29,18190.866880420806,9.808674927354115,0.024794599470615353
2020-11-30,19664.407606662764,9.886565560164149,0.07789063281003372
2020-12-01,18820.60778959673,9.842707707495517,-0.043857852668631736
2020-12-02,19214.872229047334,9.863439853434674,0.02073214593915651
2020-12-03,19470.31120806546,9.876646082217212,0.013206228782538076
2020-12-04,18732.967090999413,9.83804019672004,-0.038605885497171144
2020-12-05,19114.633130917588,9.858209453213796,0.020169256493755228
2020-12-06,19356.3136767972,9.870773933444081,0.012564480230285113
2020-12-07,19182.176832846293,9.861736836932002,-0.009037096512079401
2020-12-08,18340.97813769725,9.81689307795955,-0.0448437589724513
2020-12-09,18574.69673524255,9.829555542951606,0.012662464992056144
2020-12-10,18294.84695149036,9.814374711826098,-0.015180831125508831
2020-12-11,18061.760025716,9.80155227658119,-0.012822435244906671
2020-12-12,18813.2837685564,9.842318482739344,0.040766206158153295
2020-12-13,19156.0825055523,9.860375568487694,0.018057085748349522
2020-12-14,19286.7512992402,9.867173677991355,0.0067981095036611094
2020-12-15,19432.5884640561,9.8747067534705,0.007533075479145168
2020-12-16,21370.7203186441,9.969777054747656,0.09507030127715588
2020-12-17,22789.2674160725,10.034044976750383,0.06426792200272757
2020-12-18,23048.7645610754,10.045367448770373,0.01132247201998915
2020-12-19,23856.7735192285,10.0798234609938,0.03445601222342809
2020-12-20,23528.5506135593,10.065969882440417,-0.013853578553383983
2020-12-21,22937.4183435418,10.040524844836009,-0.025445037604407972
2020-12-22,23756.8887685564,10.07562782081833,0.03510297598232093
2020-12-23,23307.2709018118,10.056520646746236,-0.019107174072093613
2020-12-24,23707.6330440678,10.073552344639966,0.017031697893729714
2020-12-25,24669.1643220339,10.113309334690795,0.039756990050829444
2020-12-26,26478.0681052016,10.184072050637266,0.07076271594647032
2020-12-27,26430.8565971946,10.18228741710699,-0.0017846335302760252
2020-12-28,27039.3490199883,10.205048455162526,0.02276103805553653
2020-12-29,27231.2034552893,10.212118780625431,0.007070325462905203
2020-12-30,28844.6136781999,10.269678553576512,0.05755977295108039
2020-12-31,29022.6714126242,10.2758325763925,0.006154022815987759
2021-01-01,29380.6937327878,10.288093061865295,0.012260485472795679
2021-01-02,32022.6810578609,10.374199713771933,0.08610665190663802
2021-01-03,33277.8353050848,10.412646847900305,0.038447134128372085
2021-01-04,31802.1467136178,10.367289073207333,-0.045357774692972086
2021-01-05,34013.1741724138,10.434503204208221,0.06721413100088824
2021-01-06,36643.2777223846,10.508985272275646,0.07448206806742519
2021-01-07,39215.6511490356,10.5768312100999,0.06784593782425397
2021-01-08,40775.4045634132,10.61583434928949,0.039003139189588865
2021-01-09,40370.6823495032,10.60585911609461,-0.009975233194879252
2021-01-10,38329.3401665693,10.553970943683494,-0.05188817241111643
2021-01-11,35269.5137177089,10.4707742357154,-0.08319670796809397
2021-01-12,33712.4685452952,10.4256230344196,-0.04515120129580019
2021-01-13,37296.5475277615,10.526656041770565,0.10103300735096532
2021-01-14,39045.518340152,10.572483381463952,0.04582733969338726
2021-01-15,36710.3174248977,10.510813123277188,-0.06167025818676386
2021-01-16,36177.2610970193,10.496186053956022,-0.01462706932116653
2021-01-17,36069.939466803,10.493215095681677,-0.0029709582743446816
2021-01-18,36594.2964018118,10.507647671229693,0.014432575548015691
2021-01-19,36250.1461893629,10.4981986930847,-0.009448978144993347
2021-01-20,35515.480012858,10.477723937118638,-0.02047475596606141
2021-01-21,31022.9510280538,10.342482565282836,-0.13524137183580187
2021-01-22,32986.4357568673,10.40385171827879,0.06136915299595458
2021-01-23,32036.2822723553,10.374624360503372,-0.02922735777541874
2021-01-24,32216.1042904734,10.380221739752068,0.005597379248696299
2021-01-25,32419.7059462303,10.386521725113749,0.006299985361680527
2021-01-26,32640.6391426067,10.393313390461287,0.006791665347538611
2021-01-27,30358.9347235535,10.320846142736963,-0.07246724772432422
2021-01-28,33511.287595149,10.419637604199343,0.09879146146237971
2021-01-29,34166.1494259497,10.438990650025206,0.019353045825862836
2021-01-30,34349.9170952659,10.444354884118205,0.005364234092999354
2021-01-31,33157.8325745178,10.409034244462752,-0.035320639655452624
2021-02-01,33570.2718468732,10.42139618785232,0.012361943389567642
2021-02-02,35596.1489094097,10.479992734286625,0.05859654643430545
2021-02-03,37578.3732068966,10.534183983230484,0.05419124894385874
2021-02-04,37129.2029376972,10.522159080140204,-0.012024903090280148
2021-02-05,38045.4136084161,10.546535820109318,0.024376739969113714
2021-02-06,39341.727081239,10.580040992383555,0.03350517227423744
2021-02-07,39003.0121817651,10.571394157559155,-0.008646834824400429
2021-02-08,46121.9340724722,10.739043909160099,0.16764975160094409
2021-02-09,46548.1619912332,10.748242797311995,0.009198888151896512
2021-02-10,45078.128350263,10.716152448885921,-0.032090348426073945
2021-02-11,47892.8409181765,10.776721313318191,0.06056886443226972
2021-02-12,47525.2091431911,10.76901556804534,-0.007705745272851061
2021-02-13,47208.6250270602,10.762331888504049,-0.006683679541291454
2021-02-14,48829.8275096435,10.796096624582612,0.03376473607856312
2021-02-15,48110.2417334892,10.781250359280527,-0.01484626530208466
2021-02-16,49140.3826578024,10.802436433138917,0.021186073858389776
2021-02-17,52224.9391139684,10.863315420583367,0.060878987444450416
2021-02-18,51650.0699485681,10.852246828826985,-0.011068591756382418
2021-02-19,55820.5044038574,10.929896543306336,0.07764971447935132
2021-02-20,55861.8205670953,10.93063643057379,0.0007398872674535539
2021-02-21,57500.7161102864,10.959552680799828,0.028916250226037832
2021-02-22,53952.1533386324,10.89585288348813,-0.06369979731169728
2021-02-23,48560.4890350672,10.790565496421287,-0.10528738706684315
2021-02-24,49567.3456890707,10.811087542860562,0.020522046439275243
2021-02-25,47568.131170076,10.769918302761743,-0.04116924009881906
2021-02-26,46231.7675784921,10.741422450698511,-0.028495852063231908
2021-02-27,45834.5133611923,10.732792653151607,-0.008629797546904072
2021-02-28,45359.4641642314,10.722374125374,-0.010418527777607878
2021-03-01,49634.4471092928,10.81244036983199,0.09006624445799005
2021-03-02,48304.7054879018,10.785284257005207,-0.02715611282678232
2021-03-03,50690.4671835184,10.833493147906827,0.04820889090161984
2021-03-04,48472.7954751607,10.788758001514276,-0.04473514639255072
2021-03-05,48800.8173594389,10.795502340869803,0.006744339355526208
2021-03-06,48970.5244868498,10.798973855009638,0.0034715141398358185
2021-03-07,51086.4681794272,10.841274930544559,0.042301075534920685
2021-03-08,52088.475131502,10.860698996582629,0.01942406603807001
2021-03-09,54739.1352542373,10.91033418514138,0.04963518855875115
2021-03-10,56116.040912332,10.935176984905544,0.024842799764163814
2021-03-11,57847.2549357101,10.965561280082142,0.030384295176597576
2021-03-12,57334.641534775,10.956660284334172,-0.008900995747969986
2021-03-13,61288.7941276447,11.023352301423191,0.06669201708901973
2021-03-14,59905.6184704851,11.000525577208755,-0.02282672421443621
2021-03-15,56121.121924021,10.935267525535119,-0.06525805167363607
2021-03-16,56500.4460257159,10.942003811363831,0.006736285828711885
2021-03-17,58683.0659824664,10.97990648008193,0.03790266871809855
2021-03-18,57731.4798410871,10.963557881557845,-0.016348598524084323
2021-03-19,58168.1219222677,10.97109275036448,0.007534868806635231
2021-03-20,58247.8847066043,10.972463056718864,0.0013703063543832883
2021-03-21,57447.9330198714,10.958634303863269,-0.013828752855594928
2021-03-22,54453.1373508475,10.9050957456332,-0.053538558230068034
2021-03-23,54563.6119458211,10.907122491679157,0.002026746045956429
2021-03-24,52595.4113237873,10.870384157730062,-0.03673833394909565
2021-03-25,51547.1248953828,10.850251714764273,-0.020132442965788755
2021-03-26,54817.8571122151,10.911771279567317,0.06151956480304399
2021-03-27,56019.8373055523,10.93346114458911,0.021689865021793153
2021-03-28,55713.0381396844,10.927969476435164,-0.005491668153945639
2021-03-29,57571.2333477498,10.960778300885744,0.032808824450579976
2021-03-30,58684.5483921683,10.979931741048677,0.019153440162932966
2021-03-31,58792.1948275862,10.981764384048402,0.001832642999724854
2021-04-01,58818.9770985973,10.982219821589505,0.00045543754110255463
2021-04-02,59031.5340192285,10.985827055009198,0.0036072334196930456
2021-04-03,57282.3896247808,10.955748519074064,-0.0300785359351341
2021-04-04,58202.199391993,10.971678423245926,0.015929904171862574
2021-04-05,58755.8525295149,10.981146044568566,0.00946762132264034
2021-04-06,58084.0664231444,10.969646661220397,-0.0114993833481698
2021-04-07,56266.8346762127,10.937860558423074,-0.03178610279732297
2021-04-08,57963.3445994155,10.967566100073658,0.02970554165058381
2021-04-09,58051.7625563998,10.969090349393777,0.0015242493201199636
2021-04-10,59651.5589877265,10.996275562770895,0.02718521337711799
2021-04-11,59932.9306469901,11.000981393424471,0.00470583065357566
2021-04-12,59905.9363744594,11.000530883941895,-0.000450509482575967
2021-04-13,63445.638314436,11.05793872869042,0.057407844748524894
2021-04-14,62869.4955873758,11.048816358239717,-0.009122370450702633
2021-04-15,63231.162987142,11.054552543847958,0.005736185608240518
2021-04-16,61571.1100905903,11.027948047474577,-0.02660449637338047
2021-04-17,60280.8761758036,11.006770187734393,-0.0211778597401846
2021-04-18,56389.5579812975,10.940039278169646,-0.06673090956474681
2021-04-19,55798.1370771479,10.929495762097892,-0.01054351607175441
2021-04-20,56474.3737586207,10.941542252449945,0.012046490352053851
2021-04-21,54025.7995745178,10.89721698134919,-0.044325271100754904
2021-04-22,51882.0598106371,10.856728341008397,-0.04048864034079358
2021-04-23,50954.9100607832,10.838696404189765,-0.018031936818632133
2021-04-24,50279.9484464056,10.825361637373618,-0.013334766816146981
2021-04-25,48946.9407428404,10.798492148412963,-0.026869488960654664
2021-04-26,53943.3499783752,10.895689700408093,0.09719755199513003
2021-04-27,55027.0309848042,10.915579815932565,0.019890115524471952
2021-04-28,54787.3787071888,10.911215130847156,-0.004364685085409548
2021-04-29,53567.0811938048,10.888690001555332,-0.022525129291823376
2021-04-30,57741.44441654,10.963730468777605,0.07504046722227287
2021-05-01,57863.5903927528,10.965843629711596,0.002113160933991054
2021-05-02,56572.5968410286,10.943279992198374,-0.022563637513222545
2021-05-03,57243.0416054939,10.955061370020575,0.011781377822201122
2021-05-04,53724.10892519,10.891617135522816,-0.0634442344977586
2021-05-05,57342.0256616014,10.956789066012558,0.06517193048974157
2021-05-06,56527.3529789597,10.94247992350596,-0.014309142506597539
2021-05-07,57341.0684549386,10.956772372939001,0.014292449433041199
2021-05-08,58736.1258950906,10.980810249140246,0.024037876201244757
2021-05-09,58288.4256303916,10.973158821417533,-0.007651427722713322
2021-05-10,55902.9277399182,10.931372032367722,-0.04178678904981048
2021-05-11,56612.1026487434,10.9439780690497,0.012606036681978239
2021-05-12,50972.355081239,10.839038707509722,-0.1049393615399783
2021-05-13,49368.6144739918,10.807070166730924,-0.031968540778798626
2021-05-14,49997.3959011105,10.819726201076179,0.012656034345255307
2021-05-15,47047.9633331385,10.75892285678943,-0.060803344286748384
2021-05-16,46022.5037090006,10.736885766911742,-0.022037089877688487
2021-05-17,43492.3954833431,10.680341385319723,-0.05654438159201902
2021-05-18,42789.8093921683,10.66405525490616,-0.016286130413563527
2021-05-19,37642.5200017534,10.535889541557976,-0.12816571334818327
2021-05-20,40799.4021475745,10.61642270703917,0.08053316548119405
2021-05-21,37174.3311014027,10.523373777929157,-0.09304892911001339
2021-05-22,37643.4197983635,10.535913445001635,0.012539667072477556
2021-05-23,34774.207221917,10.456631219174971,-0.07928222582666322
2021-05-24,38630.4091186441,10.561795046301738,0.10516382712676631
2021-05-25,38269.7710747516,10.552415596555806,-0.009379449745932078
2021-05-26,39194.8588980129,10.576300866616672,0.02388527006086605
2021-05-27,38510.8570417884,10.558695481606456,-0.017605385010215358
2021-05-28,35596.7179510228,10.480008720203143,-0.0786867614033131
2021-05-29,34681.8183670368,10.45397086224879,-0.026037857954353427
2021-05-30,35652.1687703098,10.481565259063867,0.02759439681507736
2021-05-31,37312.9748970193,10.527096397612269,0.04553113854840163
2021-06-01,36661.3781184687,10.509479112571173,-0.017617285041096054
2021-06-02,37639.4556732905,10.535808132205018,0.026329019633845263
2021-06-03,39160.1504132086,10.575414937628096,0.039606805423078484
2021-06-04,36884.3735551724,10.515543259445627,-0.05987167818246952
2021-06-05,35409.5672366452,10.474737323530142,-0.040805935915484426
2021-06-06,35720.6043546464,10.48348295407033,0.008745630540188287
2021-06-07,33724.9077517826,10.425991945765547,-0.057491008304783264
2021-06-08,33475.0489234366,10.418555632050063,-0.007436313715484033
2021-06-09,37372.9888953828,10.528703500426051,0.11014786837598756
2021-06-10,36826.0022185856,10.513959456672252,-0.014744043753799119
2021-06-11,37185.3931268264,10.523671305269936,0.009711848597683925
2021-06-12,35669.1712817066,10.48204204516201,-0.04162926010792489
2021-06-13,38925.4194289889,10.569402771955357,0.08736072679334583
2021-06-14,40455.5959833431,10.607960256140423,0.038557484185066215
2021-06-15,40254.6514679135,10.602980840589867,-0.004979415550556254
2021-06-16,38265.5437726476,10.552305129848593,-0.05067571074127386
2021-06-17,38018.6432346581,10.545831929836451,-0.006473200012141689
2021-06-18,35714.3120787259,10.483306785993124,-0.06252514384332741
2021-06-19,35555.9763966686,10.478863533525947,-0.004443252467176251
2021-06-20,35599.9418784337,10.480099284210523,0.0012357506845752653
2021-06-21,31715.1598624196,10.364550074648692,-0.11554920956183068
2021-06-22,32394.5555949737,10.38574565046842,0.02119557581972842
2021-06-23,33610.4968129749,10.422593702311032,0.036848051842611085
2021-06-24,34658.972875979,10.453311928554065,0.030718226243033442
2021-06-25,31683.5032004676,10.363551420637595,-0.08976050791646983
2021-06-26,31890.6764465225,10.370068971648765,0.006517551011169687
2021-06-27,34506.4911975453,10.448902735974825,0.07883376432605971
2021-06-28,34376.188538983,10.445119410050653,-0.003783325924171521
2021-06-29,35933.7782178843,10.489433029543942,0.04431361949328938
2021-06-30,35065.4661533606,10.464972054861274,-0.02446097468266828
2021-07-01,33505.0804935126,10.419452362837234,-0.04551969202404038
2021-07-02,33782.9459464641,10.427711396342072,0.008259033504838698
2021-07-03,34588.2242916423,10.451268564725721,0.02355716838364863
2021-07-04,35355.6078883694,10.473212297734946,0.02194373300922514
2021-07-05,33911.7538404442,10.431516954231776,-0.041695343503169724
2021-07-06,34123.9815680888,10.437755687883346,0.006238733651569461
2021-07-07,33931.6186382233,10.432102561863621,-0.005653126019725008
2021-07-08,32819.6595312098,10.398782990769732,-0.033319571093889166
2021-07-09,33914.8810742256,10.431609166790679,0.03282617602094717
2021-07-10,33610.9458386908,10.422607061908748,-0.009002104881931317
2021-07-11,34258.4413898305,10.441688277259782,0.019081215351034686
2021-07-12,33135.2359117475,10.40835252421171,-0.0333357530480729
2021-07-13,32641.9759610169,10.393354345267042,-0.014998178944667373
2021-07-14,32798.2845189947,10.398131491754315,0.004777146487272788
2021-07-15,31707.6900368206,10.364314518358004,-0.033816973396310956
2021-07-16,31455.7175818819,10.356336044711075,-0.007978473646929274
2021-07-17,31547.9511990064,10.359263927635945,0.002927882924870673
2021-07-18,31707.7038527177,10.364314954084923,0.005051026448978035
2021-07-19,30883.4697462303,10.337976360074938,-0.026338594009985172
2021-07-20,29766.6577182934,10.301144177579193,-0.03683218249574516
2021-07-21,32119.6572258328,10.377223496329808,0.07607931875061524
2021-07-22,32306.9614285798,10.383038010093403,0.00581451376359432
2021-07-23,33439.5957028638,10.417495976900186,0.0344579668067837
2021-07-24,34166.914654588,10.439013047049214,0.021517070149027262
2021-07-25,35119.9374360023,10.466524266312453,0.027511219263239184
2021-07-26,37444.7825102279,10.530622660420583,0.06409839410813056
2021-07-27,39126.5402881356,10.574556295454393,0.04393363503380954
2021-07-28,39939.1940432495,10.59511342757866,0.02055713212426724
2021-07-29,40086.1643950906,10.598786526205108,0.003673098626448379
2021-07-30,41789.6670981882,10.640404389346298,0.041617863141189204
2021-07-31,41793.3137481005,10.64049164753876,8.725819246180322e-05
2021-08-01,39968.9689544126,10.59585865588636,-0.04463299165239931
2021-08-02,39304.1862835769,10.57908631339498,-0.0167723424913806
2021-08-03,38288.8253975453,10.55291336751988,-0.026172945875099884
2021-08-04,39773.9113489188,10.590966482596816,0.038053115076936095
2021-08-05,40941.650434249,10.619903171891941,0.028936689295125717
2021-08-06,42790.3573284629,10.664068060122966,0.044164888231025046
2021-08-07,44484.9005862069,10.702905097905255,0.03883703778228842
2021-08-08,43972.3010181181,10.691315192352528,-0.011589905552726876
2021-08-09,46265.6424564582,10.74215490103345,0.0508397086809218
2021-08-10,45488.7912624196,10.725221228710023,-0.016933672323427018
2021-08-11,45676.3263611923,10.729335419931145,0.004114191221121999
2021-08-12,44405.7483483343,10.701124207344975,-0.028211212586169765
2021-08-13,47717.4853559322,10.773053179013074,0.07192897166809864
2021-08-14,47124.2050736411,10.760542056144189,-0.012511122868884783
2021-08-15,47074.370710111,10.759483985621047,-0.0010580705231415521
2021-08-16,45984.7199070719,10.736064444355367,-0.02341954126567991
2021-08-17,44714.0967982466,10.70804409549871,-0.02802034885665705
2021-08-18,44954.3637469316,10.713403115208532,0.005359019709821666
2021-08-19,46646.8615049679,10.750360926519608,0.03695781131107623
2021-08-20,49240.8356049094,10.80447855019724,0.054117623677631954
2021-08-21,49070.2409701929,10.801008039815581,-0.003470510381658798
2021-08-22,49363.3160952659,10.80696283815545,0.005954798339868006
2021-08-23,49590.8763676213,10.811562151592026,0.004599313436576935
2021-08-24,47925.8622127411,10.777410558628196,-0.034151592963830524
2021-08-25,49002.3166049094,10.799622853626422,0.022212294998226412
2021-08-26,47190.3449929866,10.761944595416036,-0.03767825821038606
2021-08-27,49048.4755891292,10.800564385797594,0.03861979038155816
2021-08-28,48852.4687995324,10.79656019456714,-0.004004191230453813
2021-08-29,48948.3479579193,10.798520897806272,0.001960703239131334
2021-08-30,47125.7685189947,10.760575232712714,-0.03794566509355768
2021-08-31,47219.2443424898,10.762556807599339,0.0019815748866243155
2021-09-01,48688.5375572764,10.793198912933434,0.030642105334095504
2021-09-02,49369.5862746932,10.807089851122457,0.013890938189023316
2021-09-03,49860.5341635301,10.816985070287913,0.00989521916545577
2021-09-04,49919.577563647,10.818168540740817,0.001183470452904345
2021-09-05,51747.6438565167,10.854134180748451,0.03596564000763358
2021-09-06,52640.5883740503,10.871242743255317,0.01710856250686632
2021-09-07,46854.4006028638,10.754800212879017,-0.11644253037630037
2021-09-08,46187.9757306254,10.74047477762399,-0.014325435255026164
2021-09-09,46448.7748290473,10.746105367770282,0.00563059014629097
2021-09-10,44765.2755762712,10.709188019114787,-0.036917348655494564
2021-09-11,45098.5916447691,10.716606297614472,0.007418278499685016
2021-09-12,46180.6124563998,10.74031534519386,0.023709047579387743
2021-09-13,44991.5221277031,10.71422935384133,-0.02608599135253087
2021-09-14,47022.6177597896,10.758383993870382,0.04415464002905267
2021-09-15,48167.1893676213,10.782433349730566,0.024049355860183752
2021-09-16,47797.3283237873,10.774725024109689,-0.007708325620876977
2021-09-17,47213.7941294565,10.762441377382805,-0.012283646726883646
2021-09-18,48204.0136519579,10.78319756735938,0.020756189976575357
2021-09-19,47218.4739964933,10.76254049322813,-0.020657074131250397
2021-09-20,42855.5103448276,10.665589511903486,-0.0969509813246443
2021-09-21,40526.4893760958,10.609711097960513,-0.055878413942972216
2021-09-22,43577.5724821742,10.682297904381176,0.07258680642066295
2021-09-23,44861.2980329047,10.711330742851855,0.029032838470678612
2021-09-24,42803.307701052,10.664370661318591,-0.04696008153326403
2021-09-25,42735.2658240795,10.662779755870453,-0.0015909054481380025
2021-09-26,43131.2941773816,10.672004095622997,0.009224339752543997
2021-09-27,42496.7852250146,10.657183710287164,-0.014820385335832853
2021-09-28,41223.7862743425,10.626770705498757,-0.03041300478840725
2021-09-29,41453.9470131502,10.632338379507662,0.005567674008904788
2021-09-30,43781.546015488,10.686967683735402,0.05462930422774015
2021-10-01,48078.1315543542,10.780582707271657,0.09361502353625539
2021-10-02,47792.4391943308,10.774622730117608,-0.0059599771540490565
2021-10-03,48202.6229177089,10.783168715937972,0.00854598582036381
2021-10-04,49288.5013106371,10.805446093691154,0.022277377753182392
2021-10-05,51558.0493319112,10.850463623364421,0.045017529673266665
2021-10-06,55419.800411163,10.922692217024036,0.07222859365961476
2021-10-07,53805.1569125658,10.893124594949649,-0.02956762207438679
2021-10-08,53933.5275908825,10.89550759674063,0.0023830017909816092
2021-10-09,55010.9224751607,10.9152870349556,0.019779438214969858
2021-10-10,54701.2797022209,10.909642383058188,-0.0056446518974127
2021-10-11,57289.1864570426,10.955867166866163,0.046224783807975456
2021-10-12,56196.1812597896,10.936604084459074,-0.019263082407089627
2021-10-13,57348.8928769725,10.95690881769764,0.020304733238566186
2021-10-14,57384.0369146698,10.957521441098093,0.000612623400453316
2021-10-15,61446.0840073057,11.025915386475454,0.06839394537736077
2021-10-16,60932.0632119228,11.01751480467355,-0.008400581801904394
2021-10-17,61462.2223722969,11.026177994684113,0.008663190010564037
2021-10-18,61977.0575514319,11.034519556052688,0.008341561368574446
2021-10-19,64290.8977574518,11.071173341223206,0.036653785170518205
2021-10-20,66061.7965639977,11.098345894518024,0.027172553294818158
2021-10-21,62373.8856206897,11.040901967093658,-0.05744392742436588
2021-10-22,60750.9673718293,11.014538284892133,-0.026363682201525407
2021-10-23,61250.082628872,11.022720477448871,0.008182192556738244
2021-10-24,60865.4470523086,11.01642092079838,-0.006299556650491311
2021-10-25,63031.6729015196,11.051392623508574,0.03497170271019456
2021-10-26,60393.9802738165,11.008644714615299,-0.04274790889327562
2021-10-27,58563.3359899766,10.977864114054583,-0.030780600560715854
2021-10-28,60564.5721122151,11.011465382491002,0.03360126843641886
2021-10-29,62230.8055689655,11.038605422505437,0.027140040014435485
2021-10-30,61742.9165321449,11.030734535880253,-0.007870886625184426
2021-10-31,61432.9700628287,11.025701941724824,-0.005032594155428782
2021-11-01,61092.0950592051,11.020137759689995,-0.005564182034829557
2021-11-02,63024.7472296902,11.05128274141246,0.03114498172246627
2021-11-03,62955.9817630041,11.05019105899301,-0.0010916824194513453
2021-11-04,61393.8899780246,11.025065597425053,-0.025125461567956364
2021-11-05,61005.840833723,11.018724889944087,-0.006340707480966046
2021-11-06,61455.0536268849,11.026061351269071,0.0073364613249840005
2021-11-07,63043.8290590298,11.051585462836737,0.025524111567666097
2021-11-08,67541.7555081824,11.120501285727656,0.06891582289091858
2021-11-09,67095.5856706605,11.113873533473196,-0.006627752254459551
2021-11-10,64756.0779689071,11.078382843402105,-0.03549069007109118
2021-11-11,64962.9312939801,11.081572098416922,0.0031892550148171495
2021-11-12,64078.968037405,11.067871477327374,-0.013700621089547838
2021-11-13,64397.7912063121,11.072834613465622,0.004963136138247393
2021-11-14,65032.2256548217,11.08263820532477,0.009803591859148142
2021-11-15,63753.5031592636,11.062779413028753,-0.019858792296016503
2021-11-16,60322.4978530099,11.00746041185447,-0.05531900117428279
2021-11-17,60154.3083661601,11.004668345872812,-0.002792065981658709
2021-11-18,56794.1556271186,10.947188705526546,-0.057479640346265626
2021-11-19,58014.0729888954,10.968440897836357,0.021252192309811235
2021-11-20,59749.4738229106,10.997915663443862,0.02947476560750495
2021-11-21,59032.6241017534,10.985845520944029,-0.012070142499833736
2021-11-22,56383.5658760958,10.939933009849636,-0.04591251109439298
2021-11-23,57642.2657980713,10.962011358814687,0.02207834896505112
2021-11-24,57141.8303784337,10.953291708495962,-0.008719650318724348
2021-11-25,59008.6554792519,10.985439415166185,0.03214770667022293
2021-11-26,53800.6178389831,10.893040230079903,-0.09239918508628264
2021-11-27,54635.8824628872,10.908446133844519,0.015405903764616369
2021-11-28,57248.5696963764,10.955157937634986,0.04671180379046724
2021-11-29,57920.7107299825,10.966830297874893,0.011672360239906254
2021-11-30,57097.0127942724,10.95250707893887,-0.014323218936022286
2021-12-01,57180.6098439509,10.953970131156101,0.0014630522172307536
2021-12-02,56582.8937691408,10.943461988283321,-0.010508142872780013
2021-12-03,53671.6160680888,10.890639575917259,-0.05282241236606211
2021-12-04,49159.7357983635,10.802830189344201,-0.08780938657305803
2021-12-05,49327.0935999416,10.806228774996471,0.0033985856522704694
2021-12-06,50535.4252232612,10.830429858904177,0.024201083907705367
2021-12-07,50574.4728344828,10.831202238540847,0.0007723796366700952
2021-12-08,50500.6543513735,10.829741572632445,-0.0014606659084019924
2021-12-09,47937.8228458212,10.777660092810715,-0.05208147982173017
2021-12-10,47437.2289725307,10.767162620762628,-0.01049747204808682
2021-12-11,49321.7693252484,10.806120831031574,0.0389582102689463
2021-12-12,50136.5722568673,10.82250600593039,0.01638517489881508
2021-12-13,46785.3278410286,10.753324925081605,-0.06918108084878405
2021-12-14,48292.6822501461,10.785035321954284,0.03171039687267907
2021-12-15,48830.6223860316,10.79611290295096,0.011077580996674996
2021-12-16,47663.4691077148,10.771920536667526,-0.02419236628343313
2021-12-17,46334.4837489772,10.743641752251097,-0.028278784416428948
2021-12-18,46904.8736753361,10.755876865353912,0.012235113102814665
2021-12-19,46876.426924021,10.755270203855174,-0.0006066614987378927
2021-12-20,46954.7634783168,10.756939938026939,0.0016697341717648584
2021-12-21,49082.0624666277,10.801248920489352,0.04430898246241277
2021-12-22,48692.0987391584,10.793272052358663,-0.00797686813068843
2021-12-23,50712.9707682642,10.83393699055299,0.04066493819432715
2021-12-24,50783.8344210988,10.835333362866717,0.0013963723137262463
2021-12-25,50590.4508976622,10.831518120028674,-0.0038152428380424652
2021-12-26,50798.3065859147,10.835618298088013,0.0041001780593390436
2021-12-27,50796.3776735827,10.83558032538607,-3.797270194283442e-05
2021-12-28,47673.0440452367,10.772121402783508,-0.06345892260256214
2021-12-29,46470.3215751023,10.746569142113232,-0.025552260670275828
2021-12-30,47102.4630037989,10.76008057171156,0.013511429598327851
2021-12-31,46355.1173302747,10.744086971162346,-0.015993600549213838
2022-01-01,47560.0093816482,10.769747548063913,0.025660576901566756
2022-01-02,47352.5577565751,10.765376115245587,-0.004371432818325971
2022-01-03,46453.432351841,10.74620563498543,-0.019170480260157774
2022-01-04,45905.9611221508,10.734350259558289,-0.011855375427140658
2022-01-05,43530.9440388662,10.681227321397472,-0.0531229381608167
2022-01-06,43144.9652928112,10.672321010510776,-0.008906310886695579
2022-01-07,41512.7845808299,10.63375672096605,-0.038564289544726904
2022-01-08,41799.8128848627,10.640647142064138,0.00689042109808824
2022-01-09,41886.4985569842,10.642718823839365,0.0020716817752273187
2022-01-10,41816.9510561075,10.641057063966805,-0.001661759872559898
2022-01-11,42768.1786116306,10.66354961466138,0.02249255069457412
2022-01-12,43961.0265441262,10.69105876002212,0.02750914536074056
2022-01-13,42626.8653924605,10.660239976501225,-0.0308187835208944
2022-01-14,43102.6476180596,10.67133970385847,0.011099727357244404
2022-01-15,43206.6744812975,10.673750264179901,0.0024105603214312765
2022-01-16,43168.8596671537,10.672874673263271,-0.0008755909166300313
2022-01-17,42211.270399474,10.650442535444554,-0.02243213781871667
2022-01-18,42431.2319670368,10.655639973057363,0.005197437612808997
2022-01-19,41787.722012858,10.64035784361542,-0.015282129441944292
2022-01-20,40756.1261630625,10.615361442659669,-0.024996400955750175
2022-01-21,36492.2872241379,10.504856208313978,-0.11050523434569115
2022-01-22,34996.390965225,10.46300021987552,-0.04185598843845817
2022-01-23,36271.0502650497,10.49877518871047,0.035774968834950016
2022-01-24,36659.7252206312,10.50943402602003,0.010658837309559743
2022-01-25,36952.586773232,10.517390931320586,0.007956905300556372
2022-01-26,36825.8245993571,10.513954633459138,-0.0034362978614481676
2022-01-27,37021.9371332554,10.51926591142666,0.0053112779675217325
2022-01-28,37768.8474836353,10.539239901172506,0.01997398974584641
2022-01-29,38088.2912279953,10.547662197032775,0.008422295860269102
2022-01-30,37983.5063845704,10.5449073019735,-0.002754895059274176
2022-01-31,38462.6724029807,10.557443501985691,0.01253620001219069
2022-02-01,38787.9640824079,10.56586527342648,0.008421771440788817
2022-02-02,36942.3307493279,10.517113347304965,-0.0487519261215148
2022-02-03,37057.6521879018,10.520230146183922,0.0031167988789562173
2022-02-04,41079.9060881356,10.623274377967233,0.10304423178331135
2022-02-05,41508.5816925774,10.633655472614095,0.010381094646861655
2022-02-06,42358.2251732905,10.653917900190036,0.020262427575941544
2022-02-07,43888.980119813,10.689418545224163,0.03550064503412642
2022-02-08,44167.4447945646,10.695743253575252,0.0063247083510891144
2022-02-09,44405.0732042665,10.701109003250338,0.005365749675085851
2022-02-10,43614.3426960842,10.683141336160707,-0.017967667089630268
2022-02-11,42357.3217416715,10.653896571599196,-0.02924476456151126
2022-02-12,42173.4593962595,10.649546377909026,-0.004350193690170201
2022-02-13,42195.5947451782,10.650071104650408,0.0005247267413821533
2022-02-14,42646.1618590883,10.66069255728976,0.010621452639352214
2022-02-15,44511.9084880187,10.703512038826437,0.04281948153667692
2022-02-16,44065.7092673875,10.69343719133949,-0.010074847486947647
2022-02-17,40610.024261543,10.611770218107965,-0.08166697323152405
2022-02-18,40044.2204856809,10.597739634609544,-0.014030583498421123
2022-02-19,40095.887329398,10.599029047670847,0.001289413061302369
2022-02-20,38551.6224967855,10.559753466219558,-0.039275581451288843
2022-02-21,37098.0360081824,10.521319309409431,-0.038434156810126296
2022-02-22,38202.5940818235,10.550658700190167,0.029339390780735997
2022-02-23,37308.2687344243,10.526970262952158,-0.023688437238009286
2022-02-24,38283.790402104,10.552781858483758,0.025811595531600062
2022-02-25,39323.7702158387,10.57958445511298,0.026802596629222464
2022-02-26,39056.5781523086,10.572766595685522,-0.006817859427458828
2022-02-27,37664.7792828755,10.536480700236664,-0.03628589544885763
2022-02-28,43179.2545140269,10.67311543930714,0.13663473907047496
2022-03-01,44334.457582408,10.699517477215931,0.026402037908791698
2022-03-02,43984.584926768,10.691594508942647,-0.007922968273284425
2022-03-03,42492.7744552893,10.657089327641968,-0.0345051813006787
2022-03-04,39106.4052159556,10.574041548821887,-0.08304777882008096
2022-03-05,39383.8848433665,10.581111997489177,0.007070448667290563
2022-03-06,38399.3426268264,10.555795619336223,-0.0253163781529544
2022-03-07,38146.734273232,10.549195430774128,-0.006600188562094544
2022-03-08,38725.477261543,10.564252989587253,0.015057558813124317
2022-03-09,41989.4028179427,10.645172551570502,0.08091956198324901
2022-03-10,39482.2584672706,10.583606697262587,-0.06156585430791495
2022-03-11,38825.3644214494,10.566829034230388,-0.016777663032199186
2022-03-12,38951.1300157802,10.57006306283647,0.003234028606081907
2022-03-13,37808.3174004091,10.540284394450937,-0.029778668385532114
2022-03-14,39649.0453243717,10.587822149203685,0.047537754752747574
2022-03-15,39356.8139000584,10.580424400228633,-0.007397748975051854
2022-03-16,41101.768579135,10.62380643068102,0.043382030452386644
2022-03-17,40966.4169324956,10.620507910833968,-0.003298519847051651
2022-03-18,41826.1160710111,10.641276209802916,0.020768298968947718
2022-03-19,42193.1615362361,10.650013437988402,0.0087372281854865
2022-03-20,41294.7235129164,10.628490010809312,-0.021523427179090504
2022-03-21,41064.429648159,10.622897567076476,-0.005592443732835406
2022-03-22,42383.169518761,10.654506617104163,0.031609050027686436
2022-03-23,42734.2000355932,10.662754816239074,0.00824819913491126
2022-03-24,43974.5935882525,10.691367327681359,0.028612511442284827
2022-03-25,44347.034279661,10.69980111469368,0.008433787012320337
2022-03-26,44519.9268641145,10.703692162623408,0.0038910479297289413
2022-03-27,46777.2056265342,10.753151303991757,0.049459141368348725
2022-03-28,47223.6528860316,10.762650166521489,0.009498862529731866
2022-03-29,47463.7096770894,10.767720691222683,0.005070524701194401
2022-03-30,47123.2971478667,10.760522789304154,-0.007197901918528871
2022-03-31,45562.2106665693,10.726833938477228,-0.03368885082692685
2022-04-01,46250.3362878434,10.741824014002644,0.014990075525416202
2022-04-02,45939.8973489188,10.735089241780837,-0.0067347722218062955
2022-04-03,46440.5438538866,10.745928146636594,0.010838904855756226
2022-04-04,46663.0041770894,10.750706927923952,0.0047787812873583135
2022-04-05,45693.0350619521,10.729701159620813,-0.02100576830313905
2022-04-06,43304.9371990064,10.676021930562186,-0.05367922905862699
2022-04-07,43569.0471697837,10.682102249920872,0.006080319358686026
2022-04-08,42222.0689772063,10.650698324872543,-0.031403925048328674
2022-04-09,42680.9947355932,10.66150901197617,0.010810687103626648
2022-04-10,42264.4633909994,10.651701902985243,-0.00980710899092685
2022-04-11,39544.0251835184,10.58516989183462,-0.06653201115062224
2022-04-12,40096.3669748685,10.59904101005985,0.013871118225228685
2022-04-13,41152.7554517826,10.625046165024598,0.0260051549647482
2022-04-14,39916.4963842782,10.594544960648852,-0.030501204375745772
2022-04-15,40527.3319567504,10.60973188860655,0.01518692795769816
2022-04-16,40439.5881209819,10.60756448814144,-0.002167400465109992
2022-04-17,39704.7839798364,10.589226962685784,-0.01833752545565659
2022-04-18,40818.8786025716,10.616899964221943,0.027673001536159703
2022-04-19,41489.6638011689,10.63319961016487,0.016299645942925878
2022-04-20,41395.64458346,10.630930950981083,-0.002268659183785715
2022-04-21,40457.4959418469,10.608007219084465,-0.02292373189661845
2022-04-22,39737.9735040912,10.59006252094778,-0.017944698136684423
2022-04-23,39582.4548720047,10.586141240275266,-0.0039212806725146265
2022-04-24,39511.6456928697,10.584350735103664,-0.0017905051716020637
2022-04-25,40473.7483176505,10.60840885324123,0.024058118137565643
2022-04-26,38072.800873758,10.547255418347664,-0.06115343489356562
2022-04-27,39218.5376174752,10.576904812402322,0.029649394054658273
2022-04-28,39747.9894270018,10.590314538350459,0.013409725948136497
2022-04-29,38609.5059070719,10.561253792156764,-0.029060746193694698
2022-04-30,37714.0949804208,10.537789175723024,-0.023464616433740204
2022-05-01,38459.226979135,10.557353919594313,0.019564743871288925
2022-05-02,38566.0628877849,10.560127968931774,0.0027740493374608377
2022-05-03,37704.4053153127,10.537532218474514,-0.02259575045725981
2022-05-04,39641.852176505,10.587640712289407,0.050108493814892796
2022-05-05,36502.0245601403,10.505123005433427,-0.08251770685597926
2022-05-06,36042.9995584453,10.492467936850678,-0.012655068582748896
2022-05-07,35508.7110227937,10.477533326286299,-0.014934610564379724
2022-05-08,34058.9066861484,10.435846854058152,-0.0416864722281467
2022-05-09,30457.9218194039,10.324101397575454,-0.11174545648269785
2022-05-10,30990.7351659848,10.341443573184662,0.017342175609208255
2022-05-11,28796.5568217417,10.268011104176157,-0.07343246900850531
2022-05-12,29030.7070417884,10.276109412278005,0.008098308101848417
2022-05-13,29285.9346718293,10.284862634416454,0.008753222138448535
2022-05-14,30051.935755114,10.31068235569607,0.025819721279615848
2022-05-15,31182.6212460549,10.34761620726473,0.03693385156866036
2022-05-16,29889.6124757452,10.305266290180395,-0.04234991708433533
2022-05-17,30438.1944476914,10.323453495094578,0.018187204914182686
2022-05-18,28771.2204786675,10.26713087756682,-0.05632261752775669
2022-05-19,30257.8852483928,10.317512098858987,0.0503812212921666
2022-05-20,29224.245998422,10.282753986124538,-0.0347581127344494
2022-05-21,29420.0782857978,10.28943265512394,0.006678668999402504
2022-05-22,30331.87514173,10.31995442342471,0.030521768300769025
2022-05-23,29088.2515419638,10.278089644559582,-0.041864778865127406
2022-05-24,29643.6837556984,10.29700435494318,0.01891471038359782
2022-05-25,29577.259880187,10.294761097767994,-0.002243257175186031
2022-05-26,29332.4860467563,10.28645091960539,-0.008310178162604487
2022-05-27,28612.0413103448,10.261582933039087,-0.024867986566302847
2022-05-28,29045.5206344243,10.276619555362359,0.015036622323272297
2022-05-29,29430.0689800117,10.289772185091971,0.013152629729612286
2022-05-30,31735.9549719462,10.365205543361114,0.07543335826914266
2022-05-31,31831.4095251315,10.368208802209017,0.0030032588479027567
2022-06-01,29825.9221992987,10.303133166833398,-0.065075635375619
2022-06-02,30504.2679997078,10.325621887222246,0.022488720388848193
2022-06-03,29662.6709708942,10.29764466460079,-0.02797722262145541
2022-06-04,29792.4076779077,10.302008864123463,0.0043641995226728625
2022-06-05,29915.4093009936,10.306128987863028,0.004120123739564718
2022-06-06,31333.6770197545,10.352448741239444,0.04631975337641592
2022-06-07,31175.0324289889,10.34737281077188,-0.005075930467564049
2022-06-08,30228.464698422,10.316539299134195,-0.030833511637684552
2022-06-09,30064.4855289305,10.31109987136752,-0.005439427766674498
2022-06-10,29070.4000300994,10.277475754383573,-0.033624116983947516
2022-06-11,28360.7899231444,10.252762833683565,-0.024712920700007857
2022-06-12,26830.2839456458,10.197286526503653,-0.055476307179912254
2022-06-13,22316.2570400351,10.013070707093883,-0.18421581940977028
2022-06-14,22072.8663085915,10.002104364338178,-0.010966342755704517
2022-06-15,22520.7910087668,10.022194206359982,0.02008984202180386
2022-06-16,20310.1769848042,9.918877368707028,-0.10331683765295452
2022-06-17,20464.9290873174,9.926467923849277,0.007590555142249045
2022-06-18,19013.8672536528,9.85292384738902,-0.07354407646025685
2022-06-19,20492.2951683226,9.927804249031219,0.07488040164219889
2022-06-20,20571.6292247224,9.931668183434816,0.0038639344035971135
2022-06-21,20688.4651312098,9.937331583899354,0.005663400464538171
2022-06-22,20003.1683375219,9.903645956865594,-0.03368562703376021
2022-06-23,21097.1028331385,9.956891003550432,0.05324504668483776
2022-06-24,21299.0769853887,9.96641901673926,0.00952801318882912
2022-06-25,21468.3431566335,9.9743347177336,0.007915700994338692
2022-06-26,21066.6209430158,9.955445121038018,-0.018889596695581545
2022-06-27,20751.0516960842,9.940352208523082,-0.015092912514935719
2022-06-28,20263.2196393922,9.916562681237673,-0.02378952728540895
2022-06-29,20080.9480864991,9.907526788154152,-0.009035893083520818
2022-06-30,19332.9121294565,9.869564214215696,-0.037962573938456146
2022-07-01,19341.8631240795,9.870027099635154,0.00046288541945749273
2022-07-02,19231.8317083577,9.864322086691287,-0.00570501294386716
2022-07-03,19276.5146639392,9.866642777130872,0.0023206904395856043
2022-07-04,20226.2984745763,9.91473894132823,0.04809616419735718
2022-07-05,20193.3427938048,9.9131082644078,-0.001630676920429508
2022-07-06,20560.8438126826,9.931143760199813,0.018035495792013023
2022-07-07,21651.4191423144,9.98282628058096,0.05168252038114751
2022-07-08,21813.7871239042,9.990297485749599,0.007471205168638306
2022-07-09,21585.1321922852,9.97976003223699,-0.010537453512608153
2022-07-10,20831.2733915839,9.944210664963737,-0.035549367273253196
2022-07-11,19971.3294704851,9.902052997578283,-0.0421576673854549
2022-07-12,19339.1534734074,9.869886997284446,-0.032166000293836206
2022-07-13,20155.5278386908,9.911233864178364,0.04134686689391742
2022-07-14,20552.8990289304,9.930757281942082,0.019523417763718243
2022-07-15,20831.722700526,9.94423223369303,0.013474951750948705
2022-07-16,21196.5091428989,9.961591784030846,0.01735955033781522
2022-07-17,20827.8886085915,9.944048166111752,-0.017543617919093535
2022-07-18,22305.7066428989,10.012597827979562,0.06854966186780942
2022-07-19,23371.2026601403,10.059259887917836,0.046662059938274325
2022-07-20,23280.9356680304,10.055390092963405,-0.0038697949544310717
2022-07-21,23152.4093112215,10.049854128017921,-0.005535964945483585
2022-07-22,22706.0835554646,10.030388165602522,-0.01946596241539922
2022-07-23,22484.4592317358,10.020579648737069,-0.009808516865453143
2022-07-24,22653.3570260082,10.028063332997503,0.007483684260433776
2022-07-25,21510.1255874342,9.976279060805131,-0.05178427219237136
2022-07-26,21181.6591967855,9.960890953990143,-0.015388106814988589
2022-07-27,22898.4150683226,10.03882297615686,0.07793202216671702
2022-07-28,23838.5568838691,10.079059585952313,0.040236609795453404
2022-07-29,23950.7403798948,10.083754515926792,0.004694929974478512
2022-07-30,23623.4349611338,10.069994505136272,-0.013760010790520028
2022-07-31,23356.1722215079,10.05861656313493,-0.011377942001342234
2022-08-01,23331.4426969608,10.057557201807391,-0.0010593613275382552
2022-08-02,23031.4268834015,10.044614948489945,-0.012942253317445918
2022-08-03,22809.7474418469,10.03494324296141,-0.009671705528536023
2022-08-04,22628.3320821157,10.02695803207198,-0.00798521088943005
2022-08-05,23248.9715023378,10.054016173578452,0.027058141506472566
2022-08-06,22996.2750452952,10.04308752724285,-0.010928646335601755
2022-08-07,23153.6584713618,10.049908080348594,0.0068205531057436986
2022-08-08,23803.6505154296,10.077594230898839,0.02768615055024526
2022-08-09,23186.2917464641,10.05131651002292,-0.026277720875919286
2022-08-10,23923.0584830508,10.082598062894586,0.03128155287166656
2022-08-11,23934.4390561075,10.083073665416926,0.00047560252233935785
2022-08-12,24396.3088462887,10.102187123046358,0.019113457629432062
2022-08-13,24426.2225748101,10.103412529898234,0.0012254068518764427
2022-08-14,24314.2021315021,10.098815908460393,-0.004596621437841009
2022-08-15,24083.9539748685,10.089301087557288,-0.009514820903104848
2022-08-16,23868.8193530099,10.080328256568345,-0.008972830988943414
2022-08-17,23336.3489310345,10.057767463914109,-0.02256079265423594
2022-08-18,23221.1706028638,10.052819667541188,-0.004947796372920976
2022-08-19,20906.7663141438,9.947828132646341,-0.1049915348948467
2022-08-20,21146.6548021625,9.959237006582573,0.011408873936231245
2022-08-21,21553.9961717125,9.978316515542977,0.019079508960404112
2022-08-22,21301.0840581531,9.966513245151395,-0.011803270391581577
2022-08-23,21534.5143521333,9.977412245672895,0.010899000521499502
2022-08-24,21424.9728232028,9.97231247500323,-0.005099770669664494
2022-08-25,21587.8395844535,9.979885452937046,0.007572977933815395
2022-08-26,20246.1655733489,9.915720700202353,-0.06416475273469224
2022-08-27,20043.9909485681,9.90568468450139,-0.010036015700963574
2022-08-28,19673.5412188778,9.887029926642416,-0.018654757858973525
2022-08-29,20270.960383986,9.916944617898706,0.029914691256289316
2022-08-30,19825.4632066043,9.894722411002066,-0.022222206896639563
2022-08-31,20024.6716059614,9.904720372599165,0.009997961597099092
2022-09-01,20105.4626072472,9.908746828628818,0.004026456029652792
2022-09-02,19948.8567472823,9.900927114775326,-0.00781971385349145
2022-09-03,19803.8332697253,9.893630797425741,-0.007296317349585024
2022-09-04,19961.9118907072,9.901581331385835,0.007950533960093153
2022-09-05,19797.7967884278,9.893325937179565,-0.008255394206269528
2022-09-06,18846.150537405,9.844063956499047,-0.04926198068051768
2022-09-07,19292.9070745178,9.867492798252618,0.02342884175357085
2022-09-08,19319.1248512566,9.868850809186538,0.001358010933920184
2022-09-09,21363.3136152542,9.969430412842728,0.10057960365618968
2022-09-10,21715.2107980713,9.985768252408395,0.016337839565666812
2022-09-11,21732.7705686733,9.986576564831928,0.0008083124235334083
2022-09-12,22365.2145601987,10.015262109391182,0.028685544559253984
2022-09-13,20165.0421607247,9.911705798092523,-0.10355631129865905
2022-09-14,20246.3660424313,9.915730601736014,0.004024803643490671
2022-09-15,19696.8698661601,9.888215012059085,-0.027515589676928798
2022-09-16,19741.5776168907,9.890482229596016,0.002267217536930488
2022-09-17,20120.7023459965,9.909504531457118,0.019022301861102875
2022-09-18,19427.1002626534,9.874424291020645,-0.035080240436473176
2022-09-19,19557.9769582116,9.881138510745522,0.0067142197248770685
2022-09-20,18872.9498667446,9.845484951886633,-0.03565355885888977
2022-09-21,18506.7607481005,9.825891390150618,-0.019593561736014564
2022-09-22,19414.5396449445,9.8737775305761,0.04788614042548289
2022-09-23,19326.8648199883,9.86925136660018,-0.004526163975921094
2022-09-24,18924.7677872589,9.84822680807232,-0.021024558527859227
2022-09-25,18793.1561531268,9.84124804813328,-0.006978759939039847
2022-09-26,19201.1317209234,9.86272450007685,0.02147645194356862
2022-09-27,19106.7389135009,9.857796374503812,-0.004928125573037789
2022-09-28,19454.937210111,9.875856157971194,0.018059783467382573
2022-09-29,19540.8664105786,9.880263264970914,0.004407106999719801
2022-09-30,19435.1946917008,9.874840860817871,-0.005422404153042848
2022-10-01,19311.861629398,9.868474778305327,-0.006366082512544224
2022-10-02,19015.2928050847,9.852998818880915,-0.015475959424412267
2022-10-03,19633.4325859147,9.884989136268537,0.03199031738762237
2022-10-04,20339.9712811221,9.920343257660655,0.03535412139211758
2022-10-05,20155.0996987142,9.911212622138596,-0.009130635522058839
2022-10-06,19950.5477957335,9.90101188037379,-0.010200741764805343
2022-10-07,19539.1439216832,9.880175113054786,-0.020836767319003968
2022-10-08,19416.1772291058,9.873861875357454,-0.006313237697332497
2022-10-09,19428.3671323787,9.874489500362376,0.0006276250049221943
2022-10-10,19154.4042346581,9.86028795431006,-0.01420154605231616
2022-10-11,19039.2820683811,9.854259601141859,-0.0060283531682010505
2022-10-12,19156.9115645821,9.860418846704397,0.006159245562537663
2022-10-13,19387.8336806546,9.872401018460069,0.01198217175567251
2022-10-14,19177.6941031561,9.861503117182627,-0.010897901277441946
2022-10-15,19069.8749272355,9.855865139959192,-0.005637977223434731
2022-10-16,19261.7497878434,9.865876532099954,0.010011392140761188
2022-10-17,19557.0218106371,9.881089672826322,0.01521314072636848
2022-10-18,19341.4075543542,9.870003545798195,-0.01108612702812728
2022-10-19,19132.1544254822,9.859125676348325,-0.010877869449869237
2022-10-20,19033.3760239626,9.853949349913718,-0.005176326434607859
2022-10-21,19174.8763487434,9.86135617764848,0.007406827734762089
2022-10-22,19207.6285078901,9.863062797225206,0.0017066195767263537
2022-10-23,19565.4123243717,9.881518609013385,0.018455811788179233
2022-10-24,19341.460210111,9.870006268231139,-0.01151234078224661
2022-10-25,20094.9611215663,9.90822437214972,0.03821810391858094
2022-10-26,20797.0308258328,9.942565506741797,0.03434113459207744
2022-10-27,20280.1751280538,9.917399093173445,-0.025166413568351587
2022-10-28,20604.6138535944,9.933270303174815,0.015871210001369818
2022-10-29,20803.8999205143,9.94289574429277,0.00962544111795438
2022-10-30,20616.7033766803,9.933856869749821,-0.009038874542948605
2022-10-31,20490.8581808884,9.92773412326893,-0.006122746480890839
2022-11-01,20483.966530976,9.927397738670543,-0.00033638459838769563
2022-11-02,20148.2845537697,9.910874429942785,-0.016523308727757424
2022-11-03,20198.1111860316,9.913344373375372,0.002469943432586774
2022-11-04,21157.2449275278,9.959737675582556,0.04639330220718385
2022-11-05,21283.4715999416,9.965686069244846,0.0059483936622903855
2022-11-06,20946.8030359439,9.949741313989481,-0.015944755255365095
2022-11-07,20568.5651183518,9.931519224178537,-0.018222089810944198
2022-11-08,18520.971163647,9.826658945467159,-0.10486027871137793
2022-11-09,15758.2912819988,9.665121936340897,-0.16153700912626157
2022-11-10,17541.5602866745,9.77232821788058,0.10720628153968192
2022-11-11,16916.8506312098,9.736065482928113,-0.03626273495246579
2022-11-12,16771.2426718293,9.727420952956194,-0.008644529971919113
2022-11-13,16320.4983375219,9.700177163439275,-0.027243789516919747
2022-11-14,16629.4784146698,9.71893220757423,0.018755044134955767
2022-11-15,16855.59378609,9.732437856124463,0.013505648550232507
2022-11-16,16659.6063345996,9.720742286065882,-0.01169557005858124
2022-11-17,16675.1790204559,9.72167660658562,0.0009343205197378524
2022-11-18,16661.5229576271,9.720857325566062,-0.0008192810195577493
2022-11-19,16696.0040581531,9.722924691818404,0.002067366252342495
2022-11-20,16246.8446992987,9.695653996553142,-0.027270695265261935
2022-11-21,15778.0174047341,9.666372946755839,-0.029281049797303282
2022-11-22,16172.8893445354,9.691091622108825,0.024718675352985997
2022-11-23,16574.0617299825,9.715594205909262,0.02450258380043735
2022-11-24,16583.5243445354,9.716164972115736,0.0005707662064740049
2022-11-25,16522.3887767388,9.712471635697728,-0.003693336418008286
2022-11-26,16448.6413077148,9.707998157506644,-0.004473478191084013
2022-11-27,16436.0707688486,9.707233635716142,-0.0007645217905025703
2022-11-28,16212.5814161309,9.693542850424327,-0.013690785291814223
2022-11-29,16443.0368199883,9.707657372961753,0.014114522537425955
2022-11-30,17176.8986914085,9.751320660698488,0.043663287736734446
2022-12-01,16961.2918042081,9.738689074146231,-0.01263158655225638
2022-12-02,17075.1091370544,9.745377076046934,0.0066880019007022895
2022-12-03,16899.5073831093,9.735039751557883,-0.010337324489050559
2022-12-04,17121.7149824664,9.748102818888118,0.013063067330234546
2022-12-05,16961.3517866745,9.738692610572645,-0.009410208315472346
2022-12-06,17070.5158281707,9.745108033736765,0.00641542316411936
2022-12-07,16848.2518243717,9.732002181102729,-0.013105852634035742
2022-12-08,17231.4563223261,9.754491848429902,0.02248966732717328
2022-12-09,17136.1490008767,9.748945487845614,-0.005546360584288479
2022-12-10,17124.2146797195,9.74824880396034,-0.0006966838852733304
2022-12-11,17094.3606592636,9.74650390209141,-0.001744901868930171
2022-12-12,17195.5249962011,9.75240445431078,0.005900552219369359
2022-12-13,17774.9166320865,9.785543564482468,0.03313911017168891
2022-12-14,17809.7240835769,9.78749988394455,0.001956319462081524
2022-12-15,17344.0544569258,9.76100504404797,-0.026494839896580302
2022-12-16,16606.1101750438,9.717525989452731,-0.043479054595238154
2022-12-17,16774.3853702513,9.727608321541291,0.010082332088559909
2022-12-18,16776.1159254822,9.727711482755913,0.00010316121462139449
2022-12-19,16424.1313857393,9.70650695828558,-0.02120452447033294
2022-12-20,16901.8169362946,9.735176406155619,0.028669447870038667
2022-12-21,16800.5329707773,9.729165889339171,-0.006010516816447264
2022-12-22,16814.2225791935,9.729980389337701,0.0008144999985297829
2022-12-23,16780.5169798363,9.727973788833626,-0.0020066005040746404
2022-12-24,16837.612170076,9.73137048261631,0.0033966937826832577
2022-12-25,16824.8389736996,9.730611583810346,-0.0007588988059641366
2022-12-26,16879.9382273524,9.733881108626214,0.0032695248158685075
2022-12-27,16698.9112708942,9.723098802920038,-0.010782305706175777
2022-12-28,16536.2942001753,9.713312892699182,-0.009785910220855953
2022-12-29,16630.5931551724,9.718999239330351,0.005686346631168959
2022-12-30,16593.6888287551,9.71677771101485,-0.0022215283155020416
2022-12-31,16524.2178024547,9.712582329406228,-0.004195381608621318
2023-01-01,16606.7520432496,9.717564641237793,0.004982311831565056
2023-01-02,16688.7192729398,9.722488277518567,0.004923636280773636
2023-01-03,16670.0773836937,9.721370617827269,-0.0011176596912978454
2023-01-04,16848.3660391584,9.732008960108692,0.010638342281422908
2023-01-05,16824.8001826417,9.730609278224973,-0.0013996818837185288
2023-01-06,16957.8622738165,9.73848685622562,0.007877578000647034
2023-01-07,16942.6285891292,9.73758812671906,-0.0008987295065594481
2023-01-08,17059.2399444769,9.744447268146809,0.006859141427748128
2023-01-09,17182.3198521333,9.751636218560371,0.007188950413562267
2023-01-10,17433.9146320865,9.766172704925742,0.014536486365370749
2023-01-11,17833.7107656341,9.788845808420104,0.02267310349436258
2023-01-12,18869.7044842198,9.845312977626284,0.056467169206179335
2023-01-13,19868.7247454705,9.896902153590448,0.051589175964164014
2023-01-14,21010.9227200468,9.952797711011122,0.055895557420674535
2023-01-15,20876.0085561075,9.946355862616999,-0.006441848394123539
2023-01-16,21180.4119485681,9.960832068851431,0.014476206234432354
2023-01-17,21178.2993962595,9.960732323026155,-9.974582527583209e-05
2023-01-18,20709.6686040327,9.938355952524889,-0.022376370501266507
2023-01-19,21071.8334152542,9.95569251844945,0.017336565924560787
2023-01-20,22660.7169421391,10.028388173187365,0.07269565473791495
2023-01-21,22803.172761543,10.034654961469231,0.006266788281866553
2023-01-22,22716.2771966686,10.03083700362883,-0.00381795784040051
2023-01-23,22929.0248936295,10.04015884959358,0.009321845964748832
2023-01-24,22611.1268787259,10.026197403867553,-0.013961445726026867
2023-01-25,23109.0845189947,10.047981088420363,0.0217836845528101
2023-01-26,23008.6894766219,10.043627226892966,-0.004353861527397029
2023-01-27,23070.4964582116,10.046309870581318,0.0026826436883524707
2023-01-28,23008.8094649328,10.043632441792239,-0.0026774287890791726
2023-01-29,23774.9963679135,10.076389734644431,0.03275729285219242
2023-01-30,22799.427261543,10.034490694519254,-0.04189904012517687
2023-01-31,23130.0519132087,10.0488879996332,0.014397305113945436
2023-02-01,23727.2026075395,10.074377458264294,0.02548945863109431
2023-02-02,23505.6048430742,10.064994175655306,-0.009383282608988353
2023-02-03,23445.8131773816,10.062447215391446,-0.002546960263860143
2023-02-04,23355.5243863238,10.058588825534663,-0.0038583898567825514
2023-02-05,22957.2251905319,10.041387989059151,-0.01720083647551185
2023-02-06,22745.1650371128,10.032107875951084,-0.009280113108067312
2023-02-07,23266.2692036821,10.05475991700014,0.022652041049056493
2023-02-08,22937.5799453536,10.040531890146868,-0.014228026853272624
2023-02-09,21818.1989456458,9.990499714534215,-0.05003217561265316
2023-02-10,21620.5667837522,9.981400306564291,-0.00909940796992359
2023-02-11,21864.8626414378,9.992636181706905,0.011235875142613594
2023-02-12,21772.1373252484,9.9883863269588,-0.004249854748104909
2023-02-13,21798.7157168323,9.989606334969883,0.001220008011083351
2023-02-14,22222.415043834,10.00885674512884,0.01925041015895701
2023-02-15,24304.6129827586,10.09842144599374,0.08956470086489965
2023-02-16,23742.4488354763,10.075019815138532,-0.023401630855207856
2023-02-17,24607.3356054939,10.11079987281434,0.03578005767580805
2023-02-18,24636.5266127995,10.111985442321272,0.0011855695069318273
2023-02-19,24366.9907606663,10.100984657692646,-0.011000784628626192
2023-02-20,24797.8430359439,10.118511954013485,0.01752729632083927
2023-02-21,24400.3893898305,10.102354369753566,-0.016157584259918423
2023-02-22,24163.7389812975,10.092608399234452,-0.009745970519114522
2023-02-23,23910.0342104033,10.082053491250313,-0.010554907984138495
2023-02-24,23175.8242036821,10.050864954146087,-0.0311885371042262
2023-02-25,23159.8154403857,10.050173962759917,-0.0006909913861701256
2023-02-26,23542.0964281122,10.066545434967445,0.01637147220752766
2023-02-27,23504.1894178843,10.064933957344948,-0.0016114776224966931
2023-02-28,23145.9491277031,10.049575060518418,-0.015358896826530355
2023-03-01,23610.6590902981,10.069453545416229,0.019878484897811077
2023-03-02,23470.0254815897,10.063479374553458,-0.005974170862771189
2023-03-03,22350.0962340736,10.01458590580755,-0.0488934687459075
2023-03-04,22334.2852638808,10.013878232552484,-0.0007076732550661546
2023-03-05,22419.8171390999,10.017700540442126,0.003822307889642218
2023-03-06,22414.7033056692,10.017472420082987,-0.00022812035913943873
2023-03-07,22174.6484725307,10.006704954629614,-0.010767465453373148
2023-03-08,21701.3846227352,9.985131344992258,-0.021573609637355773
2023-03-09,20349.8141732905,9.920827059295412,-0.06430428569684565
2023-03-10,20240.406694623,9.915436216807384,-0.005390842488028014
2023-03-11,20585.2343290473,9.93232931762463,0.01689310081724571
2023-03-12,22065.9800359439,10.001792336576976,0.06946301895234619
2023-03-13,24154.4290946815,10.092223041630804,0.09043070505382822
2023-03-14,24769.0175691409,10.11734885957092,0.025125817940114814
2023-03-15,24409.8017518995,10.102740041760395,-0.014608817810524144
2023-03-16,25043.2388468732,10.1283591637693,0.025619122008905038
2023-03-17,27450.6282933957,10.220144335324031,0.0917851715547311
2023-03-18,26985.7359915254,10.203063708778473,-0.01708062654555853
2023-03-19,28185.2043319696,10.246552450160129,0.04348874138165648
2023-03-20,27834.3361090006,10.234025649390134,-0.012526800769995461
2023-03-21,28172.7950558153,10.246112076957047,0.012086427566913471
2023-03-22,27341.5571297487,10.216163062926361,-0.029949014030686172
2023-03-23,28387.8897495617,10.253717915938646,0.037554853012284894
2023-03-24,27464.1249453536,10.220635884550191,-0.03308203138845478
2023-03-25,27488.954880187,10.221539562254952,0.0009036777047608524
2023-03-26,28049.3916911163,10.241722224124466,0.020182661869514007
2023-03-27,27154.9963702513,10.209316336801152,-0.032405887323314175
2023-03-28,27283.9634029807,10.214054387437422,0.004738050636269975
2023-03-29,28389.2917784921,10.253767302994959,0.03971291555753709
2023-03-30,28021.5583009936,10.240729432227315,-0.013037870767643511
2023-03-31,28514.6813062537,10.258174367173762,0.017444934946446722
2023-04-01,28494.5638863238,10.257468607232653,-0.0007057599411091076
2023-04-02,28161.9980362361,10.245728760746273,-0.011739846486380046
2023-04-03,27850.9799436002,10.234623431221147,-0.011105329525125995
2023-04-04,28113.9585187025,10.244021476422974,0.009398045201827188
2023-04-05,28190.3116063705,10.246733637838144,0.0027121614151699447
2023-04-06,28049.0744763296,10.241710914910207,-0.005022722927936485
2023-04-07,27936.8042609585,10.237700247634947,-0.004010667275260005
2023-04-08,27964.0512498539,10.23867508033846,0.0009748327035126181
2023-04-09,28357.8072703098,10.252657659966834,0.013982579628374125
2023-04-10,29687.5651846873,10.298483556469316,0.04582589650248181
2023-04-11,30247.0959193454,10.31715545618417,0.01867189971485317
2023-04-12,29913.0035463472,10.30604856605228,-0.011106890131889813
2023-04-13,30370.82207218,10.321237626233868,0.015189060181588943
2023-04-14,30458.9700414962,10.324135812400648,0.002898186166779837
2023-04-15,30342.0591084161,10.32029011837865,-0.0038456940219973035
2023-04-16,30312.9308533022,10.319329661296011,-0.0009604570826393655
2023-04-17,29469.5050727645,10.291111281317368,-0.02821837997864307
2023-04-18,30366.8723813559,10.321107568915586,0.02999628759821782
2023-04-19,28796.7440952659,10.268017607485438,-0.05308996143014788
2023-04-20,28251.2763790181,10.248893917112094,-0.019123690373344715
2023-04-21,27292.0211052016,10.214349671245934,-0.034544245866159784
2023-04-22,27827.5475920514,10.233781729618418,0.01943205837248385
2023-04-23,27604.6855742256,10.22574080447851,-0.008040925139907174
2023-04-24,27520.1996729982,10.222675547580486,-0.00306525689802406
2023-04-25,28302.6942180012,10.250712281149413,0.028036733568926664
2023-04-26,28384.2340333139,10.253589130330173,0.0028768491807600327
2023-04-27,29465.5514272355,10.290977111749383,0.03738798141920974
2023-04-28,29350.811886616,10.28707548710929,-0.0039016246400933596
2023-04-29,29221.5145075979,10.282660515159238,-0.004414971950051694
2023-04-30,29362.0867974868,10.287459556411337,0.004799041252098846
2023-05-01,28114.9531873174,10.244056855681963,-0.04340270072937358
2023-05-02,28690.5809959088,10.264324159586288,0.020267303904324407
2023-05-03,29045.0427735243,10.276603103089494,0.012278943503206463
2023-05-04,28855.8574465225,10.27006828240353,-0.0065348206859638935
2023-05-05,29552.9695236704,10.293939509280081,0.023871226876551077
2023-05-06,28899.4629602572,10.271578291237802,-0.022361218042279418
2023-05-07,28761.738434249,10.266801256261624,-0.004777034976177319
2023-05-08,27727.2854091175,10.230172240169082,-0.03662901609254199
2023-05-09,27642.4281092928,10.227107121682156,-0.003065118486926366
2023-05-10,27646.004902104,10.227236508341223,0.00012938665906681024
2023-05-11,26986.271065751,10.203083536620897,-0.024152971720326377
2023-05-12,26773.3443591467,10.19516205807808,-0.007921478542815663
2023-05-13,26841.3982913501,10.197700687021824,0.0025386289437427934
2023-05-14,26918.261597896,10.200560205072318,0.002859518050494003
2023-05-15,27231.6216052016,10.212134136050416,0.011573930978098446
2023-05-16,27025.7181864407,10.204544217045726,-0.007589919004690415
2023-05-17,27401.0440610754,10.218336396069017,0.013792179023290885
2023-05-18,26843.2350938048,10.197769116378218,-0.0205672796907983
2023-05-19,26889.503631502,10.199491289869853,0.0017221734916343934
2023-05-20,27100.8582878434,10.207320677504406,0.007829387634552987
2023-05-21,26777.0977831677,10.195302240824551,-0.01201843667985436
2023-05-22,26858.7370637054,10.1983464497501,0.00304420892554802
2023-05-23,27226.8558763881,10.211959113572886,0.013612663822787141
2023-05-24,26341.4306446522,10.17889828834971,-0.03306082522317588
2023-05-25,26484.8359234366,10.18432761888436,0.005429330534649779
2023-05-26,26720.3838071303,10.193181991586728,0.008854372702367996
2023-05-27,26854.5403702513,10.198190186953893,0.0050081953671643475
2023-05-28,28097.5211259497,10.24343663527219,0.04524644831829683
2023-05-29,27765.0728693746,10.231534138177022,-0.011902497095167774
2023-05-30,27712.4915844535,10.229638550251215,-0.0018955879258069075
2023-05-31,27217.6832580362,10.211622160828515,-0.018016389422699675
2023-06-01,26825.3713451198,10.197103410650792,-0.014518750177723305
2023-06-02,27255.2279941555,10.21300063468649,0.015897224035697377
2023-06-03,27079.4084643483,10.206528882782765,-0.00647175190372451
2023-06-04,27158.25456955,10.209436314863456,0.002907432080691663
2023-06-05,25785.8514842198,10.15758122840327,-0.05185508646018633
2023-06-06,27213.7705187025,10.211478393243086,0.05389716483981566
2023-06-07,26339.5790292227,10.17882799298363,-0.03265040025945609
2023-06-08,26521.693600526,10.185718303517392,0.006890310533762545
2023-06-09,26470.6775780245,10.183792892854404,-0.0019254106629880141
2023-06-10,25863.2138506721,10.160576923438835,-0.023215969415568694
2023-06-11,25906.8281516657,10.162261848141425,0.0016849247025891856
2023-06-12,25906.7519354179,10.162258906200424,-2.9419410001452206e-06
2023-06-13,25880.8599734074,10.161258977328885,-0.000999928871539879
2023-06-14,25097.5853796026,10.130526920476525,-0.03073205685235969
2023-06-15,25559.1433293396,10.148750391863269,0.01822347138674374
2023-06-16,26331.8200943892,10.178533376359855,0.02978298449658645
2023-06-17,26514.1713495032,10.185434636942695,0.006901260582839797
2023-06-18,26353.962682934,10.179373929111708,-0.006060707830986445
2023-06-19,26778.0634415547,10.195338303021547,0.015964373909838514
2023-06-20,28305.4204573349,10.250808600885602,0.055470297864054885
2023-06-21,30099.5153509643,10.312264349310473,0.061455748424871004
2023-06-22,29952.5112866745,10.307368449333097,-0.004895899977375606
2023-06-23,30638.3537644652,10.330007894097312,0.022639444764214645
2023-06-24,30549.0162872589,10.327087763991582,-0.002920130105730223
2023-06-25,30467.4403705435,10.324413863546107,-0.002673900445474331
2023-06-26,30255.8861241964,10.317446027148309,-0.006967836397798521
2023-06-27,30667.0762948568,10.33094492471484,0.013498897566531554
2023-06-28,30104.0432717709,10.312414769681585,-0.018530155033255724
2023-06-29,30460.792978083,10.324195659533894,0.011780889852309073
2023-06-30,30484.503257744,10.324973743564053,0.0007780840301592207
2023-07-01,30581.6889655172,10.328156709008143,0.0031829654440898025
2023-07-02,30594.2164736996,10.328566265949478,0.0004095569413351541
2023-07-03,31135.3575993571,10.346099352686464,0.017533086736985837
2023-07-04,30799.9474558738,10.335268262982087,-0.01083108970437685
2023-07-05,30497.8221282876,10.325410554416084,-0.009857708566002543
2023-07-06,29979.7298094681,10.308276759256675,-0.017133795159409715
2023-07-07,30329.8829786674,10.319888742405068,0.011611983148393179
2023-07-08,30263.6196341321,10.317701597972322,-0.0021871444327459244
2023-07-09,30163.2210563998,10.314378615371538,-0.003322982600783675
2023-07-10,30394.6555806546,10.322022068671167,0.0076434532996287885
2023-07-11,30616.247094097,10.32928609782346,0.007264029152292295
2023-07-12,30385.6087852133,10.321724380084172,-0.007561717739287488
2023-07-13,31434.7354704851,10.355668785654828,0.033944405570656144
2023-07-14,30310.6720204559,10.319255141381646,-0.036413644273181944
2023-07-15,30290.8905958504,10.318602305895098,-0.0006528354865480424
2023-07-16,30249.7729658095,10.317243958168326,-0.0013583477267715693
2023-07-17,30143.7462744009,10.31373276022286,-0.003511197945465838
2023-07-18,29835.7474076563,10.303462531013487,-0.010270229209373483
2023-07-19,29913.0294646406,10.306049432507637,0.0025869014941495294
2023-07-20,29805.6065707189,10.302451794754404,-0.0035976377532325188
2023-07-21,29919.6934921099,10.306272187788277,0.0038203930338731595
2023-07-22,29726.0096271186,10.29977768657068,-0.006494501217597204
2023-07-23,30066.5724482759,10.311169283728335,0.011391597157654587
2023-07-24,29178.3597042665,10.28118260748328,-0.0299866762450538
2023-07-25,29221.2548533022,10.282651629396344,0.0014690219130635285
2023-07-26,29361.5917580362,10.28744269645083,0.004791067054485509
2023-07-27,29201.6865175336,10.281981744038257,-0.00546095241257305
2023-07-28,29316.3130751023,10.28589940031408,0.003917656275822523
2023-07-29,29360.376179135,10.287401295287209,0.0015018949731295805
2023-07-30,29262.8367337814,10.284073619081317,-0.0033276762058918052
2023-07-31,29219.8201887785,10.282602531582077,-0.0014710874992402978
2023-08-01,29499.5875385739,10.292131560486908,0.009529028904831094
2023-08-02,29143.1519620105,10.279975240063369,-0.012156320423539313
2023-08-03,29192.3448617767,10.281661791617918,0.0016865515545489984
2023-08-04,29057.2532437171,10.27702341248205,-0.00463837913586751
2023-08-05,29053.0956975453,10.27688032106186,-0.00014309142019008902
2023-08-06,29048.0433275862,10.276706404678924,-0.0001739163829359569
2023-08-07,29164.3585873758,10.28070264639921,0.003996241720285454
2023-08-08,29779.511383986,10.301575898581099,0.020873252181889512
2023-08-09,29582.9442375804,10.294953266050564,-0.006622632530534744
2023-08-10,29430.1599117475,10.28977527484332,-0.005177991207244048
2023-08-11,29399.784739626,10.28874263151854,-0.00103264332478048
2023-08-12,29415.733902104,10.289284976914356,0.0005423453958162128
2023-08-13,29286.1176110462,10.284868881054901,-0.004416095859454572
2023-08-14,29408.9717127411,10.289055067072155,0.004186186017253846
2023-08-15,29167.59721654,10.280813687735742,-0.00824137933641289
2023-08-16,28754.2924079486,10.266542336227229,-0.014271351508513774
2023-08-17,26660.5627264757,10.190940701029657,-0.07560163519757168
2023-08-18,26037.3658474576,10.167287933273961,-0.02365276775569569
2023-08-19,26093.981808007,10.169459984653955,0.002172051379993434
2023-08-20,26176.4721642315,10.172616277298756,0.0031562926448014395
2023-08-21,26128.9050160725,10.170797452396368,-0.0018188249023882719
2023-08-22,25978.2096914085,10.16501337681888,-0.005784075577487613
2023-08-23,26452.1935882525,10.183094367240951,0.018080990422070897
2023-08-24,26126.7943331385,10.170716669516741,-0.012377697724209824
2023-08-25,26040.881255114,10.167422938112155,-0.0032937314045859978
2023-08-26,26006.1740800701,10.16608925343144,-0.0013336846807145974
2023-08-27,26086.3612594974,10.169167899622858,0.003078646191417178
2023-08-28,26103.2765730567,10.169816124628975,0.0006482250061168315
2023-08-29,27672.2221306254,10.228184377855147,0.05836825322617223
2023-08-30,27298.997779661,10.214605269131443,-0.013579108723703825
2023-08-31,25954.8665935126,10.164114408333367,-0.0504908607980763
2023-09-01,25802.7885298071,10.158237847619874,-0.005876560713492296
2023-09-02,25868.2960976037,10.160773408983257,0.0025355613633823992
2023-09-03,25962.5475689655,10.164410300400908,0.0036368914176510003
2023-09-04,25799.5256870251,10.158111386516884,-0.006298913884023705
2023-09-05,25782.3622200468,10.157445902242921,-0.0006654842739628464
2023-09-06,25754.7902676797,10.156375918603286,-0.0010699836396348417
2023-09-07,26210.6045637054,10.173919362198147,0.017543443594860264
2023-09-08,25904.6982127411,10.162179629412302,-0.011739732785844836
2023-09-09,25894.6205976037,10.161790527181,-0.00038910223130272925
2023-09-10,25831.4647802455,10.159348592970039,-0.0024419342109602837
2023-09-11,25135.0393781414,10.13201814279111,-0.027330450178929766
2023-09-12,25859.7018068381,10.160441121201288,0.0284229784101786
2023-09-13,26226.8667524839,10.174539612904052,0.014098491702764449
2023-09-14,26556.056943308,10.187013134109533,0.012473521205480509
2023-09-15,26672.6160818235,10.191392703172502,0.004379569062969324
2023-09-16,26555.6361031561,10.18699728674607,-0.004395416426431709
2023-09-17,26502.4321189363,10.184991785836031,-0.0020055009100392596
2023-09-18,26764.6319064874,10.194836589939614,0.009844804103583016
2023-09-19,27215.0504848042,10.21152542590256,0.016688835962945348
2023-09-20,27133.4037235535,10.208520857553316,-0.003004568349243897
2023-09-21,26571.5952919345,10.187598078047984,-0.020922779505331945
2023-09-22,26581.1476116306,10.187957507092548,0.000359429044564763
2023-09-23,26575.776386616,10.187755417707804,-0.00020208938474475246
2023-09-24,26286.6410488019,10.176816144205663,-0.010939273502140523
2023-09-25,26288.8095005845,10.176898633343127,8.24891374637815e-05
2023-09-26,26194.5378880772,10.173306190460417,-0.0035924428827094346
2023-09-27,26336.0825973115,10.178695239761046,0.005389049300628557
2023-09-28,27033.4254415546,10.204829358638762,0.02613411887771555
2023-09-29,26911.2514739918,10.200299748547865,-0.004529610090896696
2023-09-30,26977.6933126826,10.202765629912617,0.0024658813647526756
2023-10-01,27950.1453594389,10.23817767926521,0.035412049352592234
2023-10-02,27565.8892954413,10.22433439226436,-0.013843287000849358
2023-10-03,27439.1422393337,10.219725821851732,-0.00460857041262841
2023-10-04,27797.251176505,10.232692416246937,0.012966594395205533
2023-10-05,27426.3450926359,10.219259330162615,-0.01343308608432281
2023-10-06,27941.9633760959,10.237884901497953,0.018625571335338265
2023-10-07,27972.7515704266,10.238986157132421,0.001101255634468501
2023-10-08,27936.3261157218,10.237683132243937,-0.0013030248884842166
2023-10-09,27591.3467618352,10.225257479424679,-0.01242565281925856
2023-10-10,27419.7971803039,10.219020556309369,-0.006236923115309878
2023-10-11,26828.1725710111,10.197207829695254,-0.021812726614115263
2023-10-12,26741.3405990649,10.193965983994035,-0.0032418457012184376
2023-10-13,26842.4467703098,10.197739748268598,0.003773764274562552
2023-10-14,26861.9892375804,10.19846752681301,0.0007277785444124163
2023-10-15,27130.3067092344,10.208406710758053,0.00993918394504334
2023-10-16,28506.7936741671,10.257897712382226,0.049491001624172526
2023-10-17,28433.2051522501,10.255312936674304,-0.002584775707921594
2023-10-18,28328.0750195792,10.251608642036581,-0.003704294637723038
2023-10-19,28690.358041204,10.264316388549126,0.012707746512544915
2023-10-20,29704.9853673291,10.299070168190127,0.034753779641000904
2023-10-21,29922.5464044418,10.306367535567338,0.007297367377210762
2023-10-22,29984.1593196961,10.30842449851443,0.0020569629470923445
2023-10-23,32954.1690482174,10.402873058428138,0.09444855991370815
2023-10-24,33880.9566537113,10.430608384899559,0.027735326471420407
2023-10-25,34488.6589210988,10.44838582205224,0.017777437152680875
2023-10-26,34181.4922521917,10.439439614352958,-0.008946207699281672
2023-10-27,33896.938528346,10.431079980392099,-0.00835963396085937
2023-10-28,34091.5890327294,10.436805976915341,0.005725996523242571
2023-10-29,34574.3377206312,10.450867001487063,0.014061024571722314
2023-10-30,34495.1050207481,10.448572709496464,-0.0022942919905997172
2023-10-31,34636.4264736996,10.452661195510123,0.004088486013658965
2023-11-01,35431.9794532437,10.475370065710218,0.02270887020009482
2023-11-02,34882.9173366452,10.45975251376403,-0.015617551946187191
2023-11-03,34708.2218804792,10.454731879669229,-0.005020634094801579
2023-11-04,35091.0763062537,10.465702140841366,0.01097026117213673
2023-11-05,35105.0420265926,10.466100046618916,0.0003979057775502781
2023-11-06,35017.7151484512,10.46360935952092,-0.002490687097996158
2023-11-07,35418.4768901227,10.47498890900407,0.011379549483150342
2023-11-08,35797.8946090006,10.485644360854975,0.010655451850904996
2023-11-09,36675.3264333723,10.509859503677019,0.024215142822043845
2023-11-10,37367.4943722969,10.52855647105574,0.018696967378721396
2023-11-11,36979.9312405026,10.518130645569528,-0.010425825486212403
2023-11-12,37053.3410514319,10.52011380348532,0.0019831579157916224
2023-11-13,36543.2680870836,10.506252264550106,-0.013861538935213247
2023-11-14,35590.6835645821,10.479839184967226,-0.026413079582880528
2023-11-15,37840.5534894798,10.541136650159258,0.06129746519203216
2023-11-16,36160.4044509059,10.495719999479675,-0.04541665067958256
2023-11-17,36569.7120534775,10.506975637267132,0.011255637787456862
2023-11-18,36577.4249617183,10.507186524762776,0.00021088749564412979
2023-11-19,37442.7285119813,10.530567804858713,0.02338128009593632
2023-11-20,37516.0503708358,10.532524130277352,0.0019563254186394374
2023-11-21,36035.0330862069,10.49224688552676,-0.0402772447505928
2023-11-22,37403.0347168323,10.529507122272067,0.03726023674530765
2023-11-23,37311.7192156634,10.527062744372657,-0.0024443778994100995
2023-11-24,37718.7841630625,10.537913503011097,0.010850758638440539
2023-11-25,37800.1260932203,10.540067717401595,0.0021542143904973443
2023-11-26,37482.7055260082,10.531634919606429,-0.008432797795165925
2023-11-27,37229.2452197545,10.524849893219258,-0.00678502638717049
2023-11-28,37828.4655911748,10.540817156169387,0.01596726295012907
2023-11-29,37846.8531227352,10.541303114662453,0.0004859584930656524
2023-11-30,37712.7114789597,10.537752491113766,-0.0035506235486870708
2023-12-01,38703.5536820573,10.563686701211836,0.025934210098069954
2023-12-02,39462.2799272355,10.583100556093916,0.019413854882079917
2023-12-03,39978.2226104617,10.59609015009921,0.01298959400529398
2023-12-04,41910.2994815897,10.643286886720112,0.04719673662090251
2023-12-05,44067.0054763296,10.69346660627232,0.05017971955220801
2023-12-06,43745.8343907072,10.686151673325934,-0.007314932946385966
2023-12-07,43282.6182261835,10.675506406750303,-0.01064526657563114
2023-12-08,44205.0522089421,10.696594364903389,0.021087958153085395
2023-12-09,43740.0063927528,10.686018440384219,-0.010575924519169888
2023-12-10,43732.7120900059,10.68585166146411,-0.00016677892010896755
2023-12-11,41209.8947904734,10.62643367131998,-0.05941799014413007
2023-12-12,41467.2735698422,10.632659806440673,0.006226135120693144
2023-12-13,42939.0607583285,10.667537197843023,0.034877391402350355
2023-12-14,43033.1371560491,10.669725729427707,0.002188531584684128
2023-12-15,41978.0970195792,10.6449032617035,-0.024822467724206376
2023-12-16,42203.2140450029,10.65025165932777,0.005348397624269197
2023-12-17,41428.6657855056,10.631728330485918,-0.018523328841851594
2023-12-18,42635.7331911163,10.660447987958419,0.02871965747250016
2023-12-19,42271.863025716,10.651876967009175,-0.008571020949244001
2023-12-20,43605.1555549386,10.682930669019443,0.03105370201026858
2023-12-21,43870.2382340736,10.688991424600806,0.0060607555813625424
2023-12-22,44009.5016551724,10.692160836295727,0.0031694116949214646
2023-12-23,43768.8067518995,10.686676668033563,-0.005484168262164246
2023-12-24,43097.8093258329,10.671227447093175,-0.015449220940388031
2023-12-25,43623.7504029807,10.68335701503673,0.01212956794355513
2023-12-26,42491.1229079486,10.657050460341406,-0.02630655469532428
2023-12-27,43436.9594269433,10.679065957382361,0.022015497040955623
2023-12-28,42670.6797180012,10.661267305701319,-0.017798651681042443
2023-12-29,41998.6033442431,10.645391643004091,-0.015875662697228066
2023-12-30,42204.4917744009,10.650281934511431,0.0048902915073405495
2023-12-31,42217.1587913501,10.650582023812207,0.00030008930077585205
2024-01-01,44049.4735534775,10.693068680180028,0.042486656367820785
2024-01-02,44941.160493571,10.713109368582833,0.020040688402804818
2024-01-03,42773.6515423729,10.663677573830359,-0.049431794752473834
2024-01-04,44250.7452670953,10.697627492488492,0.03394991865813246
2024-01-05,44146.3222022209,10.695264900234323,-0.002362592254169016
2024-01-06,43917.9798147282,10.690079078193103,-0.0051858220412199785
2024-01-07,43844.195949737,10.688397627574258,-0.0016814506188449485
2024-01-08,46981.3242995324,10.75750544639655,0.06910781882229244
2024-01-09,46084.005795149,10.738221222909802,-0.019284223486748076
2024-01-10,46818.1592764465,10.754026425373429,0.0158052024636266
2024-01-11,46380.8708082992,10.744642386146399,-0.009384039227029461
2024-01-12,42817.4305356517,10.664700554169753,-0.07994183197664562
2024-01-13,42846.9544699006,10.665389847285345,0.0006892931155917381
2024-01-14,41888.1513068381,10.642758280879336,-0.02263156640600883
2024-01-15,42528.9192489772,10.6579395764265,0.015181295547163742
2024-01-16,43171.4472241379,10.672934611826804,0.014995035400303891
2024-01-17,42689.304327294,10.66170368370201,-0.011230928124794204
2024-01-18,41261.9076177674,10.627695019627431,-0.034008664074578476
2024-01-19,41606.8535330216,10.636020181069771,0.008325161442339635
2024-01-20,41668.6904102864,10.637505296283726,0.0014851152139545576
2024-01-21,41537.1123562244,10.634342580238307,-0.003162716045418179
2024-01-22,39577.0998603156,10.58600594361486,-0.048336636623448115
2024-01-23,39737.3143617767,10.590045933595103,0.00403998998024413
2024-01-24,40101.8568980129,10.599177918906152,0.009131985311048751
2024-01-25,39917.6611461134,10.594574140184813,-0.004603778721339324
2024-01-26,41860.7310458796,10.642103459915331,0.04752931973051844
2024-01-27,42125.3014155465,10.648403822894263,0.006300362978931773
2024-01-28,41983.0202744009,10.645020536341715,-0.0033832865525482703
2024-01-29,43218.3470821157,10.67402038504717,0.028999848705455022
2024-01-30,42950.0541277031,10.667793187660806,-0.006227197386364125
2024-01-31,42589.4708059614,10.659362337528052,-0.00843085013275413
2024-02-01,43020.3596548802,10.669428762965302,0.010066425437250004
2024-02-02,43155.3852030976,10.672562490650247,0.0031337276849452422
2024-02-03,42982.3789979544,10.66854551994328,-0.004016970706967271
2024-02-04,42576.2913050847,10.659052835196242,-0.009492684747037572
2024-02-05,42619.2742738165,10.660061877676016,0.0010090424797741804
2024-02-06,43102.7062632963,10.67134106445231,0.011279186776294026
2024-02-07,44253.0314731151,10.697679155956527,0.02633809150421662
2024-02-08,45332.09157218,10.72177048388477,0.02409132792824309
2024-02-09,47176.9665137347,10.761661054873704,0.039890570988934115
2024-02-10,47792.8972156634,10.774632313623819,0.012971258750114956
2024-02-11,48200.7986057861,10.783130868486207,0.008498554862388374
2024-02-12,49989.80371654,10.819574337945417,0.03644346945920951
2024-02-13,49628.0941528346,10.81231236673261,-0.007261971212805918
2024-02-14,51844.2929193454,10.856000138541683,0.04368777180907202
2024-02-15,51939.1472919345,10.857828067907054,0.0018279293653709061
2024-02-16,52157.3123977206,10.862019669155698,0.004191601248644261
2024-02-17,51674.8158521333,10.852725820966132,-0.009293848189566134
2024-02-18,52148.0645365283,10.861842346346686,0.009116525380553853
2024-02-19,51804.8051537113,10.855238187530459,-0.0066041588162271125
2024-02-20,52308.0531712449,10.86490561852899,0.009667430998531401
2024-02-21,51744.321808007,10.854069981590778,-0.010835636938212545
2024-02-22,51292.3252574518,10.845296414849,-0.008773566741776762
2024-02-23,50789.1431759205,10.8354378937164,-0.009858521132601439
2024-02-24,51578.2349164231,10.850855058540057,0.01541716482365807
2024-02-25,51746.4789669784,10.854111669527397,0.0032566109873393145
2024-02-26,54551.8259184687,10.90690646308359,0.05279479355619365
2024-02-27,57049.888220339,10.951681395960327,0.04477493287673617
2024-02-28,62460.740619813,11.042293488272582,0.09061209231225575
2024-02-29,61394.7818515488,11.02508012439258,-0.01721336388000161
2024-03-01,62524.401817066,11.04331218859995,0.018232064207369447
2024-03-02,62049.6145637054,11.035689578908471,-0.007622609691479099
2024-03-03,62991.4422913501,11.0507541595018,0.015064580593328714
2024-03-04,68091.8388243717,11.128612643904281,0.07785848440248166
2024-03-05,63950.524329924,11.065865006033956,-0.06274763787032533
2024-03-06,66103.7215400351,11.098980325919575,0.03311531988561889
2024-03-07,67070.3791484512,11.113497782103765,0.014517456184190536
2024-03-08,68343.7149552893,11.132304884087787,0.018807101984021912
2024-03-09,68502.5053392753,11.134625597877482,0.002320713789695006
2024-03-10,68882.2513395675,11.140153823520542,0.00552822564305977
2024-03-11,72198.0875341905,11.187168836083977,0.047015012563434766
2024-03-12,71432.7283018702,11.176511422881864,-0.010657413202112664
2024-03-13,73081.5759053185,11.199331574371627,0.022820151489762353
2024-03-14,71505.2729076563,11.177526472923153,-0.021805101448473252
2024-03-15,69424.9141753361,11.148001075952934,-0.02952539697021983
2024-03-16,65433.6819006429,11.088792418642512,-0.05920865731042113
2024-03-17,68285.0891691993,11.131446707950426,0.04265428930791337
2024-03-18,67770.8865245471,11.123887979416105,-0.00755872853432038
2024-03-19,61969.3075394506,11.034394501768348,-0.08949347764775695
2024-03-20,67848.1076396844,11.125026774523068,0.09063227275471952
2024-03-21,65454.7357232612,11.0891141250728,-0.03591264945026751
2024-03-22,63486.4849997078,11.058582327578003,-0.030531797494797175
2024-03-23,64361.2429047341,11.072266912677682,0.013684585099678515
2024-03-24,67289.5658310929,11.116760463956062,0.044493551278380394
2024-03-25,70042.0204237288,11.15685063269602,0.04009016873995819
2024-03-26,70071.0472144945,11.157264966514703,0.00041433381868216657
2024-03-27,69267.8879815897,11.145736700896709,-0.011528265617993583
2024-03-28,70826.8968714202,11.167994106852182,0.02225740595547343
2024-03-29,69917.0430070134,11.155064718345498,-0.012929388506684347
2024-03-30,69663.0119073641,11.151424780242884,-0.003639938102613982
2024-03-31,71227.4517939801,11.173633581995547,0.022208801752663376
2024-04-01,69791.6277305669,11.153269335002818,-0.020364246992729207
2024-04-02,65533.7548351841,11.090320629875952,-0.06294870512686579
2024-04-03,66130.2162393337,11.099381050576165,0.00906042070021229
2024-04-04,68438.135024547,11.133685477847399,0.03430442727123406
2024-04-05,67904.9094766219,11.12586361544873,-0.007821862398669666
2024-04-06,69136.0710783168,11.14383188626533,0.017968270816600906
2024-04-07,69392.6830108124,11.14753670881568,0.0037048225503504284
2024-04-08,71712.7972840444,11.1804244943998,0.0328877855841192
2024-04-09,69074.5418638223,11.142941517324052,-0.037482977075747215
2024-04-10,70579.4456767972,11.1644942433701,0.021552726046047965
2024-04-11,70046.5536057861,11.15691535149397,-0.007578891876130811
2024-04-12,67098.113691993,11.113911210671825,-0.043004140822144876
2024-04-13,64551.6482875512,11.075220930999917,-0.038690279671907746
2024-04-14,65648.8099602572,11.092074752533245,0.016853821533327817
2024-04-15,63393.325166277,11.057113853593847,-0.03496089893939747
2024-04-16,63784.8203340152,11.063270515224913,0.006156661631065319
2024-04-17,61324.2184286967,11.023930124303472,-0.03934039092144026
2024-04-18,63510.14500263,11.058954935940848,0.03502481163737592
2024-04-19,63762.6310300994,11.062922577200244,0.003967641259395194
2024-04-20,64907.9928366452,11.08072605129776,0.017803474097515704
2024-04-21,64968.192619813,11.081653084799205,0.0009270335014459619
2024-04-22,66944.5960911748,11.111620632270524,0.029967547471319023
2024-04-23,66385.3002919345,11.103230929810538,-0.008389702459986381
2024-04-24,64189.9679064874,11.06960221432887,-0.033628715481667015
2024-04-25,64515.3874725307,11.07465903979724,0.005056825468368942
2024-04-26,63777.4715002922,11.063155295693726,-0.01150374410351418
2024-04-27,63429.3099649328,11.057681335882545,-0.005473959811180151
2024-04-28,62978.5770049678,11.050549900004201,-0.0071314358783443055
2024-04-29,63908.3888766803,11.065205913074188,0.014656013069986429
2024-04-30,60636.3261633548,11.012649434103551,-0.05255647897063653
2024-05-01,58141.7772799532,10.970639742616289,-0.0420096914872623
2024-05-02,59170.1088936295,10.988171776021074,0.017532033404785707
2024-05-03,62983.6554783752,11.05063053486292,0.06245875884184571
2024-05-04,63881.1305429573,11.064779300089645,0.014148765226725146
2024-05-05,64067.5959918177,11.067693992340503,0.002914692250858053
2024-05-06,63228.1031341321,11.054504151142474,-0.013189841198029129
2024-05-07,62396.999720339,11.041272471796747,-0.013231679345727443
2024-05-08,61079.27442782,11.019927880215189,-0.021344591581557992
2024-05-09,62998.4903381064,11.050866042199354,0.030938161984165546
2024-05-10,60896.6418880772,11.016933310766762,-0.03393273143259279
2024-05-11,60843.5729240211,11.016061471210712,-0.0008718395560496361
2024-05-12,61431.2746879018,11.02567434419341,0.009612872982698306
2024-05-13,62886.9394491526,11.049093781210297,0.0234194370168872
2024-05-14,61555.5670046756,11.02769557438972,-0.021398206820578025
2024-05-15,66281.5322542373,11.10166658917065,0.07397101478093049
2024-05-16,65269.2603246639,11.08627645901815,-0.015390130152500348
2024-05-17,66956.4409476914,11.111797551834545,0.025521092816395807
2024-05-18,66977.6006914085,11.11211352443769,0.00031597260314519815
2024-05-19,66259.4704260666,11.101333683459536,-0.010779840978154098
2024-05-20,71202.2025902981,11.173279032178577,0.07194534871904068
2024-05-21,70217.2546914085,11.15934935313658,-0.013929679041996934
2024-05-22,69074.9141350088,11.142946906721845,-0.01640244641473565
2024-05-23,67758.7306586791,11.123708596250223,-0.01923831047162139
2024-05-24,68608.998279661,11.13617897536936,0.01247037911913651
2024-05-25,69282.7925976037,11.145951851280802,0.009772875911442824
2024-05-26,68445.0069532437,11.133785883618382,-0.01216596766242084
2024-05-27,69347.815260374,11.14688992215192,0.013104038533539253
2024-05-28,68342.8204488603,11.132291795652613,-0.01459812649930825
2024-05-29,67584.2632402104,11.121130442626141,-0.011161353026471588
2024-05-30,68375.4760260082,11.132769501689198,0.011639059063057289
2024-05-31,67377.7626122151,11.118070310891495,-0.01469919079770321
2024-06-01,67714.3526399766,11.123053439975497,0.0049831290840014475
2024-06-02,67805.4855742256,11.124398378830016,0.0013449388545190288
2024-06-03,68833.3028351841,11.139442959642631,0.015044580812615393
2024-06-04,70554.0894330801,11.16413492063408,0.02469196099144888
2024-06-05,71087.4433158971,11.171665994229784,0.00753107359570393
2024-06-06,70788.5013755114,11.167451856541483,-0.004214137688300923
2024-06-07,69338.1573240795,11.146750644384602,-0.020701212156881255
2024-06-08,69310.1092618352,11.146346051333168,-0.0004045930514333662
2024-06-09,69644.0190894214,11.151152104586465,0.004806053253297193
2024-06-10,69465.9362478083,11.148591785471092,-0.002560319115373133
2024-06-11,67368.263506429,11.11792931815018,-0.030662467320912157
2024-06-12,68213.8346838106,11.130402677860669,0.012473359710488907
2024-06-13,66783.4902767388,11.109211177431934,-0.021191500428734855
2024-06-14,65982.1865195792,11.097140083360177,-0.012071094071757216
2024-06-15,66204.904308007,11.100509822383597,0.003369739023419527
2024-06-16,66622.5999336645,11.106799137309558,0.00628931492596152
2024-06-17,66483.8785260082,11.104714769073157,-0.002084368236401346
2024-06-18,65112.1230020456,11.083866032089219,-0.020848736983937854
2024-06-19,64878.7141525424,11.08027486973566,-0.003591162353558275
2024-06-20,64897.7011542957,11.080567480713455,0.0002926109777945385
2024-06-21,64086.0489228521,11.067981973711213,-0.01258550700224248
2024-06-22,64258.135506429,11.070663617409648,0.0026816436984358205
2024-06-23,63345.0218760959,11.056351601384518,-0.014312016025129992
2024-06-24,60258.9554374635,11.006406478273572,-0.049945123110946454
2024-06-25,61739.6658477498,11.030681885792553,0.024275407518981496
2024-06-26,60794.4760584454,11.01525420952487,-0.0154276762676826
2024-06-27,61569.9234275278,11.027928774239188,0.012674564714316716
2024-06-28,60303.3147364115,11.007142351957533,-0.020786422281654282
2024-06-29,60889.3298430742,11.016813230516009,0.009670878558475593
2024-06-30,62763.2796861485,11.047125463068404,0.030312232552395457
2024-07-01,62835.3997647575,11.048273884164082,0.0011484210956780316
2024-07-02,62028.6170385739,11.035351122677096,-0.0129227614869869
2024-07-03,60216.3920859147,11.005699888017647,-0.029651234659448633
2024-07-04,57418.2420213326,10.958117337067963,-0.04758255094968433
2024-07-05,56720.9881256575,10.945899582169522,-0.012217754898440347
2024-07-06,58259.221773232,10.972657672601208,0.0267580904316862
2024-07-07,56112.5725587376,10.935115176183361,-0.03754249641784746
2024-07-08,56691.9149061952,10.94538688530132,0.010271709117958494
2024-07-09,57981.4320967271,10.967878102010678,0.022491216709358497
2024-07-10,57722.0113527177,10.963393859001355,-0.004484243009322597
2024-07-11,57307.712738457,10.956190496410084,-0.007203362591271301
2024-07-12,57859.1202819988,10.965766374162877,0.009575877752793005
2024-07-13,59329.0372016365,10.990854131270629,0.025087757107751685
2024-07-14,61015.0339412624,11.018875570843134,0.028021439572505358
2024-07-15,64734.7611697837,11.078053603133716,0.05917803229058194
2024-07-16,65118.8266583869,11.083968982368928,0.005915379235212015
2024-07-17,64201.3707805377,11.06977984117188,-0.014189141197048727
2024-07-18,63984.3022022209,11.06639305416592,-0.003386787005959846
2024-07-19,66755.7833828171,11.108796214948464,0.0424031607825448
2024-07-20,67185.4978112215,11.115212696841061,0.006416481892596693
2024-07-21,68056.6201215663,11.128095286545062,0.01288258970400058
2024-07-22,67535.1976738749,11.120404187974735,-0.00769109857032646
2024-07-23,65916.4081616014,11.096142675259053,-0.024261512715682443
2024-07-24,65353.3857784921,11.087564527633647,-0.008578147625405208
2024-07-25,65722.0611917007,11.093189934892814,0.005625407259167048
2024-07-26,67912.2433091759,11.125971611123953,0.03278167623113859
2024-07-27,68077.3730812391,11.128400176739573,0.002428565615620215
2024-07-28,68170.6691309176,11.129769679930158,0.0013695031905847088
2024-07-29,66867.167277031,11.110463352509216,-0.019306327420942182
2024-07-30,66186.9146861484,11.100238059035892,-0.010225293473324015
2024-07-31,64690.6340385739,11.077371710173706,-0.02286634886218586
2024-08-01,65178.0554891876,11.084878119009868,0.0075064088361624925
2024-08-02,61506.7698877849,11.026902527212485,-0.05797559179738343
2024-08-03,60688.2444272355,11.013505291524634,-0.013397235687850895
2024-08-04,58306.2644786675,10.97346481903026,-0.0400404724943737
2024-08-05,54343.6276773816,10.903082639629163,-0.07038217940109703
2024-08-06,56047.4712866744,10.933954312169009,0.030871672539845463
2024-08-07,55129.7410376973,10.91744461426991,-0.016509697899099507
2024-08-08,61908.7896724138,11.033417446530768,0.11597283226085864
2024-08-09,60720.9407594974,11.014043905353597,-0.019373541177170495
2024-08-10,60871.5550727645,11.016521268603146,0.002477363249548503
2024-08-11,58836.1043722969,10.98251096539063,-0.034010303212516746
2024-08-12,59394.1629538282,10.991951233751672,0.00944026836104328
2024-08-13,60536.2457846289,11.010997568506014,0.019046334754341032
2024-08-14,58840.6466797195,10.982588165132876,-0.028409403373137465
2024-08-15,57644.1876879018,10.962044699936259,-0.020543465196617205
2024-08-16,58927.2765087668,10.984059361063434,0.02201466112717476
2024-08-17,59414.6743351841,10.992296517520586,0.008237156457152395
2024-08-18,58793.2061458212,10.981781585473522,-0.010514932047064107
2024-08-19,59411.5190169492,10.992243409394394,0.010461823920872249
2024-08-20,59123.3002662186,10.987380377240932,-0.004863032153462399
2024-08-21,61133.0256493279,11.020807517124728,0.03342713988379664
2024-08-22,60394.4737749854,11.008652885945462,-0.012154631179265962
2024-08-23,64106.8029152543,11.068305767000556,0.05965288105509359
2024-08-24,64023.226703682,11.067001213748306,-0.0013045532522504288
2024-08-25,64498.0183413209,11.074389778921518,0.007388565173211958
2024-08-26,62983.4427729398,11.050627157704309,-0.023762621217208846
2024-08-27,59548.0076215663,10.994538116987238,-0.05608904071707066
2024-08-28,59100.7747548217,10.986999312526907,-0.007538804460331505
2024-08-29,59339.7909947399,10.991035371673796,0.004036059146889315
2024-08-30,59142.9399640561,10.987712504109593,-0.003322867564202525
2024-08-31,58959.926273232,10.984613276408433,-0.00309922770115989
2024-09-01,57349.0807180012,10.956912093100383,-0.027701183308050048
2024-09-02,59159.0238877849,10.987984417158275,0.03107232405789162
2024-09-03,57637.7754444769,10.96193345541444,-0.026050961743834478
2024-09-04,58033.3989704851,10.968773968112547,0.006840512698106593
2024-09-05,56112.9529400935,10.935121955057493,-0.03365201305505394
2024-09-06,53838.9534623028,10.893752526208123,-0.04136942884936978
2024-09-07,54066.4399248977,10.89796893824236,0.004216412034237393
2024-09-08,54859.2584082408,10.912526246504507,0.014557308262146407
2024-09-09,57135.7814371712,10.953185844518373,0.04065959801386576
2024-09-10,57664.4998214494,10.962397008755246,0.009211164236873515
2024-09-11,57409.1950663355,10.957959762271464,-0.004437246483782076
2024-09-12,58124.6418065459,10.970344980402642,0.012385218131177211
2024-09-13,60536.8814503215,11.011008069030897,0.040663088628255295
2024-09-14,60007.1702507306,11.002219338243025,-0.008788730787872012
2024-09-15,59129.9197536528,10.987492331696634,-0.014727006546390697
2024-09-16,58227.46421654,10.97211241616767,-0.015379915528964005
2024-09-17,60238.2177255991,11.00606227580766,0.0339498596399892
2024-09-18,61306.2337317358,11.023636808951975,0.017574533144316007
2024-09-19,62994.6096528346,11.050804440646996,0.027167631695020233
2024-09-20,63153.9518270018,11.053330704237187,0.0025262635901910357
2024-09-21,63367.7296078317,11.056710014120615,0.00337930988342805
2024-09-22,63571.9521729983,11.059927648488332,0.003217634367716826
2024-09-23,63336.0126347165,11.056209366338374,-0.00371828214995773
2024-09-24,64342.7891113384,11.071980149423524,0.01577078308515034
2024-09-25,63059.6269167154,11.051836016759244,-0.020144132664279724
2024-09-26,65057.7861461134,11.08303117156817,0.031195154808925096
2024-09-27,65767.7132542373,11.09388431686378,0.0108531452956111
2024-09-28,65770.5276478667,11.093927108885486,4.2792021705650996e-05
2024-09-29,65617.7610689655,11.091601686289078,-0.002325422596408444
2024-09-30,63260.0425482174,11.055009169452164,-0.03659251683691345
2024-10-01,60858.2487086499,11.016302647299995,-0.03870652215216985
2024-10-02,60686.0993135593,11.013469944455224,-0.0028327028447705516
2024-10-03,60765.2367498539,11.014773140452233,0.001303195997008899
2024-10-04,62052.5100496785,11.035736241864205,0.020963101411972218
2024-10-05,62030.4538977206,11.035380735330696,-0.0003555065335092422
2024-10-06,62789.8814555815,11.047549216155767,0.01216848082507127
2024-10-07,62416.508829924,11.041585083948597,-0.005964132207170181
2024-10-08,62126.3273769725,11.03692512939961,-0.004659954548987599
2024-10-09,60615.2581917008,11.012301925706394,-0.024623203693215245
2024-10-10,60221.1172869667,11.00577835528385,-0.006523570422544367
2024-10-11,62462.539962595,11.042322295437646,0.036543940153796584
2024-10-12,63202.8806992987,11.054105159781287,0.011782864343640398
2024-10-13,62759.431113384,11.047064142328257,-0.007041017453030207
2024-10-14,66089.7587410871,11.098769077997662,0.05170493566940593
2024-10-15,66933.974833723,11.111461962254841,0.01269288425717896
2024-10-16,67662.9534038574,11.122294092045019,0.010832129790177447
2024-10-17,67337.9075482174,11.117478619292248,-0.004815472752770944
2024-10-18,68390.5375625365,11.13298975431182,0.015511135019572464
2024-10-19,68357.8982963179,11.13251239211556,-0.00047736219626060006
2024-10-20,69012.3532089421,11.142040799568731,0.009528407453171184
2024-10-21,67440.4625058445,11.119000450686688,-0.023040348882043205
2024-10-22,67425.7553211572,11.118782350335355,-0.00021810035133285055
2024-10-23,66647.2866642315,11.107169614564091,-0.011612735771263871
2024-10-24,68130.9948369374,11.129187525700404,0.022017911136313018
2024-10-25,66261.5376861485,11.101364882438649,-0.02782264326175543
2024-10-26,67023.3399611338,11.112796195339534,0.011431312900885615
2024-10-27,68000.1475008767,11.12726515328643,0.014468957946895955
2024-10-28,69862.5205470485,11.154284597684885,0.02701944439845505
2024-10-29,72678.7866201052,11.193804827545558,0.039520229860672274
2024-10-30,72450.2843819404,11.190655872957693,-0.003148954587864239
2024-10-31,70367.0819576271,11.161480846964631,-0.02917502599306232
2024-11-01,69483.5830303916,11.148845788259585,-0.012635058705045665
2024-11-02,69241.6794865576,11.145358265012113,-0.003487523247471813
2024-11-03,68742.7546227352,11.138126622669516,-0.007231642342597766
2024-11-04,67779.0969795441,11.124009122256478,-0.014117500413037831
2024-11-05,69538.0241729982,11.149628992345406,0.025619870088927854
2024-11-06,75696.0366192285,11.234481081637835,0.08485208929242916
2024-11-07,75972.2955546464,11.238124020634759,0.0036429389969239168
2024-11-08,76507.4474012273,11.245143366726293,0.007019346091533762
2024-11-09,76799.2527469316,11.248950189230767,0.003806822504474283
2024-11-10,80409.2865666277,11.294884953056966,0.04593476382619954
2024-11-11,88859.998448568,11.394817359030615,0.09993240597364839
2024-11-12,88048.7488877849,11.385645904712497,-0.009171454318117611
2024-11-13,90369.3819693162,11.411660793980463,0.026014889267965913
2024-11-14,87204.2569827586,11.376008427315098,-0.03565236666536542
2024-11-15,91139.0844427236,11.420142019153236,0.04413359183813803
2024-11-16,90567.6957568673,11.41385286947383,-0.006289149679405526
2024-11-17,89732.9704292811,11.404593543826211,-0.009259325647619221
2024-11-18,90587.6965534775,11.414073683178975,0.009480139352763928
2024-11-19,92254.1385800701,11.432302423553061,0.018228740374086172
2024-11-20,94160.0406858562,11.452751174026846,0.02044875047378447
2024-11-21,98545.5688798948,11.498274348403019,0.04552317437617326
2024-11-22,98938.3495450029,11.502252203270045,0.003977854867025954
2024-11-23,97707.0484590883,11.489728979329225,-0.012523223940819506
2024-11-24,97980.2082819988,11.492520780950654,0.002791801621429002
2024-11-25,93343.0290745178,11.44403647102908,-0.04848430992157482
2024-11-26,91875.5699593805,11.428190440135412,-0.015846030893667873
2024-11-27,95989.0802273524,11.471989716348475,0.04379927621306301
2024-11-28,95737.9402822911,11.469369949056118,-0.0026197672923569115
2024-11-29,97398.9417399182,11.48657062447836,0.017200675422241574
2024-11-30,96463.6248980129,11.476921272203764,-0.009649352274594847
2024-12-01,97469.6044529515,11.487295859181557,0.010374586977793143
2024-12-02,95726.4417258913,11.469249837353951,-0.018046021827606396
2024-12-03,96010.8774228521,11.47221677051932,0.0029669331653696673
2024-12-04,98920.2528255406,11.502069277490767,0.029852506971446147
2024-12-05,96949.6644117475,11.481947199207845,-0.020122078282922118
2024-12-06,99953.1056580947,11.512456411562823,0.030509212354978388
2024-12-07,99977.7002282291,11.512702442384832,0.00024603082200869153
2024-12-08,100798.98356429,11.520883550880965,0.008181108496133405
2024-12-09,97390.1988597311,11.486480856843817,-0.034402694037147796
2024-12-10,96835.5017387493,11.48076895952652,-0.005711897317297598
2024-12-11,101310.201899766,11.525942394936529,0.04517343541000862
2024-12-12,100090.890479544,11.513833956961818,-0.012108437974710284
2024-12-13,101289.823976914,11.525741230866261,0.011907273904443016
2024-12-14,101366.87166803,11.526501607369816,0.0007603765035550936
2024-12-15,104551.367141146,11.55743378120501,0.03093217383519331
2024-12-16,105855.672229982,11.569831862562136,0.0123980813571265
2024-12-17,106115.910582992,11.572287271728829,0.0024554091666928457
2024-12-18,100469.770656926,11.517612171751715,-0.05467509997711417
2024-12-19,97697.045779661,11.48962659990391,-0.027985571847803925
2024-12-20,97617.4422051432,11.488811467552525,-0.0008151323513860831
2024-12-21,97093.0190832846,11.483424757598975,-0.00538670995354984
2024-12-22,95149.1058252484,11.463200475152533,-0.020224282446442032
2024-12-23,94800.7562060199,11.459532665068048,-0.0036678100844849126
2024-12-24,98637.7330543542,11.499209155562317,0.039676490494269245
2024-12-25,99235.3678869082,11.505249760848875,0.006040605286557366
2024-12-26,95628.3030902981,11.468224112653036,-0.0370256481958382
2024-12-27,94219.9821461134,11.453387562762542,-0.014836549890494766
2024-12-28,95123.5811098773,11.462932178993633,0.009544616231091041
2024-12-29,93457.5783202806,11.445262904515765,-0.017669274477867702
2024-12-30,92523.163085038,11.435214303882873,-0.010048600632892146
2024-12-31,93389.7326016949,11.444536688856221,0.009322384973348363
2025-01-01,94455.7965718878,11.455887242903419,0.011350554047197647
2025-01-02,96851.393682934,11.480933058849663,0.025045815946244332
2025-01-03,98120.6846759205,11.493953476292642,0.013020417442978882
2025-01-04,98230.0478571011,11.495067433863147,0.0011139575705048088
2025-01-05,98414.8120964348,11.49694660114724,0.0018791672840929863
2025-01-06,102179.560366745,11.534486940338295,0.037540339191055594
2025-01-07,96974.9957857978,11.482208448851583,-0.05227849148671204
2025-01-08,95039.2809210988,11.462045568501969,-0.020162880349614554
2025-01-09,92346.1691589714,11.43329950300166,-0.028746065500309115
2025-01-10,94759.1196358854,11.459093367768245,0.025793864766585628
2025-01-11,94606.5080099357,11.457481547704733,-0.0016118200635126811
2025-01-12,94353.7752586207,11.454806563336096,-0.002674984368637112
2025-01-13,94375.7299102864,11.455039220670148,0.00023265733405253286
2025-01-14,96569.475726768,11.478017984001088,0.022978763330939955
2025-01-15,100172.405985096,11.514648040335986,0.03663005633489824
2025-01-16,99977.7298234951,11.512702738403458,-0.0019453019325279541
2025-01-17,104296.588034191,11.554993927454655,0.042291189051196554
2025-01-18,104398.156261251,11.555967293941885,0.0009733664872300096
2025-01-19,100954.572281999,11.522425915256159,-0.03354137868572593
2025-01-20,102588.998699006,11.538485980813892,0.016060065557732983
2025-01-21,105987.888705435,11.571080109070422,0.0325941282565303
2025-01-22,103791.128861485,11.550135782299503,-0.02094432677091973
2025-01-23,104184.616743717,11.553919765384654,0.0037839830851513767
2025-01-24,104716.12488194,11.55900839533397,0.00508862994931647
2025-01-25,104866.085348919,11.560439437524103,0.0014310421901324588
2025-01-26,102833.369273232,11.540865183155992,-0.019574254368111
2025-01-27,101907.44629661,11.531820291090657,-0.009044892065334764
2025-01-28,101138.144066043,11.524242624317724,-0.007577666772933256
2025-01-29,103918.795458796,11.551365060234156,0.027122435916432153
2025-01-30,104987.446410871,11.561596064000328,0.010231003766172364
2025-01-31,102263.043670953,11.535303632233227,-0.02629243176710183
2025-02-01,100610.290439801,11.51900982207053,-0.016293810162697042
2025-02-02,97424.7809000584,11.486835881295564,-0.032173940774965715
2025-02-03,101582.408702221,11.528625656440916,0.04178977514535198
2025-02-04,97848.1497592051,11.491172063695064,-0.037453592745851694
2025-02-05,96559.3327562829,11.477912945601338,-0.013259118093726485
2025-02-06,96541.3006811806,11.477726182100527,-0.00018676350081037185
2025-02-07,96384.1109836353,11.476096643192488,-0.0016295389080394074
2025-02-08,96603.318157218,11.478368369064283,0.0022717258717950273
2025-02-09,96309.7532405026,11.475324872413767,-0.0030434966505161754
2025-02-10,97375.2253535944,11.486327097456321,0.01100222504255477
2025-02-11,95806.2580385739,11.470083285818898,-0.016243811637423278
2025-02-12,97756.4976548802,11.490234947811123,0.020151661992224845
2025-02-13,96534.7406332554,11.477658229102495,-0.012576718708627865
2025-02-14,97414.3589821742,11.486728901579882,0.00907067247738702
2025-02-15,97583.2431767972,11.488461068898657,0.001732167318774458
2025-02-16,96182.2661706604,11.474000276320147,-0.014460792578509185
2025-02-17,95790.5109985389,11.46991890893353,-0.00408136738661824
2025-02-18,95444.031886616,11.466295301129032,-0.003623607804497553
2025-02-19,96647.9132977791,11.478829894106239,0.012534592977207382
2025-02-20,98392.2197247224,11.49671701207613,0.01788711796989162
2025-02-21,96048.9937247224,11.472613691564232,-0.02410332051189812
2025-02-22,96605.7091057861,11.47839311892822,0.005779427363988177
2025-02-23,96091.6329774985,11.47305752537708,-0.005335593551141216
2025-02-24,91869.6543430742,11.42812605080142,-0.044931474575658825
2025-02-25,88769.7356265342,11.393801055873118,-0.0343249949283031
2025-02-26,83987.89564173,11.338427967938905,-0.05537308793421225
2025-02-27,84625.4191364699,11.345989963070492,0.0075619951315868406
2025-02-28,84243.7779114553,11.341469992804342,-0.004519970266150253
2025-03-01,85844.3685628288,11.360291267934477,0.01882127513013465
2025-03-02,94328.0094444769,11.454533449380294,0.09424218144581786
2025-03-03,86315.9305511397,11.365769455066541,-0.08876399431375326
2025-03-04,87323.690650789,11.37737707558368,0.011607620517139594
2025-03-05,90619.4090976038,11.414423697537806,0.03704662195412567
2025-03-06,90222.0693275862,11.41002934716118,-0.004394350376626832
2025-03-07,86553.5921937464,11.368519064003578,-0.04151028315760108
2025-03-08,86171.2789362946,11.36409221013707,-0.004426853866508651
2025-03-09,80647.7964108709,11.29784676031425,-0.06624544982281932
2025-03-10,79005.9601291642,11.277278573276316,-0.020568187037934393
2025-03-11,82747.1601917008,11.32354497472537,0.046266401449054584
2025-03-12,83630.1581101695,11.334159476965313,0.010614502239942425
2025-03-13,81110.2890490941,11.303565100725827,-0.030594376239486465
2025-03-14,84105.8335517241,11.339831208023023,0.03626610729719637
2025-03-15,84352.8773018703,11.342764198854931,0.0029329908319084552
2025-03-16,82492.1028287551,11.32045784445319,-0.022306354401742112
2025-03-17,84013.947518118,11.33873810592438,0.01828026147119033
2025-03-18,82680.8065514319,11.322742768845268,-0.015995337079111493
2025-03-19,86774.23507218,11.371065025619743,0.048322256774474326
2025-03-20,84124.9712878434,11.340058725643475,-0.03100629997626747
2025-03-21,84069.4081800117,11.339398024494855,-0.0006607011486199355
2025-03-22,83821.220305377,11.336441480015141,-0.0029565444797139406
2025-03-23,85760.8814506137,11.359318254360645,0.022876774345503392
2025-03-24,87322.5718568089,11.377364263468907,0.018046009108262595
2025-03-25,87422.8426084161,11.378511884571514,0.0011476211026071326
2025-03-26,86836.6760955582,11.371784347068498,-0.006727537503016023
2025-03-27,87211.3240169492,11.376089464045348,0.0043051169768499875
2025-03-28,84309.0783550555,11.342244829236233,-0.0338446348091157
2025-03-29,82497.1792472238,11.320519380795506,-0.021725448440726325
2025-03-30,82216.4666765049,11.317110885513681,-0.0034084952818247416
2025-03-31,82461.4496279953,11.320086185878322,0.002975300364640887
2025-04-01,85226.7137936879,11.353070205852765,0.03298401997444245
2025-04-02,82555.631296318,11.321227663815291,-0.03184254203747372
2025-04-03,82931.697399474,11.325772625093906,0.004544961278615034
2025-04-04,83774.1797375804,11.335880121302194,0.010107496208288325
2025-04-05,83302.1715756867,11.33022989715111,-0.005650224151084515
2025-04-06,77949.0884926943,11.26381118093063,-0.06641871622048079
2025-04-07,79421.8044105786,11.282528224278304,0.018717043347674434
2025-04-08,76351.4295303916,11.243102033855802,-0.039426190422501506
2025-04-09,82720.6034891876,11.323223985281258,0.08012195142545586
2025-04-10,79558.9558252484,11.284253608513362,-0.03897037676789594
2025-04-11,83359.8995157802,11.330922651561565,0.04666904304820285
2025-04-12,85269.2495119813,11.35356917038367,0.02264651882210522
2025-04-13,83568.9544360023,11.333427371681154,-0.02014179870251631
2025-04-14,84589.0324135009,11.345559896687904,0.012132525006750328
2025-04-15,83671.3439713618,11.33465183192342,-0.010908064764484138
2025-04-16,84151.5357562829,11.340374449675625,0.0057226177522053945
2025-04-17,84940.5838538866,11.349707277564931,0.009332827889306117
2025-04-18,84434.7727463472,11.343734595099917,-0.005972682465014145
2025-04-19,85124.721496201,11.351872771742508,0.008138176642590977
2025-04-20,85101.7461545879,11.351602833206279,-0.00026993853622947483
2025-04-21,87360.7198933372,11.377801031482063,0.02619819827578418
2025-04-22,93495.6106890707,11.445669769672934,0.06786873819087091
2025-04-23,93695.7404772063,11.447808008038534,0.002138238365599676
2025-04-24,93849.8817790766,11.449451782334338,0.0016437742958039792
2025-04-25,94771.4128007014,11.459223090031728,0.009771307697389986
2025-04-26,94694.5111014027,11.458411316579932,-0.0008117734517956166
2025-04-27,93812.876534775,11.4490574020629,-0.009353914517031825
2025-04-28,95066.0211867329,11.462326889070244,0.013269487007343983
2025-04-29,94102.8403024547,11.452143508991005,-0.010183380079238802
2025-04-30,94236.7325143191,11.453565326322519,0.0014218173315132532
2025-05-01,96411.7422635885,11.476383280894254,0.0228179545717353
2025-05-02,96842.1021057861,11.480837117815431,0.004453836921177512
2025-05-03,95943.61135301,11.471515916134258,-0.009321201681173008
2025-05-04,94377.7899196376,11.455061048176761,-0.0164548679574974
2025-05-05,94853.7298594389,11.460091298358465,0.005030250181704332
2025-05-06,96677.9245029223,11.479140366888622,0.019049068530156532
2025-05-07,97137.3757086499,11.483881499976336,0.004741133087714289
2025-05-08,103069.539295733,11.543159178201629,0.05927767822529262
2025-05-09,102940.802949445,11.541909373345792,-0.0012498048558367003
2025-05-10,104582.821806254,11.55773458965248,0.01582521630668765
2025-05-11,103976.137798948,11.551916707556268,-0.005817882096211591
2025-05-12,102920.074689071,11.541707992095679,-0.01020871546058899
2025-05-13,104145.711825248,11.553546272776174,0.011838280680494861
2025-05-14,103572.719642022,11.548029250212982,-0.0055170225631915315
2025-05-15,103716.283947399,11.549414411276478,0.0013851610634958433
2025-05-16,103566.269191116,11.547966968834238,-0.0014474424422399323
2025-05-17,103190.041364991,11.544327628972079,-0.003639339862159474
2025-05-18,106015.689848919,11.571342379583335,0.027014750611256133
2025-05-19,105615.828960257,11.567563534478076,-0.0037788451052591654
2025-05-20,106893.330247516,11.579586702620585,0.012023168142508922
2025-05-21,109704.855619521,11.605548907995889,0.025962205375304137
2025-05-22,111477.014787843,11.621573703230915,0.01602479523502609
2025-05-23,107291.888969901,11.583308333682357,-0.03826536954855797
2025-05-24,107917.328289304,11.589120734175118,0.005812400492761327
2025-05-25,108914.876558445,11.59832190710666,0.00920117293154199
2025-05-26,109371.985172122,11.60251005913942,0.004188152032758907
2025-05-27,109066.345636762,11.599711651610066,-0.0027984075293527866
2025-05-28,107895.402399474,11.588917540509616,-0.010794111100450365
2025-05-29,105732.957892168,11.568671929237722,-0.020245611271894504
2025-05-30,103981.302957919,11.551966382710503,-0.016705546527218118
2025-05-31,104708.964150205,11.55894001067413,0.006973627963626328
2025-06-01,105750.15972443,11.568834607303884,0.00989459662975456
2025-06-02,105899.696926651,11.570247669702976,0.001413062399091558
2025-06-03,105483.98555114,11.56631442465233,-0.003933245050646406
2025-06-04,104782.844900351,11.559645343770862,-0.0066690808814673375
2025-06-05,101669.190496785,11.529479591171855,-0.030165752599007334
2025-06-06,104421.051549094,11.556186577293975,0.026706986122119858
2025-06-07,105685.250402104,11.568220620041048,0.012034042747073315
2025-06-08,105727.739632379,11.568622574820083,0.00040195477903459675
2025-06-09,110198.15871391,11.610035466976152,0.04141289215606925
2025-06-10,110074.119081824,11.608909227701393,-0.0011262392747592997
2025-06-11,108645.785558153,11.595848195775819,-0.01306103192557373
2025-06-12,105998.985830801,11.57118480541448,-0.024663390361338244
2025-06-13,106024.822087376,11.571428516316162,0.00024371090168173737
2025-06-14,105467.108742256,11.566154417813053,-0.00527409850310967
2025-06-15,105512.797437756,11.566587527269222,0.0004331094561695892
2025-06-16,107243.933345997,11.582861269651884,0.016273742382661993
2025-06-17,104628.396527469,11.55817027108772,-0.024690998564164346
2025-06-18,104813.367028638,11.559936590718713,0.001766319630993607
2025-06-19,104709.720767095,11.558947236551708,-0.0009893541670056294
2025-06-20,103274.958839567,11.545150213713127,-0.013797022838581086
2025-06-21,101548.196381648,11.528288805961076,-0.01686140775205125
2025-06-22,100899.234151958,11.521877616143994,-0.006411189817081109
2025-06-23,105496.947495324,11.56643729778606,0.04455968164206503
2025-06-24,105964.065136762,11.570855307474199,0.004418009688139435
2025-06-25,107305.065199591,11.583431133465398,0.012575825991198997
2025-06-26,107012.822824079,11.58070394574124,-0.002727187724158142
2025-06-27,107090.95905114,11.58143383691687,0.0007298911756308257
2025-06-28,107357.617171245,11.583920757205522,0.002486920288651717
2025-06-29,108360.901696376,11.593222617467251,0.009301860261729189
2025-06-30,107153.101135885,11.582013942488372,-0.011208674978879785
2025-07-01,105566.356597896,11.567095006669868,-0.014918935818503343
2025-07-02,108927.13451841,11.598434447014984,0.03133944034511593
2025-07-03,109632.159126826,11.604886033146052,0.006451586131067444
2025-07-04,108081.395758621,11.59063988667561,-0.01424614647044109
2025-07-05,108244.788813852,11.592150504418214,0.001510617742603415
2025-07-06,109180.005545587,11.600753226128814,0.008602721710600392
2025-07-07,108249.401004091,11.59219311239992,-0.008560113728893981
2025-07-08,108956.631703098,11.598705207754803,0.006512095354882064
2025-07-09,111416.806720047,11.621033463318899,0.02232825556409601
2025-07-10,115873.903783752,11.660257842489012,0.03922437917011301
2025-07-11,117618.605087084,11.675202508456154,0.014944665967142612
2025-07-12,117382.372540912,11.673192026388138,-0.0020104820680160174
2025-07-13,118899.737107832,11.686035871640533,0.012843845252394459
2025-07-14,119871.096197838,11.694172246048277,0.008136374407744285
2025-07-15,117710.89100789,11.67598682089525,-0.018185425153026458
2025-07-16,118730.187791642,11.684608868328274,0.008622047433023639
2025-07-17,119501.663770894,11.691085573025768,0.006476704697494284
2025-07-18,117958.511213033,11.678088241732517,-0.01299733129325098
2025-07-19,117908.52473232,11.677664388681064,-0.0004238530514530936
2025-07-20,117305.680953828,11.67253846444775,-0.005125924233313484
2025-07-21,117432.435634717,11.673618431306572,0.0010799668588212796
2025-07-22,120068.00578872,11.695813576147934,0.02219514484136198
2025-07-23,118650.587165693,11.683938210572213,-0.011875365575720664
2025-07-24,118377.081936879,11.681630417973668,-0.0023077925985450776
2025-07-25,117520.17335038,11.674365285917977,-0.007265132055691126
2025-07-26,117983.204598773,11.678297559408666,0.003932273490688587
2025-07-27,119438.164235535,11.690554062332188,0.012256502923522206
2025-07-28,118022.637320281,11.678631726745833,-0.01192233558635536
2025-07-29,117871.370895383,11.677349231723804,-0.0012824950220284848
2025-07-30,117732.643660725,11.676171601105313,-0.0011776306184909657
2025-07-31,115848.339985096,11.660037200755669,-0.016134400349644196
2025-08-01,113282.144336061,11.637636838268698,-0.022400362486971304
2025-08-02,112545.673659264,11.631114406318096,-0.00652243195060187
2025-08-03,114263.693947691,11.646264161072265,0.015149754754169464
2025-08-04,115199.933659264,11.654424451369318,0.008160290297052342
2025-08-05,114111.36101841,11.64493010160683,-0.00949434976248753
2025-08-06,115034.678748977,11.652988916225947,0.008058814619117172
2025-08-07,117444.913924313,11.67372468497157,0.020735768745621996
2025-08-08,116740.687720923,11.667710409788254,-0.006014275183314766
2025-08-09,116511.655739375,11.66574659624832,-0.001963813539934023
2025-08-10,119189.198160275,11.688467410046416,0.022720813798095207
2025-08-11,118742.043048644,11.684708713745735,-0.0037586963006805973
2025-08-12,120154.32493507,11.69653223664719,0.011823522901455163
2025-08-13,123442.67982225,11.723532196314114,0.0269999596669237
2025-08-14,118510.27128083,11.682754913276407,-0.040777283037707335
2025-08-15,117311.209947715,11.672585596552066,-0.010169316724340405
2025-08-16,117462.42684623,11.67387378990709,0.0012881933550232816
2025-08-17,117601.952231888,11.675060914920168,0.001187125013078827
2025-08-18,116312.914397989,11.66403937617666,-0.011021538743507975
2025-08-19,112886.10147543,11.634134637824845,-0.029904738351815396
2025-08-20,114277.320860316,11.646383412425486,0.012248774600641
2025-08-21,112347.102298302,11.629348485543453,-0.01703492688203312
2025-08-22,116800.977035073,11.668226714367586,0.03887822882413339
2025-08-23,115280.444723834,11.655123088436904,-0.013103625930682483
2025-08-24,113516.122474401,11.639700154048308,-0.015422934388595877
2025-08-25,110089.533314144,11.609049252925152,-0.03065090112315616
2025-08-26,111895.295495307,11.625318851372498,0.016269598447346212
2025-08-27,111252.307236061,11.619555939013981,-0.005762912358516559
2025-08-28,112481.152904109,11.630540956850684,0.010985017836702582
2025-08-29,108473.330441642,11.594259619367115,-0.036281337483568876
2025-08-30,108746.150824851,11.596771553610509,0.0025119342433939096
2025-08-31,108316.44689481,11.592812285676885,-0.003959267933623778
2025-09-01,108992.324614863,11.599032742354527,0.006220456677642261
2025-09-02,111140.947159836,11.618554469020344,0.01952172666581653
2025-09-03,111780.743587376,11.624294585041463,0.005740116021119235
2025-09-04,110900.633412981,11.616389884890957,-0.007904700150506372
2025-09-05,110711.229484804,11.614680554245773,-0.0017093306451840817
2025-09-06,110243.650741672,11.610448202006047,-0.004232352239725401
2025-09-07,111307.784421087,11.620054475708155,0.00960627370210787
2025-09-08,112112.311575102,11.627256429747865,0.00720195403970969
2025-09-09,111486.396779836,11.621657860464898,-0.005598569282966537
2025-09-10,113930.748423437,11.643346072822142,0.02168821235724394
2025-09-11,115445.812932648,11.656556546759422,0.013210473937279588
2025-09-12,116149.174031958,11.662630626954657,0.006074080195235254
2025-09-13,115965.627551268,11.661049111965564,-0.0015815149890929803
2025-09-14,115395.933423437,11.656124393470211,-0.00492471849535292
2025-09-15,115420.931814144,11.656341001479154,0.00021660800894274246
2025-09-16,116798.867050906,11.668208649422592,0.011867647943438087
2025-09-17,116575.777628866,11.666296792285763,-0.0019118571368288428
2025-09-18,117014.426762174,11.670052511837982,0.0037557195522186504
2025-09-19,115612.372541695,11.657998258400626,-0.012054253437355555
2025-09-20,115753.165960549,11.659215323285435,0.0012170648848091048
2025-09-21,115320.858829047,11.6554735990802,-0.0037417242052359967
2025-09-22,112727.70773813,11.632730523742685,-0.022743075337514185
2025-09-23,112052.393282022,11.626721838055161,-0.006008685687524107
2025-09-24,113324.623592192,11.638011754313942,0.011289916258780508
2025-09-25,109166.347974874,11.60062812607094,-0.0373836282430009
2025-09-26,109669.102166861,11.60522294904126,0.004594822970318546
2025-09-27,109644.73069287,11.605000696994741,-0.0002222520465178235
2025-09-28,112170.00778609,11.627770926052568,0.02277022905782644
2025-09-29,114341.141435418,11.646941727586203,0.01917080153363493
2025-09-30,113971.742796902,11.643705826449123,-0.003235901137079722
2025-10-01,118393.270386324,11.68176716186336,0.03806133541423762
2025-10-02,120558.594007013,11.699891171047677,0.01812400918431578
2025-10-03,122348.127640269,11.714625765445744,0.014734594398067458
2025-10-04,122379.744317651,11.714884147764888,0.00025838231914399046
2025-10-05,123523.768313852,11.7241888725155,0.009304724750611726
2025-10-06,124824.453666861,11.73466365856661,0.01047478605111074
2025-10-07,121587.699236704,11.708391085804534,-0.026272572762076507
2025-10-08,123390.353094682,11.723108211503543,0.014717125699009515
2025-10-09,121603.33278609,11.708519655918963,-0.014588555584580831
2025-10-10,113754.852328171,11.641800993733453,-0.06671866218550981
2025-10-11,110940.113648159,11.616745818019725,-0.025055175713728062
2025-10-12,115152.917045003,11.654016237494211,0.037270419474486616
2025-10-13,115332.252929573,11.655572397665212,0.0015561601710007977
2025-10-14,113327.079410286,11.638033424727723,-0.01753897293748885
2025-10-15,110862.872485389,11.616049333565309,-0.021984091162414288
2025-10-16,108135.049605786,11.591136184246093,-0.024913149319216288
2025-10-17,106625.668651373,11.57707955583057,-0.014056628415522354
2025-10-18,107143.913935126,11.581928199803047,0.0048486439724761965
2025-10-19,108706.663763881,11.596408375405815,0.014480175602768597
2025-10-20,110640.249515488,11.614039221537544,0.017630846131728717
2025-10-21,108700.382071888,11.596350588023896,-0.017688633513648355
2025-10-22,107667.630188486,11.586804262615706,-0.00954632540818956
2025-10-23,110060.936797195,11.608789462272918,0.021985199657212462
2025-10-24,111024.94314699,11.617510168086225,0.00872070581330675
2025-10-25,111614.535857686,11.622806570068445,0.0052964019822194786
2025-10-26,114557.100460549,11.64882867164851,0.02602210158006457
2025-10-27,114087.773805085,11.644723376779172,-0.004105294869336973
2025-10-28,112980.685846289,11.63497216137144,-0.009751215407732161
2025-10-29,110206.347983051,11.610109778243807,-0.024862383127633336
2025-10-30,108019.723841905,11.59006911759765,-0.020040660646156283
2025-10-31,109554.239627703,11.604175044664576,0.014105927066925261
2025-11-01,110005.295855348,11.60828378775519,0.004108743090613487
2025-11-02,110389.168627119,11.611767297750403,0.0034835099952132964
2025-11-03,106495.802789889,11.575860852931429,-0.035906444818973426
2025-11-04,101349.73723232,11.526332559201107,-0.049528293730322304
2025-11-05,103915.88479135,11.551337050785081,0.025004491583974442
2025-11-06,101241.573677966,11.525264758571895,-0.026072292213186188
2025-11-07,103428.471746932,11.546635558539318,0.021370799967423082
2025-11-08,102335.021439217,11.536007233913866,-0.010628324625452379
2025-11-09,104685.54544097,11.558716330412613,0.022709096498747527
2025-11-10,106082.478156926,11.571972166354644,0.013255835942031169
2025-11-11,102974.405611631,11.542235747125748,-0.029736419228896693
2025-11-12,101682.126652835,11.529606820798383,-0.012628926327364454
2025-11-13,100035.310145237,11.513278504096952,-0.016328316701430978
2025-11-14,94502.5476025716,11.456382071875824,-0.05689643222112828
2025-11-15,95541.3158389831,11.467314059499133,0.010931987623308714
2025-11-16,94182.3130996493,11.452987683908445,-0.014326375590687945
2025-11-17,91911.4713471654,11.428581124788543,-0.024406559119901416
2025-11-18,92836.4419111631,11.438594534698796,0.010013409910252236
2025-11-19,91320.4811332554,11.422130369281357,-0.016464165417438892
2025-11-20,86911.2980590298,11.372643314989396,-0.04948705429196032
2025-11-21,84948.0463205727,11.349795128843539,-0.022848186145857596
2025-11-22,84775.0015452952,11.347755985222033,-0.0020391436215057013
2025-11-23,86872.4546630625,11.372196283595427,0.024440298373393787
2025-11-24,88377.6024421391,11.389373850483986,0.017177566888559426
2025-11-25,87434.550610754,11.378645799439395,-0.01072805104459107
2025-11-26,90449.2770675044,11.412544498171316,0.03389869873192097
2025-11-27,91336.2000452952,11.42230248356677,0.009757985395454583
2025-11-28,90990.1266104617,11.418506280826433,-0.003796202740337762
2025-11-29,90842.0738243717,11.416877825377354,-0.0016284554490795244
2025-11-30,90607.7021513735,11.414294501126012,-0.0025833242513417787
2025-12-01,86504.6368156049,11.367953296287965,-0.046341204838046934
2025-12-02,91528.0245809468,11.424400483942788,0.056447187654823594
2025-12-03,93609.0938658679,11.4468828144329,0.022482330490111835
2025-12-04,92205.5929544126,11.43177606881564,-0.015106745617259776
2025-12-05,89279.8344634717,11.399530923485639,-0.03224514533000189
2025-12-06,89169.5570610754,11.398294971762942,-0.0012359517226965266
2025-12-07,90067.847399474,11.408318525296838,0.01002355353389639
2025-12-08,90673.1444436003,11.415016500126997,0.0066979748301587705
2025-12-09,92808.8518477498,11.438297300515716,0.023280800388718603
2025-12-10,92102.9300917592,11.430662035980108,-0.007635264535608144
2025-12-11,92623.7198708358,11.436300541945105,0.005638505964997265
2025-12-12,90331.6083091759,11.41124271480301,-0.02505782714209559
2025-12-13,90245.267264173,11.410286434533916,-0.0009562802690936678
2025-12-14,88096.3826142607,11.386186751084246,-0.02409968344966984
2025-12-15,86352.5802565751,11.366193964501576,-0.019992786582669453
2025-12-16,87752.4290336061,11.38227482223965,0.016080857738073107
2025-12-17,86059.5522241379,11.36279480331303,-0.01948001892661999
2025-12-18,85434.1928673291,11.355501684507368,-0.007293118805661081
2025-12-19,88168.0738325541,11.387000201778637,0.03149851727126851
2025-12-20,88292.4536373466,11.388409920169194,0.0014097183905565913
2025-12-21,88533.4309830508,11.391135510886905,0.002725590717711057
2025-12-22,88474.4622331969,11.39046922701714,-0.0006662838697639728
2025-12-23,87365.9937872589,11.3778613988273,-0.012607828189841186
2025-12-24,87625.6707895967,11.380829279538366,0.002967880711066684
2025-12-25,87231.3047685564,11.376318545111527,-0.004510734426839136
2025-12-26,87334.8077808299,11.37750437691921,0.0011858318076836127
2025-12-27,87695.4159076564,11.381624906841992,0.004120529922781557
2025-12-28,87747.6491548802,11.38222035071147,0.000595443869478629
2025-12-29,87133.5103991818,11.375196823627354,-0.0070235270841170205
2025-12-30,88428.4922735243,11.389949507481246,0.014752683853892279
2025-12-31,87516.9780376972,11.379588088239945,-0.010361419241300851
2026-01-01,88684.2178474576,11.39283722515509,0.013249136915144177
2026-01-02,89940.1801671537,11.406900063515417,0.014062838360327845
2026-01-03,90598.1301832262,11.414188853663864,0.007288790148447077
2026-01-04,91359.7636823495,11.422560438222192,0.008371584558327427
2026-01-05,93948.5821794272,11.450502913502907,0.027942475280715584
2026-01-06,93574.2871122151,11.446510914386304,-0.0039919991166037505
2026-01-07,91208.9562606663,11.420908375853234,-0.02560253853306982
2026-01-08,91096.9161554647,11.419679231472722,-0.001229144380511471
2026-01-09,90539.6032288136,11.41354263870526,-0.0061365927674614795
2026-01-10,90406.1424114553,11.412067491101345,-0.0014751476039158717
2026-01-11,90717.2063153127,11.41550232390312,0.00343483280177459
2026-01-12,91141.1498489188,11.420164681031013,0.004662357127893202
2026-01-13,95304.4982942724,11.464832289937286,0.044667608906273415
2026-01-14,97043.9927258913,11.482919687927009,0.018087397989722476
2026-01-15,95546.1397381648,11.467364548414464,-0.015555139512544613
2026-01-16,95489.1299602572,11.466767697584876,-0.000596850829587936
2026-01-17,95106.980462595,11.462757647128855,-0.004010050456020764
2026-01-18,94261.3294313267,11.453826304253997,-0.008931342874857862
2026-01-19,92526.2419643483,11.43524758017803,-0.018578724075966946
2026-01-20,88236.5631922852,11.38777670475869,-0.04747087541934114
2026-01-21,89599.361874927,11.403103477006042,0.015326772247352238
2026-01-22,89395.700735827,11.400827869801958,-0.002275607204083485
2026-01-23,89439.7718909994,11.401320737971982,0.0004928681700242521
2026-01-24,89185.0386990064,11.398468576910641,-0.0028521610613410076
2026-01-25,86445.6705926359,11.367271409957292,-0.03119716695334951
2026-01-26,88337.4545511397,11.388919470507846,0.021648060550553794
2026-01-27,89260.3805397429,11.399313001447116,0.01039353093926998
2026-01-28,89177.7892507306,11.398387288131325,-0.0009257133157909436
2026-01-29,84520.3973106371,11.344748172507362,-0.0536391156239624
2026-01-30,84017.0340292227,11.338774843329311,-0.005973329178051046
2026-01-31,78702.38550263,11.273428745288301,-0.06534609804100988
2026-02-01,76911.0523772648,11.250404869188076,-0.023023876100225493
2026-02-02,78716.6018088837,11.273609362716162,0.023204493528085735
2026-02-03,75684.7660277616,11.234332177796784,-0.03927718491937782
2026-02-04,73095.1914646406,11.19951786333678,-0.034814314460003715
2026-02-05,63494.6884456458,11.058711534856954,-0.140806328479826
2026-02-06,70647.6982188778,11.165460807523585,0.10674927266663126
2026-02-07,69166.2594424313,11.144268442388142,-0.02119236513544287
2026-02-08,70522.5892393337,11.163688352220841,0.019419909832699034
2026-02-09,70244.1017773232,11.159731623205964,-0.003956729014877425
2026-02-10,68688.793113384,11.137341337005298,-0.02239028620066641
2026-02-11,66989.7165920514,11.11229440289255,-0.02504693411274772
2026-02-12,66221.5443115137,11.100761131752197,-0.011533271140352852
2026-02-13,68860.8411633548,11.139842952376354,0.03908182062415655
2026-02-14,69798.0791253653,11.153361768677883,0.013518816301528958
2026-02-15,68629.9599760374,11.136484452717859,-0.01687731596002351
2026-02-16,68747.4380286383,11.13819474979647,0.001710297078611589
2026-02-17,67471.0508465809,11.119453908519908,-0.018740841276562392
2026-02-18,66380.7069611339,11.103161735430177,-0.016292173089730966
2026-02-19,66932.3522118644,11.111437719834893,0.00827598440471533
2026-02-20,67977.3092612507,11.126929241137688,0.015491521302795519
2026-02-21,68020.6677612507,11.127566875644,0.0006376345063117128
2026-02-22,67550.0240768556,11.120623699818417,-0.0069431758255831255
2026-02-23,64689.9123308007,11.077360553816842,-0.04326314600157488
2026-02-24,64123.7510780245,11.068570105917313,-0.00879044789952843
2026-02-25,68038.5221794272,11.127829326394835,0.059259220477521524
2026-02-26,67519.2645292227,11.120168236574594,-0.0076610898202407185
2026-02-27,65864.1358170661,11.095349351059612,-0.024818885514982014
2026-02-28,66965.6353091759,11.111934860958716,0.016585509899103457
2026-03-01,65733.5212597896,11.093364291400224,-0.018570569558491457
2026-03-02,68922.6242974869,11.140739767361612,0.04737547596138825
2026-03-03,68431.1740306838,11.1335837604658,-0.007156006895812084
2026-03-04,72667.4630575687,11.193649012550887,0.06006525208508684
2026-03-05,70987.427176505,11.170258058321524,-0.023390954229363103
2026-03-06,68226.7053927528,11.130591341859994,-0.03966671646153053
2026-03-07,67315.5529135009,11.117146587202686,-0.0134447546573071
2026-03-08,66202.6978731736,11.100476494465905,-0.016670092736781328
2026-03-09,68528.5384699007,11.135005557486853,0.034529063020947603
2026-03-10,69891.8238576856,11.154703952248656,0.019698394761803684
2026-03-11,70298.5753530099,11.160506812344622,0.005802860095965201
2026-03-12,70538.1074623027,11.163908374146075,0.0034015618014535676
2026-03-13,70930.0132793688,11.169448941414059,0.005540567267983576
2026-03-14,71136.2179199299,11.172351880186046,0.002902938771986996
2026-03-15,72712.1461957919,11.194263722410952,0.021911842224906053
2026-03-16,74723.9575534775,11.221556036616256,0.027292314205304535
2026-03-17,74086.013609585,11.212982043260586,-0.008573993355669884
2026-03-18,71253.9579275278,11.1740056464481,-0.03897639681248677
2026-03-19,69948.9048267095,11.155520323455116,-0.018485322992983555
2026-03-20,70510.4196797194,11.16351577475493,0.007995451299814604
2026-03-21,69707.285009059,11.152060110785527,-0.011455663969403673
2026-03-22,68018.1534815897,11.127529911494527,-0.024530199291000088
2026-03-23,70726.2110461718,11.166571519334184,0.03904160783965693
2026-03-24,70610.0187121566,11.164927321517531,-0.0016441978166525928
2026-03-25,71281.2973921683,11.17438926332821,0.009461941810679164
2026-03-26,68722.9718366452,11.137838801308714,-0.03655046201949652
2026-03-27,66214.1715134424,11.100649790215167,-0.03718901109354711
2026-03-28,66351.0725251315,11.10271520428881,0.0020654140736429127
2026-03-29,65966.7523939217,11.096906142475847,-0.0058090618129629235
2026-03-30,66651.2320037989,11.107228810114169,0.010322667638321903
2026-03-31,68214.8680388662,11.130417826506593,0.023189016392423767
2026-04-01,68116.8167933957,11.128979404286587,-0.001438422220005009
2026-04-02,66908.3179918177,11.111078573093197,-0.017900831193390587
2026-04-03,66891.7422279369,11.110830803937661,-0.0002477691555355932
2026-04-04,67295.1309137931,11.116843164037691,0.006012360100029923
2026-04-05,68921.8060911748,11.140727895916248,0.023884731878556664
2026-04-06,68742.9133085915,11.138128931068037,-0.002598964848210983
2026-04-07,72057.1243614845,11.185214477337126,0.04708554626908956
2026-04-08,71085.0583702513,11.17163244420263,-0.013582033134497351
2026-04-09,71788.6797825833,11.18148207941095,0.009849635208320606
2026-04-10,72945.0707241379,11.197461981059819,0.015979901648869088
2026-04-11,73119.1091168907,11.199845022203846,0.002383041144026876
2026-04-12,70685.3697019287,11.165993895561611,-0.033851126642234775
2026-04-13,74632.7455856224,11.220334638750913,0.05434074318930193
2026-04-14,74173.5083603156,11.214162335220594,-0.006172303530318501
2026-04-15,74761.964654588,11.22206454071307,0.007902205492476
2026-04-16,75095.7442159556,11.226519167916901,0.004454627203831052
2026-04-17,77114.481438048,11.253046368607425,0.0265272006905235
2026-04-18,75792.0637510228,11.23574886629447,-0.017297502312954904
2026-04-19,73905.2041016949,11.210538525318768,-0.025210340975702294
2026-04-20,75814.1453237873,11.236040167990561,0.025501642671793334
2026-04-21,76107.4432977791,11.239901348498798,0.0038611805082364725
2026-04-22,78317.7422720631,11.2685294498234,0.02862810132460325
2026-04-23,78233.6837492694,11.267455572273919,-0.0010738775494818498
2026-04-24,77444.269277031,11.257313850557798,-0.0101417217161206
2026-04-25,77624.7114821742,11.259641102413081,0.002327251855282597
2026-04-26,78538.7733573933,11.271347709947818,0.011706607534737401
2026-04-27,77256.297159848,11.254883708070029,-0.016464001877789514
2026-04-28,76295.531117183,11.242369645664512,-0.012514062405516668
2026-04-29,75795.0098530099,11.235787736389623,-0.006581909274888886
2026-04-30,76299.6161285798,11.24242318617968,0.006635449790056924
2026-05-01,78132.6437852133,11.266163222703367,0.02374003652368728
2026-05-02,78712.5387317358,11.27355774486276,0.007394522159392736
2026-05-03,78649.1732893045,11.272752397169953,-0.0008053476928076009
2026-05-04,79826.107817066,11.28760589555829,0.014853498388337272
2026-05-05,80936.7548252484,11.301423324041313,0.013817428483022809
2026-05-06,81364.6201285798,11.306695815351311,0.005272491309998628
2026-05-07,79988.9987343659,11.289644388379426,-0.017051426971885775
2026-05-08,80179.6922957335,11.292025548520558,0.0023811601411320993
2026-05-09,80663.6296519579,11.298043066819304,0.006017518298746083
2026-05-10,82256.781137931,11.317601110675149,0.019558043855845142
2026-05-11,81714.7420499708,11.310989705818644,-0.006611404856505132
2026-05-12,80525.563024547,11.296329966097304,-0.01465973972134016
2026-05-13,79291.9110017534,11.280891397398047,-0.015438568699256194
2026-05-14,81175.8271116306,11.304372786160043,0.023481388761995348
2026-05-15,79063.4145756868,11.278005525592793,-0.026367260567250028
2026-05-16,78164.4952711864,11.26657079876786,-0.011434726824932184
2026-05-17,77497.697113384,11.258003500233936,-0.008567298533924017
2026-05-18,76975.9111998831,11.251247810330732,-0.006755689903204853
2026-05-19,76807.460956166,11.24905706228396,-0.0021907480467717733
2026-05-20,77408.1722089421,11.25684763809907,0.007790575815109335
2026-05-21,77595.3861717446,11.259263247854017,0.0024156097549479227
2026-05-22,75567.5430431093,11.232782145154738,-0.026481102699278836
2026-05-23,76619.8666090415,11.246611677311353,0.013829532156615088
